time_ns,helix_pct,sheet_pct,coil_pct
0.0,29.059829059829063,31.62393162393162,39.31623931623932
0.06395395395395395,28.205128205128204,32.193732193732195,39.6011396011396
0.1279079079079079,29.34472934472934,31.62393162393162,39.03133903133903
0.19186186186186185,27.350427350427353,31.62393162393162,41.02564102564102
0.2558158158158158,28.205128205128204,31.908831908831907,39.88603988603989
0.3197697697697698,29.059829059829063,31.908831908831907,39.03133903133903
0.3837237237237237,29.914529914529915,31.339031339031337,38.74643874643874
0.44767767767767763,30.1994301994302,31.62393162393162,38.17663817663818
0.5116316316316316,29.629629629629626,31.339031339031337,39.03133903133903
0.5755855855855856,29.059829059829063,31.908831908831907,39.03133903133903
0.6395395395395396,30.76923076923077,31.62393162393162,37.60683760683761
0.7034934934934934,31.908831908831907,32.47863247863248,35.61253561253561
0.7674474474474474,28.49002849002849,32.763532763532766,38.74643874643874
0.8314014014014014,30.484330484330485,32.47863247863248,37.03703703703704
0.8953553553553553,27.635327635327634,32.47863247863248,39.88603988603989
0.9593093093093092,29.34472934472934,31.908831908831907,38.74643874643874
1.0232632632632632,30.76923076923077,32.47863247863248,36.75213675213676
1.0872172172172172,28.49002849002849,32.763532763532766,38.74643874643874
1.1511711711711712,27.635327635327634,32.47863247863248,39.88603988603989
1.2151251251251252,29.34472934472934,33.04843304843305,37.60683760683761
1.2790790790790791,29.34472934472934,30.76923076923077,39.88603988603989
1.343033033033033,29.059829059829063,32.193732193732195,38.74643874643874
1.4069869869869869,28.49002849002849,30.1994301994302,41.31054131054131
1.4709409409409409,29.34472934472934,30.1994301994302,40.45584045584046
1.5348948948948948,28.205128205128204,31.62393162393162,40.17094017094017
1.5988488488488488,28.774928774928775,32.47863247863248,38.74643874643874
1.6628028028028028,30.1994301994302,31.62393162393162,38.17663817663818
1.7267567567567568,27.635327635327634,31.62393162393162,40.74074074074074
1.7907107107107105,30.1994301994302,31.62393162393162,38.17663817663818
1.8546646646646645,27.92022792022792,31.908831908831907,40.17094017094017
1.9186186186186185,28.49002849002849,31.908831908831907,39.6011396011396
1.9825725725725725,31.054131054131055,31.908831908831907,37.03703703703704
2.0465265265265264,28.205128205128204,31.908831908831907,39.88603988603989
2.11048048048048,30.484330484330485,31.62393162393162,37.89173789173789
2.1744344344344344,29.629629629629626,31.908831908831907,38.46153846153847
2.238388388388388,29.34472934472934,31.62393162393162,39.03133903133903
2.3023423423423424,30.1994301994302,31.908831908831907,37.89173789173789
2.366296296296296,26.780626780626783,31.908831908831907,41.31054131054131
2.4302502502502503,28.49002849002849,32.193732193732195,39.31623931623932
2.494204204204204,29.629629629629626,31.908831908831907,38.46153846153847
2.5581581581581583,27.635327635327634,31.908831908831907,40.45584045584046
2.622112112112112,27.350427350427353,31.62393162393162,41.02564102564102
2.686066066066066,27.065527065527068,31.62393162393162,41.31054131054131
2.75002002002002,28.49002849002849,30.1994301994302,41.31054131054131
2.8139739739739738,28.205128205128204,30.1994301994302,41.5954415954416
2.877927927927928,27.350427350427353,30.76923076923077,41.88034188034188
2.9418818818818817,27.065527065527068,31.908831908831907,41.02564102564102
3.005835835835836,27.350427350427353,30.1994301994302,42.45014245014245
3.0697897897897897,27.635327635327634,28.774928774928775,43.58974358974359
3.1337437437437434,28.49002849002849,28.49002849002849,43.01994301994302
3.1976976976976976,28.205128205128204,29.629629629629626,42.16524216524217
3.2616516516516514,28.49002849002849,30.76923076923077,40.74074074074074
3.3256056056056056,27.350427350427353,30.76923076923077,41.88034188034188
3.3895595595595593,29.34472934472934,29.629629629629626,41.02564102564102
3.4535135135135135,27.350427350427353,30.1994301994302,42.45014245014245
3.5174674674674673,28.205128205128204,30.1994301994302,41.5954415954416
3.581421421421421,28.49002849002849,30.1994301994302,41.31054131054131
3.6453753753753753,30.1994301994302,29.914529914529915,39.88603988603989
3.709329329329329,27.350427350427353,29.34472934472934,43.3048433048433
3.773283283283283,29.059829059829063,30.484330484330485,40.45584045584046
3.837237237237237,27.350427350427353,30.76923076923077,41.88034188034188
3.901191191191191,29.914529914529915,30.484330484330485,39.6011396011396
3.965145145145145,28.49002849002849,29.914529914529915,41.5954415954416
4.029099099099099,27.350427350427353,31.908831908831907,40.74074074074074
4.093053053053053,28.205128205128204,29.059829059829063,42.73504273504273
4.157007007007007,28.205128205128204,30.1994301994302,41.5954415954416
4.22096096096096,27.635327635327634,30.1994301994302,42.16524216524217
4.284914914914915,27.635327635327634,31.62393162393162,40.74074074074074
4.348868868868869,30.484330484330485,29.059829059829063,40.45584045584046
4.412822822822823,29.914529914529915,29.914529914529915,40.17094017094017
4.476776776776776,27.635327635327634,32.193732193732195,40.17094017094017
4.540730730730731,27.350427350427353,31.339031339031337,41.31054131054131
4.604684684684685,28.205128205128204,32.47863247863248,39.31623931623932
4.6686386386386385,28.205128205128204,32.193732193732195,39.6011396011396
4.732592592592592,28.774928774928775,29.914529914529915,41.31054131054131
4.796546546546546,26.21082621082621,31.908831908831907,41.88034188034188
4.860500500500501,26.495726495726498,30.76923076923077,42.73504273504273
4.924454454454454,28.205128205128204,31.908831908831907,39.88603988603989
4.988408408408408,29.34472934472934,27.635327635327634,43.01994301994302
5.052362362362362,28.774928774928775,31.908831908831907,39.31623931623932
5.116316316316317,30.76923076923077,30.76923076923077,38.46153846153847
5.18027027027027,28.49002849002849,30.76923076923077,40.74074074074074
5.244224224224224,27.065527065527068,31.054131054131055,41.88034188034188
5.308178178178178,26.780626780626783,30.1994301994302,43.01994301994302
5.372132132132132,27.635327635327634,30.76923076923077,41.5954415954416
5.436086086086086,30.1994301994302,30.484330484330485,39.31623931623932
5.50004004004004,29.059829059829063,29.629629629629626,41.31054131054131
5.563993993993994,29.059829059829063,29.914529914529915,41.02564102564102
5.6279479479479475,31.054131054131055,29.629629629629626,39.31623931623932
5.691901901901901,29.34472934472934,29.914529914529915,40.74074074074074
5.755855855855856,28.49002849002849,29.34472934472934,42.16524216524217
5.81980980980981,29.914529914529915,32.193732193732195,37.89173789173789
5.883763763763763,30.484330484330485,34.18803418803419,35.32763532763533
5.947717717717717,28.49002849002849,30.1994301994302,41.31054131054131
6.011671671671672,28.49002849002849,29.34472934472934,42.16524216524217
6.075625625625626,29.059829059829063,30.484330484330485,40.45584045584046
6.139579579579579,29.059829059829063,29.914529914529915,41.02564102564102
6.203533533533533,28.49002849002849,29.34472934472934,42.16524216524217
6.267487487487487,29.34472934472934,32.193732193732195,38.46153846153847
6.3314414414414415,29.629629629629626,29.629629629629626,40.74074074074074
6.395395395395395,29.914529914529915,28.49002849002849,41.5954415954416
6.459349349349349,27.065527065527068,30.484330484330485,42.45014245014245
6.523303303303303,28.205128205128204,30.76923076923077,41.02564102564102
6.587257257257257,29.629629629629626,30.484330484330485,39.88603988603989
6.651211211211211,28.774928774928775,30.484330484330485,40.74074074074074
6.715165165165165,28.49002849002849,29.914529914529915,41.5954415954416
6.779119119119119,29.34472934472934,29.914529914529915,40.74074074074074
6.843073073073072,31.62393162393162,31.339031339031337,37.03703703703704
6.907027027027027,28.205128205128204,29.34472934472934,42.45014245014245
6.970980980980981,27.350427350427353,29.629629629629626,43.01994301994302
7.034934934934935,26.780626780626783,30.484330484330485,42.73504273504273
7.098888888888888,27.350427350427353,29.914529914529915,42.73504273504273
7.162842842842842,28.205128205128204,29.34472934472934,42.45014245014245
7.226796796796797,28.205128205128204,30.1994301994302,41.5954415954416
7.2907507507507505,28.774928774928775,30.1994301994302,41.02564102564102
7.354704704704704,27.635327635327634,30.1994301994302,42.16524216524217
7.418658658658658,28.205128205128204,29.629629629629626,42.16524216524217
7.482612612612613,31.62393162393162,30.1994301994302,38.17663817663818
7.546566566566566,28.774928774928775,30.1994301994302,41.02564102564102
7.61052052052052,29.34472934472934,27.92022792022792,42.73504273504273
7.674474474474474,30.76923076923077,29.629629629629626,39.6011396011396
7.738428428428428,29.914529914529915,28.205128205128204,41.88034188034188
7.802382382382382,30.1994301994302,28.205128205128204,41.5954415954416
7.866336336336336,29.914529914529915,29.059829059829063,41.02564102564102
7.93029029029029,29.629629629629626,29.629629629629626,40.74074074074074
7.994244244244244,28.774928774928775,29.059829059829063,42.16524216524217
8.058198198198198,29.629629629629626,29.629629629629626,40.74074074074074
8.122152152152152,30.484330484330485,30.1994301994302,39.31623931623932
8.186106106106106,28.205128205128204,29.34472934472934,42.45014245014245
8.25006006006006,30.484330484330485,29.059829059829063,40.45584045584046
8.314014014014013,30.1994301994302,29.629629629629626,40.17094017094017
8.377967967967967,28.774928774928775,28.49002849002849,42.73504273504273
8.44192192192192,31.339031339031337,29.059829059829063,39.6011396011396
8.505875875875876,29.629629629629626,28.774928774928775,41.5954415954416
8.56982982982983,29.629629629629626,29.059829059829063,41.31054131054131
8.633783783783784,30.484330484330485,30.1994301994302,39.31623931623932
8.697737737737738,28.774928774928775,29.629629629629626,41.5954415954416
8.761691691691691,29.34472934472934,30.1994301994302,40.45584045584046
8.825645645645645,28.774928774928775,30.76923076923077,40.45584045584046
8.889599599599599,30.1994301994302,31.054131054131055,38.74643874643874
8.953553553553553,29.34472934472934,29.914529914529915,40.74074074074074
9.017507507507506,30.484330484330485,31.62393162393162,37.89173789173789
9.081461461461462,29.914529914529915,29.914529914529915,40.17094017094017
9.145415415415416,29.059829059829063,29.914529914529915,41.02564102564102
9.20936936936937,29.629629629629626,29.629629629629626,40.74074074074074
9.273323323323323,29.629629629629626,29.914529914529915,40.45584045584046
9.337277277277277,29.629629629629626,30.484330484330485,39.88603988603989
9.40123123123123,29.914529914529915,29.34472934472934,40.74074074074074
9.465185185185184,30.1994301994302,29.914529914529915,39.88603988603989
9.529139139139138,29.629629629629626,29.629629629629626,40.74074074074074
9.593093093093092,29.629629629629626,31.339031339031337,39.03133903133903
9.657047047047048,29.34472934472934,30.484330484330485,40.17094017094017
9.721001001001001,29.34472934472934,29.629629629629626,41.02564102564102
9.784954954954955,28.205128205128204,29.34472934472934,42.45014245014245
9.848908908908909,29.914529914529915,30.484330484330485,39.6011396011396
9.912862862862863,27.350427350427353,30.76923076923077,41.88034188034188
9.976816816816816,29.914529914529915,29.914529914529915,40.17094017094017
10.04077077077077,27.065527065527068,29.914529914529915,43.01994301994302
10.104724724724724,29.914529914529915,29.629629629629626,40.45584045584046
10.168678678678678,31.339031339031337,30.1994301994302,38.46153846153847
10.232632632632633,30.1994301994302,29.914529914529915,39.88603988603989
10.296586586586587,29.629629629629626,29.059829059829063,41.31054131054131
10.36054054054054,31.054131054131055,29.629629629629626,39.31623931623932
10.424494494494494,30.484330484330485,30.1994301994302,39.31623931623932
10.488448448448448,30.1994301994302,29.629629629629626,40.17094017094017
10.552402402402402,29.059829059829063,29.059829059829063,41.88034188034188
10.616356356356356,30.1994301994302,29.629629629629626,40.17094017094017
10.68031031031031,27.92022792022792,29.914529914529915,42.16524216524217
10.744264264264263,27.350427350427353,30.484330484330485,42.16524216524217
10.808218218218217,27.92022792022792,31.339031339031337,40.74074074074074
10.872172172172172,29.059829059829063,31.054131054131055,39.88603988603989
10.936126126126126,29.34472934472934,30.1994301994302,40.45584045584046
11.00008008008008,30.484330484330485,28.205128205128204,41.31054131054131
11.064034034034034,30.484330484330485,30.484330484330485,39.03133903133903
11.127987987987987,31.054131054131055,30.1994301994302,38.74643874643874
11.191941941941941,29.914529914529915,29.34472934472934,40.74074074074074
11.255895895895895,31.339031339031337,28.205128205128204,40.45584045584046
11.319849849849849,29.629629629629626,30.484330484330485,39.88603988603989
11.383803803803803,28.49002849002849,30.1994301994302,41.31054131054131
11.447757757757758,30.1994301994302,29.34472934472934,40.45584045584046
11.511711711711712,28.49002849002849,29.059829059829063,42.45014245014245
11.575665665665666,29.629629629629626,29.914529914529915,40.45584045584046
11.63961961961962,29.914529914529915,30.1994301994302,39.88603988603989
11.703573573573573,29.914529914529915,29.059829059829063,41.02564102564102
11.767527527527527,30.1994301994302,29.34472934472934,40.45584045584046
11.83148148148148,28.774928774928775,28.49002849002849,42.73504273504273
11.895435435435434,28.49002849002849,31.908831908831907,39.6011396011396
11.959389389389388,29.059829059829063,29.914529914529915,41.02564102564102
12.023343343343344,29.629629629629626,30.1994301994302,40.17094017094017
12.087297297297297,27.635327635327634,30.76923076923077,41.5954415954416
12.151251251251251,30.484330484330485,29.629629629629626,39.88603988603989
12.215205205205205,30.1994301994302,30.484330484330485,39.31623931623932
12.279159159159159,28.49002849002849,29.914529914529915,41.5954415954416
12.343113113113112,30.76923076923077,29.629629629629626,39.6011396011396
12.407067067067066,29.914529914529915,30.1994301994302,39.88603988603989
12.47102102102102,30.1994301994302,30.1994301994302,39.6011396011396
12.534974974974974,29.914529914529915,29.34472934472934,40.74074074074074
12.59892892892893,31.908831908831907,29.629629629629626,38.46153846153847
12.662882882882883,31.908831908831907,29.34472934472934,38.74643874643874
12.726836836836837,29.34472934472934,29.059829059829063,41.5954415954416
12.79079079079079,29.629629629629626,29.629629629629626,40.74074074074074
12.854744744744744,30.484330484330485,29.629629629629626,39.88603988603989
12.918698698698698,29.34472934472934,29.059829059829063,41.5954415954416
12.982652652652652,30.484330484330485,28.774928774928775,40.74074074074074
13.046606606606606,29.34472934472934,28.49002849002849,42.16524216524217
13.11056056056056,30.76923076923077,28.49002849002849,40.74074074074074
13.174514514514515,31.908831908831907,30.1994301994302,37.89173789173789
13.238468468468469,28.49002849002849,30.1994301994302,41.31054131054131
13.302422422422422,31.62393162393162,29.34472934472934,39.03133903133903
13.366376376376376,31.054131054131055,29.34472934472934,39.6011396011396
13.43033033033033,29.914529914529915,30.1994301994302,39.88603988603989
13.494284284284284,30.484330484330485,28.774928774928775,40.74074074074074
13.558238238238237,28.205128205128204,28.774928774928775,43.01994301994302
13.622192192192191,28.774928774928775,29.914529914529915,41.31054131054131
13.686146146146145,29.914529914529915,29.34472934472934,40.74074074074074
13.7501001001001,29.629629629629626,29.34472934472934,41.02564102564102
13.814054054054054,32.47863247863248,29.34472934472934,38.17663817663818
13.878008008008008,29.34472934472934,29.914529914529915,40.74074074074074
13.941961961961962,30.484330484330485,29.629629629629626,39.88603988603989
14.005915915915915,30.1994301994302,28.774928774928775,41.02564102564102
14.06986986986987,30.1994301994302,31.054131054131055,38.74643874643874
14.133823823823823,28.205128205128204,29.059829059829063,42.73504273504273
14.197777777777777,30.1994301994302,31.054131054131055,38.74643874643874
14.26173173173173,29.059829059829063,31.62393162393162,39.31623931623932
14.325685685685684,28.774928774928775,31.054131054131055,40.17094017094017
14.38963963963964,29.34472934472934,29.914529914529915,40.74074074074074
14.453593593593594,29.34472934472934,29.914529914529915,40.74074074074074
14.517547547547547,29.629629629629626,32.193732193732195,38.17663817663818
14.581501501501501,30.484330484330485,32.47863247863248,37.03703703703704
14.645455455455455,28.49002849002849,29.059829059829063,42.45014245014245
14.709409409409409,29.059829059829063,29.914529914529915,41.02564102564102
14.773363363363362,29.914529914529915,29.629629629629626,40.45584045584046
14.837317317317316,29.629629629629626,29.629629629629626,40.74074074074074
14.90127127127127,30.484330484330485,29.629629629629626,39.88603988603989
14.965225225225225,29.914529914529915,29.629629629629626,40.45584045584046
15.02917917917918,29.059829059829063,29.34472934472934,41.5954415954416
15.093133133133133,30.1994301994302,29.629629629629626,40.17094017094017
15.157087087087087,30.1994301994302,28.205128205128204,41.5954415954416
15.22104104104104,29.059829059829063,31.339031339031337,39.6011396011396
15.284994994994994,28.774928774928775,31.62393162393162,39.6011396011396
15.348948948948948,30.76923076923077,29.629629629629626,39.6011396011396
15.412902902902902,31.339031339031337,29.914529914529915,38.74643874643874
15.476856856856855,30.1994301994302,29.914529914529915,39.88603988603989
15.540810810810811,27.065527065527068,29.914529914529915,43.01994301994302
15.604764764764765,29.34472934472934,30.1994301994302,40.45584045584046
15.668718718718718,29.34472934472934,29.059829059829063,41.5954415954416
15.732672672672672,29.34472934472934,29.059829059829063,41.5954415954416
15.796626626626626,29.059829059829063,29.059829059829063,41.88034188034188
15.86058058058058,30.76923076923077,29.629629629629626,39.6011396011396
15.924534534534533,29.059829059829063,30.484330484330485,40.45584045584046
15.988488488488487,29.629629629629626,31.339031339031337,39.03133903133903
16.05244244244244,28.49002849002849,30.1994301994302,41.31054131054131
16.116396396396397,28.205128205128204,30.1994301994302,41.5954415954416
16.18035035035035,30.76923076923077,28.774928774928775,40.45584045584046
16.244304304304304,30.76923076923077,28.49002849002849,40.74074074074074
16.308258258258256,30.484330484330485,28.49002849002849,41.02564102564102
16.37221221221221,29.914529914529915,30.484330484330485,39.6011396011396
16.436166166166167,30.1994301994302,29.34472934472934,40.45584045584046
16.50012012012012,27.065527065527068,29.914529914529915,43.01994301994302
16.564074074074075,29.34472934472934,28.49002849002849,42.16524216524217
16.628028028028027,29.629629629629626,29.34472934472934,41.02564102564102
16.691981981981982,29.914529914529915,28.49002849002849,41.5954415954416
16.755935935935934,30.1994301994302,31.054131054131055,38.74643874643874
16.81988988988989,29.059829059829063,28.49002849002849,42.45014245014245
16.88384384384384,30.484330484330485,29.059829059829063,40.45584045584046
16.947797797797797,30.76923076923077,28.49002849002849,40.74074074074074
17.011751751751753,29.914529914529915,29.059829059829063,41.02564102564102
17.075705705705705,29.629629629629626,28.205128205128204,42.16524216524217
17.13965965965966,27.635327635327634,27.635327635327634,44.729344729344724
17.203613613613612,30.76923076923077,28.774928774928775,40.45584045584046
17.267567567567568,28.774928774928775,29.34472934472934,41.88034188034188
17.33152152152152,30.76923076923077,28.49002849002849,40.74074074074074
17.395475475475475,28.774928774928775,27.635327635327634,43.58974358974359
17.459429429429427,29.914529914529915,28.49002849002849,41.5954415954416
17.523383383383383,27.635327635327634,29.059829059829063,43.3048433048433
17.58733733733734,29.914529914529915,29.059829059829063,41.02564102564102
17.65129129129129,29.914529914529915,29.059829059829063,41.02564102564102
17.715245245245246,27.065527065527068,28.774928774928775,44.15954415954416
17.779199199199198,29.059829059829063,28.774928774928775,42.16524216524217
17.843153153153153,30.1994301994302,28.774928774928775,41.02564102564102
17.907107107107105,28.774928774928775,29.914529914529915,41.31054131054131
17.97106106106106,30.76923076923077,30.1994301994302,39.03133903133903
18.035015015015013,30.1994301994302,29.059829059829063,40.74074074074074
18.09896896896897,29.629629629629626,29.34472934472934,41.02564102564102
18.162922922922924,28.774928774928775,31.054131054131055,40.17094017094017
18.226876876876876,30.76923076923077,31.054131054131055,38.17663817663818
18.29083083083083,30.484330484330485,29.059829059829063,40.45584045584046
18.354784784784783,29.34472934472934,32.47863247863248,38.17663817663818
18.41873873873874,30.484330484330485,28.774928774928775,40.74074074074074
18.48269269269269,29.914529914529915,29.914529914529915,40.17094017094017
18.546646646646646,30.484330484330485,31.339031339031337,38.17663817663818
18.6106006006006,29.914529914529915,32.193732193732195,37.89173789173789
18.674554554554554,30.1994301994302,29.34472934472934,40.45584045584046
18.73850850850851,29.34472934472934,29.34472934472934,41.31054131054131
18.80246246246246,27.92022792022792,31.62393162393162,40.45584045584046
18.866416416416417,28.205128205128204,30.484330484330485,41.31054131054131
18.93037037037037,29.914529914529915,29.629629629629626,40.45584045584046
18.994324324324324,32.47863247863248,31.054131054131055,36.46723646723647
19.058278278278276,29.34472934472934,28.774928774928775,41.88034188034188
19.122232232232232,27.635327635327634,29.34472934472934,43.01994301994302
19.186186186186184,32.47863247863248,29.34472934472934,38.17663817663818
19.25014014014014,31.054131054131055,28.774928774928775,40.17094017094017
19.314094094094095,27.92022792022792,30.76923076923077,41.31054131054131
19.378048048048047,31.62393162393162,28.49002849002849,39.88603988603989
19.442002002002003,28.774928774928775,29.059829059829063,42.16524216524217
19.505955955955955,30.76923076923077,29.914529914529915,39.31623931623932
19.56990990990991,30.1994301994302,27.92022792022792,41.88034188034188
19.633863863863862,29.914529914529915,30.484330484330485,39.6011396011396
19.697817817817818,29.34472934472934,31.054131054131055,39.6011396011396
19.76177177177177,29.34472934472934,29.629629629629626,41.02564102564102
19.825725725725725,27.635327635327634,29.34472934472934,43.01994301994302
19.88967967967968,30.76923076923077,29.34472934472934,39.88603988603989
19.953633633633633,28.49002849002849,28.774928774928775,42.73504273504273
20.017587587587588,30.1994301994302,30.484330484330485,39.31623931623932
20.08154154154154,28.774928774928775,28.774928774928775,42.45014245014245
20.145495495495496,27.92022792022792,31.339031339031337,40.74074074074074
20.209449449449448,28.49002849002849,31.62393162393162,39.88603988603989
20.273403403403403,29.059829059829063,30.76923076923077,40.17094017094017
20.337357357357355,28.774928774928775,30.1994301994302,41.02564102564102
20.40131131131131,28.205128205128204,32.763532763532766,39.03133903133903
20.465265265265266,29.34472934472934,31.62393162393162,39.03133903133903
20.529219219219218,28.49002849002849,31.62393162393162,39.88603988603989
20.593173173173174,30.1994301994302,31.054131054131055,38.74643874643874
20.657127127127126,30.1994301994302,31.339031339031337,38.46153846153847
20.72108108108108,31.62393162393162,31.339031339031337,37.03703703703704
20.785035035035033,29.629629629629626,26.780626780626783,43.58974358974359
20.84898898898899,29.34472934472934,29.629629629629626,41.02564102564102
20.91294294294294,30.76923076923077,31.62393162393162,37.60683760683761
20.976896896896896,29.34472934472934,29.34472934472934,41.31054131054131
21.04085085085085,29.629629629629626,30.484330484330485,39.88603988603989
21.104804804804804,31.339031339031337,29.914529914529915,38.74643874643874
21.16875875875876,29.059829059829063,29.059829059829063,41.88034188034188
21.23271271271271,31.054131054131055,31.62393162393162,37.32193732193732
21.296666666666667,27.92022792022792,30.1994301994302,41.88034188034188
21.36062062062062,29.34472934472934,31.62393162393162,39.03133903133903
21.424574574574574,28.49002849002849,33.04843304843305,38.46153846153847
21.488528528528526,29.914529914529915,31.62393162393162,38.46153846153847
21.552482482482482,28.49002849002849,31.62393162393162,39.88603988603989
21.616436436436434,29.34472934472934,29.914529914529915,40.74074074074074
21.68039039039039,29.34472934472934,31.339031339031337,39.31623931623932
21.744344344344345,29.914529914529915,30.76923076923077,39.31623931623932
21.808298298298297,30.1994301994302,29.34472934472934,40.45584045584046
21.872252252252252,30.484330484330485,29.914529914529915,39.6011396011396
21.936206206206204,31.054131054131055,29.629629629629626,39.31623931623932
22.00016016016016,30.76923076923077,29.059829059829063,40.17094017094017
22.064114114114112,29.629629629629626,30.76923076923077,39.6011396011396
22.128068068068067,29.34472934472934,31.054131054131055,39.6011396011396
22.19202202202202,31.62393162393162,31.62393162393162,36.75213675213676
22.255975975975975,29.914529914529915,30.484330484330485,39.6011396011396
22.31992992992993,29.34472934472934,31.339031339031337,39.31623931623932
22.383883883883883,30.76923076923077,30.76923076923077,38.46153846153847
22.447837837837838,29.34472934472934,31.339031339031337,39.31623931623932
22.51179179179179,27.350427350427353,31.62393162393162,41.02564102564102
22.575745745745746,29.914529914529915,31.62393162393162,38.46153846153847
22.639699699699698,29.629629629629626,29.914529914529915,40.45584045584046
22.703653653653653,27.065527065527068,29.059829059829063,43.87464387464387
22.767607607607605,27.92022792022792,31.908831908831907,40.17094017094017
22.83156156156156,31.339031339031337,29.914529914529915,38.74643874643874
22.895515515515516,30.484330484330485,31.339031339031337,38.17663817663818
22.959469469469468,29.629629629629626,31.339031339031337,39.03133903133903
23.023423423423424,29.629629629629626,31.339031339031337,39.03133903133903
23.087377377377376,31.339031339031337,30.1994301994302,38.46153846153847
23.15133133133133,27.065527065527068,31.339031339031337,41.5954415954416
23.215285285285283,30.484330484330485,29.914529914529915,39.6011396011396
23.27923923923924,29.34472934472934,31.339031339031337,39.31623931623932
23.34319319319319,28.49002849002849,31.054131054131055,40.45584045584046
23.407147147147146,29.914529914529915,29.629629629629626,40.45584045584046
23.4711011011011,29.059829059829063,32.763532763532766,38.17663817663818
23.535055055055054,28.774928774928775,31.62393162393162,39.6011396011396
23.59900900900901,29.059829059829063,32.763532763532766,38.17663817663818
23.66296296296296,29.34472934472934,31.054131054131055,39.6011396011396
23.726916916916917,28.774928774928775,31.339031339031337,39.88603988603989
23.79087087087087,27.635327635327634,29.629629629629626,42.73504273504273
23.854824824824824,28.774928774928775,31.339031339031337,39.88603988603989
23.918778778778776,29.34472934472934,30.1994301994302,40.45584045584046
23.98273273273273,29.34472934472934,32.47863247863248,38.17663817663818
24.046686686686687,29.059829059829063,31.054131054131055,39.88603988603989
24.11064064064064,30.1994301994302,28.774928774928775,41.02564102564102
24.174594594594595,29.914529914529915,30.1994301994302,39.88603988603989
24.238548548548547,29.059829059829063,30.1994301994302,40.74074074074074
24.302502502502502,28.205128205128204,29.34472934472934,42.45014245014245
24.366456456456454,29.059829059829063,31.62393162393162,39.31623931623932
24.43041041041041,28.774928774928775,31.62393162393162,39.6011396011396
24.494364364364362,29.629629629629626,29.059829059829063,41.31054131054131
24.558318318318317,29.914529914529915,29.629629629629626,40.45584045584046
24.622272272272273,29.629629629629626,29.914529914529915,40.45584045584046
24.686226226226225,27.92022792022792,29.34472934472934,42.73504273504273
24.75018018018018,29.34472934472934,29.914529914529915,40.74074074074074
24.814134134134132,30.1994301994302,29.059829059829063,40.74074074074074
24.878088088088088,29.059829059829063,30.76923076923077,40.17094017094017
24.94204204204204,28.774928774928775,29.059829059829063,42.16524216524217
25.005995995995995,29.34472934472934,28.205128205128204,42.45014245014245
25.069949949949947,30.76923076923077,29.914529914529915,39.31623931623932
25.133903903903903,28.205128205128204,29.629629629629626,42.16524216524217
25.19785785785786,29.629629629629626,28.774928774928775,41.5954415954416
25.26181181181181,29.629629629629626,30.1994301994302,40.17094017094017
25.325765765765766,30.484330484330485,29.34472934472934,40.17094017094017
25.389719719719718,29.629629629629626,27.350427350427353,43.01994301994302
25.453673673673674,29.059829059829063,29.629629629629626,41.31054131054131
25.517627627627625,28.49002849002849,30.484330484330485,41.02564102564102
25.58158158158158,29.34472934472934,29.34472934472934,41.31054131054131
25.645535535535533,26.495726495726498,28.49002849002849,45.01424501424501
25.70948948948949,27.635327635327634,29.059829059829063,43.3048433048433
25.773443443443444,30.1994301994302,29.059829059829063,40.74074074074074
25.837397397397396,28.774928774928775,29.34472934472934,41.88034188034188
25.90135135135135,29.059829059829063,27.92022792022792,43.01994301994302
25.965305305305304,28.49002849002849,29.34472934472934,42.16524216524217
26.02925925925926,28.774928774928775,29.629629629629626,41.5954415954416
26.09321321321321,28.49002849002849,29.34472934472934,42.16524216524217
26.157167167167167,27.635327635327634,28.774928774928775,43.58974358974359
26.22112112112112,27.635327635327634,29.34472934472934,43.01994301994302
26.285075075075074,31.054131054131055,29.059829059829063,39.88603988603989
26.34902902902903,28.774928774928775,29.34472934472934,41.88034188034188
26.41298298298298,31.054131054131055,28.774928774928775,40.17094017094017
26.476936936936937,27.92022792022792,28.49002849002849,43.58974358974359
26.54089089089089,29.914529914529915,28.49002849002849,41.5954415954416
26.604844844844845,29.629629629629626,29.059829059829063,41.31054131054131
26.668798798798797,30.484330484330485,29.914529914529915,39.6011396011396
26.732752752752752,29.914529914529915,28.774928774928775,41.31054131054131
26.796706706706704,31.62393162393162,28.49002849002849,39.88603988603989
26.86066066066066,28.774928774928775,29.629629629629626,41.5954415954416
26.924614614614615,28.774928774928775,29.34472934472934,41.88034188034188
26.988568568568567,26.495726495726498,29.629629629629626,43.87464387464387
27.052522522522523,28.774928774928775,27.635327635327634,43.58974358974359
27.116476476476475,30.1994301994302,29.629629629629626,40.17094017094017
27.18043043043043,28.49002849002849,29.629629629629626,41.88034188034188
27.244384384384382,29.059829059829063,28.49002849002849,42.45014245014245
27.308338338338338,28.205128205128204,29.34472934472934,42.45014245014245
27.37229229229229,28.205128205128204,30.1994301994302,41.5954415954416
27.436246246246245,29.629629629629626,29.914529914529915,40.45584045584046
27.5002002002002,28.774928774928775,28.49002849002849,42.73504273504273
27.564154154154153,27.635327635327634,29.059829059829063,43.3048433048433
27.62810810810811,29.34472934472934,28.49002849002849,42.16524216524217
27.69206206206206,30.1994301994302,29.34472934472934,40.45584045584046
27.756016016016016,28.774928774928775,29.914529914529915,41.31054131054131
27.819969969969968,28.205128205128204,28.205128205128204,43.58974358974359
27.883923923923923,27.92022792022792,29.629629629629626,42.45014245014245
27.947877877877875,27.92022792022792,29.059829059829063,43.01994301994302
28.01183183183183,29.34472934472934,29.059829059829063,41.5954415954416
28.075785785785786,27.350427350427353,29.059829059829063,43.58974358974359
28.13973973973974,28.49002849002849,29.34472934472934,42.16524216524217
28.203693693693694,29.914529914529915,28.205128205128204,41.88034188034188
28.267647647647646,29.059829059829063,28.205128205128204,42.73504273504273
28.3316016016016,29.914529914529915,30.1994301994302,39.88603988603989
28.395555555555553,29.629629629629626,29.914529914529915,40.45584045584046
28.45950950950951,30.1994301994302,27.635327635327634,42.16524216524217
28.52346346346346,28.205128205128204,27.635327635327634,44.15954415954416
28.587417417417416,28.49002849002849,29.059829059829063,42.45014245014245
28.65137137137137,28.774928774928775,29.34472934472934,41.88034188034188
28.715325325325324,27.92022792022792,29.34472934472934,42.73504273504273
28.77927927927928,29.914529914529915,30.1994301994302,39.88603988603989
28.84323323323323,28.205128205128204,28.774928774928775,43.01994301994302
28.907187187187187,28.205128205128204,29.629629629629626,42.16524216524217
28.97114114114114,30.1994301994302,31.054131054131055,38.74643874643874
29.035095095095095,27.92022792022792,29.629629629629626,42.45014245014245
29.099049049049047,29.059829059829063,29.059829059829063,41.88034188034188
29.163003003003002,28.49002849002849,29.34472934472934,42.16524216524217
29.226956956956954,28.49002849002849,28.49002849002849,43.01994301994302
29.29091091091091,31.62393162393162,29.059829059829063,39.31623931623932
29.354864864864865,29.629629629629626,30.76923076923077,39.6011396011396
29.418818818818817,28.205128205128204,30.484330484330485,41.31054131054131
29.482772772772773,27.350427350427353,29.34472934472934,43.3048433048433
29.546726726726725,28.774928774928775,29.34472934472934,41.88034188034188
29.61068068068068,29.34472934472934,28.774928774928775,41.88034188034188
29.674634634634632,29.059829059829063,30.76923076923077,40.17094017094017
29.738588588588588,30.1994301994302,29.059829059829063,40.74074074074074
29.80254254254254,29.34472934472934,29.629629629629626,41.02564102564102
29.866496496496495,29.059829059829063,29.629629629629626,41.31054131054131
29.93045045045045,27.635327635327634,28.49002849002849,43.87464387464387
29.994404404404403,30.484330484330485,29.629629629629626,39.88603988603989
30.05835835835836,27.92022792022792,30.76923076923077,41.31054131054131
30.12231231231231,27.635327635327634,28.774928774928775,43.58974358974359
30.186266266266266,30.484330484330485,29.629629629629626,39.88603988603989
30.250220220220218,31.908831908831907,29.34472934472934,38.74643874643874
30.314174174174173,31.054131054131055,28.49002849002849,40.45584045584046
30.378128128128125,29.059829059829063,29.914529914529915,41.02564102564102
30.44208208208208,28.49002849002849,29.059829059829063,42.45014245014245
30.506036036036036,29.629629629629626,29.059829059829063,41.31054131054131
30.56998998998999,29.34472934472934,29.34472934472934,41.31054131054131
30.633943943943944,29.34472934472934,29.629629629629626,41.02564102564102
30.697897897897896,30.1994301994302,28.774928774928775,41.02564102564102
30.76185185185185,27.92022792022792,29.34472934472934,42.73504273504273
30.825805805805803,28.774928774928775,29.629629629629626,41.5954415954416
30.88975975975976,27.065527065527068,30.76923076923077,42.16524216524217
30.95371371371371,29.059829059829063,31.054131054131055,39.88603988603989
31.017667667667666,30.1994301994302,30.76923076923077,39.03133903133903
31.081621621621622,29.914529914529915,30.76923076923077,39.31623931623932
31.145575575575574,30.1994301994302,29.34472934472934,40.45584045584046
31.20952952952953,29.059829059829063,30.484330484330485,40.45584045584046
31.27348348348348,29.914529914529915,31.339031339031337,38.74643874643874
31.337437437437437,29.629629629629626,29.629629629629626,40.74074074074074
31.40139139139139,30.484330484330485,29.34472934472934,40.17094017094017
31.465345345345344,28.49002849002849,28.774928774928775,42.73504273504273
31.529299299299296,29.629629629629626,28.774928774928775,41.5954415954416
31.593253253253252,29.629629629629626,29.34472934472934,41.02564102564102
31.657207207207207,29.059829059829063,29.914529914529915,41.02564102564102
31.72116116116116,31.054131054131055,29.914529914529915,39.03133903133903
31.785115115115115,30.1994301994302,28.774928774928775,41.02564102564102
31.849069069069067,29.34472934472934,29.629629629629626,41.02564102564102
31.913023023023023,29.629629629629626,29.629629629629626,40.74074074074074
31.976976976976974,29.34472934472934,30.484330484330485,40.17094017094017
32.04093093093093,30.1994301994302,29.629629629629626,40.17094017094017
32.10488488488488,28.774928774928775,29.059829059829063,42.16524216524217
32.16883883883884,26.21082621082621,29.629629629629626,44.15954415954416
32.23279279279279,29.059829059829063,29.629629629629626,41.31054131054131
32.29674674674675,28.49002849002849,30.1994301994302,41.31054131054131
32.3607007007007,29.914529914529915,29.629629629629626,40.45584045584046
32.42465465465465,28.774928774928775,29.059829059829063,42.16524216524217
32.48860860860861,28.205128205128204,28.774928774928775,43.01994301994302
32.552562562562564,27.92022792022792,27.92022792022792,44.15954415954416
32.61651651651651,31.054131054131055,29.34472934472934,39.6011396011396
32.68047047047047,28.774928774928775,28.774928774928775,42.45014245014245
32.74442442442442,28.205128205128204,29.914529914529915,41.88034188034188
32.80837837837838,29.629629629629626,29.629629629629626,40.74074074074074
32.872332332332334,31.054131054131055,28.774928774928775,40.17094017094017
32.93628628628628,29.34472934472934,29.34472934472934,41.31054131054131
33.00024024024024,28.205128205128204,30.484330484330485,41.31054131054131
33.064194194194194,28.205128205128204,29.059829059829063,42.73504273504273
33.12814814814815,29.34472934472934,29.34472934472934,41.31054131054131
33.1921021021021,29.34472934472934,28.774928774928775,41.88034188034188
33.25605605605605,29.34472934472934,29.629629629629626,41.02564102564102
33.32001001001001,29.059829059829063,27.065527065527068,43.87464387464387
33.383963963963964,29.629629629629626,29.059829059829063,41.31054131054131
33.44791791791792,27.92022792022792,29.914529914529915,42.16524216524217
33.51187187187187,27.635327635327634,29.059829059829063,43.3048433048433
33.575825825825824,28.49002849002849,31.054131054131055,40.45584045584046
33.63977977977978,30.1994301994302,28.774928774928775,41.02564102564102
33.703733733733735,28.774928774928775,30.76923076923077,40.45584045584046
33.76768768768768,30.1994301994302,29.34472934472934,40.45584045584046
33.83164164164164,29.629629629629626,28.205128205128204,42.16524216524217
33.895595595595594,29.059829059829063,29.059829059829063,41.88034188034188
33.95954954954955,29.059829059829063,28.774928774928775,42.16524216524217
34.023503503503505,28.774928774928775,30.1994301994302,41.02564102564102
34.087457457457454,29.059829059829063,27.350427350427353,43.58974358974359
34.15141141141141,29.059829059829063,29.059829059829063,41.88034188034188
34.215365365365365,29.914529914529915,29.629629629629626,40.45584045584046
34.27931931931932,29.914529914529915,29.34472934472934,40.74074074074074
34.34327327327327,29.914529914529915,29.629629629629626,40.45584045584046
34.407227227227224,28.774928774928775,29.059829059829063,42.16524216524217
34.47118118118118,29.34472934472934,29.629629629629626,41.02564102564102
34.535135135135135,29.34472934472934,28.774928774928775,41.88034188034188
34.59908908908909,29.059829059829063,29.34472934472934,41.5954415954416
34.66304304304304,29.34472934472934,29.34472934472934,41.31054131054131
34.726996996996995,29.34472934472934,29.914529914529915,40.74074074074074
34.79095095095095,29.914529914529915,31.054131054131055,39.03133903133903
34.854904904904906,29.629629629629626,29.059829059829063,41.31054131054131
34.918858858858854,27.065527065527068,29.629629629629626,43.3048433048433
34.98281281281281,28.49002849002849,28.205128205128204,43.3048433048433
35.046766766766765,30.484330484330485,29.34472934472934,40.17094017094017
35.11072072072072,29.914529914529915,29.059829059829063,41.02564102564102
35.17467467467468,27.92022792022792,28.774928774928775,43.3048433048433
35.238628628628625,28.49002849002849,28.49002849002849,43.01994301994302
35.30258258258258,29.34472934472934,29.059829059829063,41.5954415954416
35.366536536536536,29.059829059829063,28.49002849002849,42.45014245014245
35.43049049049049,28.49002849002849,30.76923076923077,40.74074074074074
35.49444444444444,28.205128205128204,31.339031339031337,40.45584045584046
35.558398398398396,27.635327635327634,27.92022792022792,44.44444444444444
35.62235235235235,28.205128205128204,29.34472934472934,42.45014245014245
35.68630630630631,26.780626780626783,29.34472934472934,43.87464387464387
35.75026026026026,29.059829059829063,31.054131054131055,39.88603988603989
35.81421421421421,27.92022792022792,30.76923076923077,41.31054131054131
35.878168168168166,30.1994301994302,29.629629629629626,40.17094017094017
35.94212212212212,28.205128205128204,29.34472934472934,42.45014245014245
36.00607607607608,29.059829059829063,29.629629629629626,41.31054131054131
36.070030030030026,29.914529914529915,29.629629629629626,40.45584045584046
36.13398398398398,30.76923076923077,30.484330484330485,38.74643874643874
36.19793793793794,29.059829059829063,29.059829059829063,41.88034188034188
36.26189189189189,29.059829059829063,29.059829059829063,41.88034188034188
36.32584584584585,29.34472934472934,29.34472934472934,41.31054131054131
36.389799799799796,28.205128205128204,29.059829059829063,42.73504273504273
36.45375375375375,29.629629629629626,28.774928774928775,41.5954415954416
36.51770770770771,29.914529914529915,27.635327635327634,42.45014245014245
36.58166166166166,29.34472934472934,28.774928774928775,41.88034188034188
36.64561561561561,28.774928774928775,29.059829059829063,42.16524216524217
36.70956956956957,29.34472934472934,29.059829059829063,41.5954415954416
36.77352352352352,29.629629629629626,28.205128205128204,42.16524216524217
36.83747747747748,30.76923076923077,28.774928774928775,40.45584045584046
36.90143143143143,28.774928774928775,29.629629629629626,41.5954415954416
36.96538538538538,30.484330484330485,29.34472934472934,40.17094017094017
37.02933933933934,29.629629629629626,29.34472934472934,41.02564102564102
37.09329329329329,29.629629629629626,29.059829059829063,41.31054131054131
37.15724724724725,30.1994301994302,30.484330484330485,39.31623931623932
37.2212012012012,30.1994301994302,29.914529914529915,39.88603988603989
37.28515515515515,28.774928774928775,30.1994301994302,41.02564102564102
37.34910910910911,28.49002849002849,29.629629629629626,41.88034188034188
37.41306306306306,29.629629629629626,29.34472934472934,41.02564102564102
37.47701701701702,26.780626780626783,29.34472934472934,43.87464387464387
37.54097097097097,28.205128205128204,29.914529914529915,41.88034188034188
37.60492492492492,30.1994301994302,28.774928774928775,41.02564102564102
37.66887887887888,31.62393162393162,30.1994301994302,38.17663817663818
37.732832832832834,27.065527065527068,30.76923076923077,42.16524216524217
37.79678678678678,30.484330484330485,29.34472934472934,40.17094017094017
37.86074074074074,30.484330484330485,31.054131054131055,38.46153846153847
37.92469469469469,27.350427350427353,29.059829059829063,43.58974358974359
37.98864864864865,26.495726495726498,29.629629629629626,43.87464387464387
38.052602602602605,28.49002849002849,29.629629629629626,41.88034188034188
38.11655655655655,29.059829059829063,29.629629629629626,41.31054131054131
38.18051051051051,29.34472934472934,28.774928774928775,41.88034188034188
38.244464464464464,30.1994301994302,28.774928774928775,41.02564102564102
38.30841841841842,27.92022792022792,29.629629629629626,42.45014245014245
38.37237237237237,27.92022792022792,29.914529914529915,42.16524216524217
38.43632632632632,27.350427350427353,28.205128205128204,44.44444444444444
38.50028028028028,27.92022792022792,29.34472934472934,42.73504273504273
38.564234234234235,29.059829059829063,29.34472934472934,41.5954415954416
38.62818818818819,27.92022792022792,29.34472934472934,42.73504273504273
38.69214214214214,27.635327635327634,29.629629629629626,42.73504273504273
38.756096096096094,28.49002849002849,30.76923076923077,40.74074074074074
38.82005005005005,28.774928774928775,29.914529914529915,41.31054131054131
38.884004004004005,27.635327635327634,29.914529914529915,42.45014245014245
38.947957957957954,27.92022792022792,29.34472934472934,42.73504273504273
39.01191191191191,26.495726495726498,29.059829059829063,44.44444444444444
39.075865865865865,27.635327635327634,29.34472934472934,43.01994301994302
39.13981981981982,28.205128205128204,31.054131054131055,40.74074074074074
39.203773773773776,27.065527065527068,28.49002849002849,44.44444444444444
39.267727727727724,29.629629629629626,29.34472934472934,41.02564102564102
39.33168168168168,27.350427350427353,29.059829059829063,43.58974358974359
39.395635635635635,27.065527065527068,29.914529914529915,43.01994301994302
39.45958958958959,27.635327635327634,29.34472934472934,43.01994301994302
39.52354354354354,27.92022792022792,29.629629629629626,42.45014245014245
39.587497497497495,27.635327635327634,29.059829059829063,43.3048433048433
39.65145145145145,26.21082621082621,30.76923076923077,43.01994301994302
39.715405405405406,28.774928774928775,28.774928774928775,42.45014245014245
39.77935935935936,26.780626780626783,29.629629629629626,43.58974358974359
39.84331331331331,28.774928774928775,29.629629629629626,41.5954415954416
39.907267267267265,27.065527065527068,29.059829059829063,43.87464387464387
39.97122122122122,29.914529914529915,29.34472934472934,40.74074074074074
40.035175175175176,28.774928774928775,30.76923076923077,40.45584045584046
40.099129129129125,25.64102564102564,28.774928774928775,45.58404558404558
40.16308308308308,27.065527065527068,29.34472934472934,43.58974358974359
40.227037037037036,27.92022792022792,29.914529914529915,42.16524216524217
40.29099099099099,29.059829059829063,29.629629629629626,41.31054131054131
40.35494494494495,27.065527065527068,28.774928774928775,44.15954415954416
40.418898898898895,28.205128205128204,30.1994301994302,41.5954415954416
40.48285285285285,29.914529914529915,29.914529914529915,40.17094017094017
40.546806806806806,29.629629629629626,31.054131054131055,39.31623931623932
40.61076076076076,30.76923076923077,30.484330484330485,38.74643874643874
40.67471471471471,29.914529914529915,29.914529914529915,40.17094017094017
40.738668668668666,28.49002849002849,29.34472934472934,42.16524216524217
40.80262262262262,28.49002849002849,29.34472934472934,42.16524216524217
40.86657657657658,29.34472934472934,31.054131054131055,39.6011396011396
40.93053053053053,27.635327635327634,30.76923076923077,41.5954415954416
40.99448448448448,27.92022792022792,29.34472934472934,42.73504273504273
41.058438438438436,29.059829059829063,29.914529914529915,41.02564102564102
41.12239239239239,27.92022792022792,29.34472934472934,42.73504273504273
41.18634634634635,29.059829059829063,29.629629629629626,41.31054131054131
41.250300300300296,31.908831908831907,30.484330484330485,37.60683760683761
41.31425425425425,27.92022792022792,29.914529914529915,42.16524216524217
41.37820820820821,29.629629629629626,28.774928774928775,41.5954415954416
41.44216216216216,27.065527065527068,29.914529914529915,43.01994301994302
41.50611611611611,28.205128205128204,28.774928774928775,43.01994301994302
41.57007007007007,27.350427350427353,30.484330484330485,42.16524216524217
41.63402402402402,28.49002849002849,28.774928774928775,42.73504273504273
41.69797797797798,25.925925925925924,29.914529914529915,44.15954415954416
41.76193193193193,26.780626780626783,29.914529914529915,43.3048433048433
41.82588588588588,27.92022792022792,31.339031339031337,40.74074074074074
41.88983983983984,28.49002849002849,29.914529914529915,41.5954415954416
41.95379379379379,27.635327635327634,31.62393162393162,40.74074074074074
42.01774774774775,29.059829059829063,30.484330484330485,40.45584045584046
42.0817017017017,29.629629629629626,29.914529914529915,40.45584045584046
42.14565565565565,28.49002849002849,29.914529914529915,41.5954415954416
42.20960960960961,27.350427350427353,29.914529914529915,42.73504273504273
42.27356356356356,28.49002849002849,29.629629629629626,41.88034188034188
42.33751751751752,26.780626780626783,29.914529914529915,43.3048433048433
42.40147147147147,28.774928774928775,29.34472934472934,41.88034188034188
42.46542542542542,27.065527065527068,29.629629629629626,43.3048433048433
42.52937937937938,28.774928774928775,29.629629629629626,41.5954415954416
42.593333333333334,28.49002849002849,29.629629629629626,41.88034188034188
42.65728728728728,27.065527065527068,30.1994301994302,42.73504273504273
42.72124124124124,26.780626780626783,29.629629629629626,43.58974358974359
42.78519519519519,27.350427350427353,29.629629629629626,43.01994301994302
42.84914914914915,28.49002849002849,30.1994301994302,41.31054131054131
42.913103103103104,28.205128205128204,31.339031339031337,40.45584045584046
42.97705705705705,27.350427350427353,29.34472934472934,43.3048433048433
43.04101101101101,28.49002849002849,29.914529914529915,41.5954415954416
43.104964964964964,28.205128205128204,29.914529914529915,41.88034188034188
43.16891891891892,27.350427350427353,32.193732193732195,40.45584045584046
43.23287287287287,27.92022792022792,27.92022792022792,44.15954415954416
43.29682682682682,25.64102564102564,28.205128205128204,46.15384615384615
43.36078078078078,27.635327635327634,29.914529914529915,42.45014245014245
43.424734734734734,29.059829059829063,31.62393162393162,39.31623931623932
43.48868868868869,27.350427350427353,29.34472934472934,43.3048433048433
43.55264264264264,27.92022792022792,29.629629629629626,42.45014245014245
43.616596596596594,28.774928774928775,29.34472934472934,41.88034188034188
43.68055055055055,30.1994301994302,30.484330484330485,39.31623931623932
43.744504504504505,29.629629629629626,30.484330484330485,39.88603988603989
43.80845845845845,29.059829059829063,28.49002849002849,42.45014245014245
43.87241241241241,29.059829059829063,30.484330484330485,40.45584045584046
43.936366366366364,29.059829059829063,29.34472934472934,41.5954415954416
44.00032032032032,30.76923076923077,29.914529914529915,39.31623931623932
44.064274274274275,29.059829059829063,29.629629629629626,41.31054131054131
44.128228228228224,28.49002849002849,29.34472934472934,42.16524216524217
44.19218218218218,29.059829059829063,29.629629629629626,41.31054131054131
44.256136136136135,27.635327635327634,29.629629629629626,42.73504273504273
44.32009009009009,28.774928774928775,29.059829059829063,42.16524216524217
44.38404404404404,27.350427350427353,29.34472934472934,43.3048433048433
44.447997997997994,26.780626780626783,30.484330484330485,42.73504273504273
44.51195195195195,28.49002849002849,29.34472934472934,42.16524216524217
44.575905905905906,26.780626780626783,29.059829059829063,44.15954415954416
44.63985985985986,27.065527065527068,29.059829059829063,43.87464387464387
44.70381381381381,26.21082621082621,28.49002849002849,45.2991452991453
44.767767767767765,30.484330484330485,30.484330484330485,39.03133903133903
44.83172172172172,28.49002849002849,29.34472934472934,42.16524216524217
44.895675675675676,27.92022792022792,29.914529914529915,42.16524216524217
44.959629629629625,27.065527065527068,30.1994301994302,42.73504273504273
45.02358358358358,29.34472934472934,30.1994301994302,40.45584045584046
45.087537537537536,29.34472934472934,29.059829059829063,41.5954415954416
45.15149149149149,28.205128205128204,29.059829059829063,42.73504273504273
45.21544544544545,30.1994301994302,29.059829059829063,40.74074074074074
45.279399399399395,26.495726495726498,29.059829059829063,44.44444444444444
45.34335335335335,29.34472934472934,28.205128205128204,42.45014245014245
45.407307307307306,26.780626780626783,29.629629629629626,43.58974358974359
45.47126126126126,30.484330484330485,26.780626780626783,42.73504273504273
45.53521521521521,28.205128205128204,29.914529914529915,41.88034188034188
45.599169169169166,27.635327635327634,29.059829059829063,43.3048433048433
45.66312312312312,28.774928774928775,28.49002849002849,42.73504273504273
45.72707707707708,27.92022792022792,28.205128205128204,43.87464387464387
45.79103103103103,27.350427350427353,29.629629629629626,43.01994301994302
45.85498498498498,28.774928774928775,31.054131054131055,40.17094017094017
45.918938938938936,25.925925925925924,31.62393162393162,42.45014245014245
45.98289289289289,28.205128205128204,29.629629629629626,42.16524216524217
46.04684684684685,27.635327635327634,29.914529914529915,42.45014245014245
46.110800800800796,28.205128205128204,29.629629629629626,42.16524216524217
46.17475475475475,28.774928774928775,31.054131054131055,40.17094017094017
46.23870870870871,29.914529914529915,29.914529914529915,40.17094017094017
46.30266266266266,28.49002849002849,29.914529914529915,41.5954415954416
46.36661661661662,28.774928774928775,29.914529914529915,41.31054131054131
46.430570570570566,28.205128205128204,30.1994301994302,41.5954415954416
46.49452452452452,27.635327635327634,29.914529914529915,42.45014245014245
46.55847847847848,30.1994301994302,30.1994301994302,39.6011396011396
46.62243243243243,26.495726495726498,29.629629629629626,43.87464387464387
46.68638638638638,29.34472934472934,31.054131054131055,39.6011396011396
46.75034034034034,29.059829059829063,31.054131054131055,39.88603988603989
46.81429429429429,30.484330484330485,27.635327635327634,41.88034188034188
46.87824824824825,28.49002849002849,31.054131054131055,40.45584045584046
46.9422022022022,29.629629629629626,29.34472934472934,41.02564102564102
47.00615615615615,29.34472934472934,29.34472934472934,41.31054131054131
47.07011011011011,28.205128205128204,30.76923076923077,41.02564102564102
47.13406406406406,28.49002849002849,30.1994301994302,41.31054131054131
47.19801801801802,28.49002849002849,29.914529914529915,41.5954415954416
47.26197197197197,28.205128205128204,30.76923076923077,41.02564102564102
47.32592592592592,27.635327635327634,29.914529914529915,42.45014245014245
47.38987987987988,27.92022792022792,30.1994301994302,41.88034188034188
47.45383383383383,27.635327635327634,30.1994301994302,42.16524216524217
47.51778778778779,29.914529914529915,29.914529914529915,40.17094017094017
47.58174174174174,29.34472934472934,29.34472934472934,41.31054131054131
47.64569569569569,29.914529914529915,30.1994301994302,39.88603988603989
47.70964964964965,29.34472934472934,29.629629629629626,41.02564102564102
47.773603603603604,30.1994301994302,31.62393162393162,38.17663817663818
47.83755755755755,27.065527065527068,31.339031339031337,41.5954415954416
47.90151151151151,28.205128205128204,28.774928774928775,43.01994301994302
47.96546546546546,28.205128205128204,31.339031339031337,40.45584045584046
48.02941941941942,28.205128205128204,29.059829059829063,42.73504273504273
48.093373373373375,27.92022792022792,29.914529914529915,42.16524216524217
48.15732732732732,28.774928774928775,29.914529914529915,41.31054131054131
48.22128128128128,26.780626780626783,31.339031339031337,41.88034188034188
48.285235235235234,29.34472934472934,28.774928774928775,41.88034188034188
48.34918918918919,30.484330484330485,29.059829059829063,40.45584045584046
48.41314314314314,28.774928774928775,31.339031339031337,39.88603988603989
48.477097097097094,29.34472934472934,29.914529914529915,40.74074074074074
48.54105105105105,28.49002849002849,30.76923076923077,40.74074074074074
48.605005005005005,29.059829059829063,31.054131054131055,39.88603988603989
48.66895895895896,29.629629629629626,30.1994301994302,40.17094017094017
48.73291291291291,29.629629629629626,31.339031339031337,39.03133903133903
48.796866866866864,29.34472934472934,31.054131054131055,39.6011396011396
48.86082082082082,29.34472934472934,29.629629629629626,41.02564102564102
48.924774774774775,29.914529914529915,28.774928774928775,41.31054131054131
48.988728728728724,30.76923076923077,28.49002849002849,40.74074074074074
49.05268268268268,27.350427350427353,31.62393162393162,41.02564102564102
49.116636636636635,28.205128205128204,29.34472934472934,42.45014245014245
49.18059059059059,27.92022792022792,29.34472934472934,42.73504273504273
49.244544544544546,29.34472934472934,31.339031339031337,39.31623931623932
49.308498498498494,27.350427350427353,28.49002849002849,44.15954415954416
49.37245245245245,29.629629629629626,29.629629629629626,40.74074074074074
49.436406406406405,28.49002849002849,29.629629629629626,41.88034188034188
49.50036036036036,29.34472934472934,29.629629629629626,41.02564102564102
49.56431431431431,27.635327635327634,30.1994301994302,42.16524216524217
49.628268268268265,28.49002849002849,29.914529914529915,41.5954415954416
49.69222222222222,28.205128205128204,29.629629629629626,42.16524216524217
49.756176176176176,30.484330484330485,29.629629629629626,39.88603988603989
49.82013013013013,28.205128205128204,29.629629629629626,42.16524216524217
49.88408408408408,26.780626780626783,31.054131054131055,42.16524216524217
49.948038038038035,28.205128205128204,29.629629629629626,42.16524216524217
50.01199199199199,30.76923076923077,29.629629629629626,39.6011396011396
50.075945945945946,29.629629629629626,29.34472934472934,41.02564102564102
50.139899899899895,27.065527065527068,29.629629629629626,43.3048433048433
50.20385385385385,30.1994301994302,29.059829059829063,40.74074074074074
50.267807807807806,29.914529914529915,29.914529914529915,40.17094017094017
50.33176176176176,28.49002849002849,27.635327635327634,43.87464387464387
50.39571571571572,27.92022792022792,29.059829059829063,43.01994301994302
50.459669669669665,30.484330484330485,28.774928774928775,40.74074074074074
50.52362362362362,28.205128205128204,29.629629629629626,42.16524216524217
50.58757757757758,29.059829059829063,30.484330484330485,40.45584045584046
50.65153153153153,28.49002849002849,29.629629629629626,41.88034188034188
50.71548548548548,27.350427350427353,29.059829059829063,43.58974358974359
50.779439439439436,29.629629629629626,29.34472934472934,41.02564102564102
50.84339339339339,29.629629629629626,28.205128205128204,42.16524216524217
50.90734734734735,28.49002849002849,29.914529914529915,41.5954415954416
50.9713013013013,27.92022792022792,30.1994301994302,41.88034188034188
51.03525525525525,28.774928774928775,29.34472934472934,41.88034188034188
51.09920920920921,27.92022792022792,29.059829059829063,43.01994301994302
51.16316316316316,27.635327635327634,29.629629629629626,42.73504273504273
51.22711711711712,29.34472934472934,29.629629629629626,41.02564102564102
51.291071071071066,27.635327635327634,29.629629629629626,42.73504273504273
51.35502502502502,29.059829059829063,27.635327635327634,43.3048433048433
51.41897897897898,29.914529914529915,29.629629629629626,40.45584045584046
51.48293293293293,27.92022792022792,29.34472934472934,42.73504273504273
51.54688688688689,28.774928774928775,29.34472934472934,41.88034188034188
51.61084084084084,26.21082621082621,29.914529914529915,43.87464387464387
51.67479479479479,27.350427350427353,29.629629629629626,43.01994301994302
51.73874874874875,28.205128205128204,31.339031339031337,40.45584045584046
51.8027027027027,30.1994301994302,29.629629629629626,40.17094017094017
51.86665665665665,28.774928774928775,29.34472934472934,41.88034188034188
51.93061061061061,28.774928774928775,29.914529914529915,41.31054131054131
51.99456456456456,29.34472934472934,27.92022792022792,42.73504273504273
52.05851851851852,29.059829059829063,30.1994301994302,40.74074074074074
52.122472472472474,29.059829059829063,30.1994301994302,40.74074074074074
52.18642642642642,28.774928774928775,29.629629629629626,41.5954415954416
52.25038038038038,28.205128205128204,30.1994301994302,41.5954415954416
52.31433433433433,28.205128205128204,28.205128205128204,43.58974358974359
52.37828828828829,25.925925925925924,29.629629629629626,44.44444444444444
52.44224224224224,29.34472934472934,29.914529914529915,40.74074074074074
52.50619619619619,28.205128205128204,29.629629629629626,42.16524216524217
52.57015015015015,26.780626780626783,28.49002849002849,44.729344729344724
52.634104104104104,28.205128205128204,29.629629629629626,42.16524216524217
52.69805805805806,27.065527065527068,29.914529914529915,43.01994301994302
52.76201201201201,25.071225071225072,29.914529914529915,45.01424501424501
52.82596596596596,29.914529914529915,29.914529914529915,40.17094017094017
52.88991991991992,28.774928774928775,29.629629629629626,41.5954415954416
52.953873873873874,28.49002849002849,31.62393162393162,39.88603988603989
53.01782782782782,29.914529914529915,30.1994301994302,39.88603988603989
53.08178178178178,30.76923076923077,30.1994301994302,39.03133903133903
53.145735735735734,27.635327635327634,31.054131054131055,41.31054131054131
53.20968968968969,28.205128205128204,29.914529914529915,41.88034188034188
53.273643643643645,29.629629629629626,31.62393162393162,38.74643874643874
53.33759759759759,28.49002849002849,30.484330484330485,41.02564102564102
53.40155155155155,27.92022792022792,30.76923076923077,41.31054131054131
53.465505505505504,28.774928774928775,30.76923076923077,40.45584045584046
53.52945945945946,27.065527065527068,29.059829059829063,43.87464387464387
53.59341341341341,27.635327635327634,30.1994301994302,42.16524216524217
53.657367367367364,28.205128205128204,30.1994301994302,41.5954415954416
53.72132132132132,26.495726495726498,30.1994301994302,43.3048433048433
53.785275275275275,28.774928774928775,30.1994301994302,41.02564102564102
53.84922922922923,28.49002849002849,28.49002849002849,43.01994301994302
53.91318318318318,27.065527065527068,29.914529914529915,43.01994301994302
53.977137137137134,28.205128205128204,29.914529914529915,41.88034188034188
54.04109109109109,28.49002849002849,28.49002849002849,43.01994301994302
54.105045045045046,29.34472934472934,29.629629629629626,41.02564102564102
54.168998998998994,28.774928774928775,29.629629629629626,41.5954415954416
54.23295295295295,28.205128205128204,28.205128205128204,43.58974358974359
54.296906906906905,28.774928774928775,29.629629629629626,41.5954415954416
54.36086086086086,29.914529914529915,31.339031339031337,38.74643874643874
54.424814814814816,27.635327635327634,31.339031339031337,41.02564102564102
54.488768768768765,27.635327635327634,31.339031339031337,41.02564102564102
54.55272272272272,29.34472934472934,29.34472934472934,41.31054131054131
54.616676676676676,29.914529914529915,28.205128205128204,41.88034188034188
54.68063063063063,29.629629629629626,29.914529914529915,40.45584045584046
54.74458458458458,27.350427350427353,29.34472934472934,43.3048433048433
54.808538538538535,29.914529914529915,28.774928774928775,41.31054131054131
54.87249249249249,29.914529914529915,29.629629629629626,40.45584045584046
54.936446446446446,26.780626780626783,29.914529914529915,43.3048433048433
55.0004004004004,29.34472934472934,31.054131054131055,39.6011396011396
55.06435435435435,27.350427350427353,29.914529914529915,42.73504273504273
55.128308308308306,28.774928774928775,28.49002849002849,42.73504273504273
55.19226226226226,29.629629629629626,29.914529914529915,40.45584045584046
55.25621621621622,27.065527065527068,29.914529914529915,43.01994301994302
55.320170170170165,29.914529914529915,31.339031339031337,38.74643874643874
55.38412412412412,26.495726495726498,28.774928774928775,44.729344729344724
55.448078078078076,30.484330484330485,27.92022792022792,41.5954415954416
55.51203203203203,27.350427350427353,29.914529914529915,42.73504273504273
55.57598598598599,29.059829059829063,30.1994301994302,40.74074074074074
55.639939939939936,29.34472934472934,29.629629629629626,41.02564102564102
55.70389389389389,28.774928774928775,30.1994301994302,41.02564102564102
55.76784784784785,29.059829059829063,29.059829059829063,41.88034188034188
55.8318018018018,27.92022792022792,30.1994301994302,41.88034188034188
55.89575575575575,28.205128205128204,29.629629629629626,42.16524216524217
55.959709709709706,28.49002849002849,29.914529914529915,41.5954415954416
56.02366366366366,29.629629629629626,31.054131054131055,39.31623931623932
56.08761761761762,28.205128205128204,29.34472934472934,42.45014245014245
56.15157157157157,29.914529914529915,30.1994301994302,39.88603988603989
56.21552552552552,29.34472934472934,29.059829059829063,41.5954415954416
56.27947947947948,27.065527065527068,28.205128205128204,44.729344729344724
56.34343343343343,27.92022792022792,29.914529914529915,42.16524216524217
56.40738738738739,27.635327635327634,29.059829059829063,43.3048433048433
56.471341341341336,29.914529914529915,29.34472934472934,40.74074074074074
56.53529529529529,28.774928774928775,29.629629629629626,41.5954415954416
56.59924924924925,29.059829059829063,30.76923076923077,40.17094017094017
56.6632032032032,30.484330484330485,29.914529914529915,39.6011396011396
56.72715715715716,27.635327635327634,29.34472934472934,43.01994301994302
56.79111111111111,29.629629629629626,29.914529914529915,40.45584045584046
56.85506506506506,29.914529914529915,30.1994301994302,39.88603988603989
56.91901901901902,29.914529914529915,29.914529914529915,40.17094017094017
56.98297297297297,28.774928774928775,29.629629629629626,41.5954415954416
57.04692692692692,29.629629629629626,30.1994301994302,40.17094017094017
57.11088088088088,30.76923076923077,30.484330484330485,38.74643874643874
57.17483483483483,29.059829059829063,29.914529914529915,41.02564102564102
57.23878878878879,28.49002849002849,31.339031339031337,40.17094017094017
57.30274274274274,27.92022792022792,30.1994301994302,41.88034188034188
57.36669669669669,27.065527065527068,29.914529914529915,43.01994301994302
57.43065065065065,30.484330484330485,30.1994301994302,39.31623931623932
57.4946046046046,29.34472934472934,30.1994301994302,40.45584045584046
57.55855855855856,28.205128205128204,30.1994301994302,41.5954415954416
57.62251251251251,27.065527065527068,31.62393162393162,41.31054131054131
57.68646646646646,27.92022792022792,30.1994301994302,41.88034188034188
57.75042042042042,27.350427350427353,29.059829059829063,43.58974358974359
57.814374374374374,28.205128205128204,29.914529914529915,41.88034188034188
57.87832832832832,26.780626780626783,29.629629629629626,43.58974358974359
57.94228228228228,29.059829059829063,29.914529914529915,41.02564102564102
58.006236236236234,27.350427350427353,29.914529914529915,42.73504273504273
58.07019019019019,27.92022792022792,29.34472934472934,42.73504273504273
58.134144144144145,30.1994301994302,29.34472934472934,40.45584045584046
58.19809809809809,31.339031339031337,29.629629629629626,39.03133903133903
58.26205205205205,30.484330484330485,31.62393162393162,37.89173789173789
58.326006006006004,29.914529914529915,29.914529914529915,40.17094017094017
58.38995995995996,28.49002849002849,29.629629629629626,41.88034188034188
58.45391391391391,28.774928774928775,29.629629629629626,41.5954415954416
58.517867867867864,30.1994301994302,30.1994301994302,39.6011396011396
58.58182182182182,29.914529914529915,29.629629629629626,40.45584045584046
58.645775775775775,29.34472934472934,29.629629629629626,41.02564102564102
58.70972972972973,27.635327635327634,29.914529914529915,42.45014245014245
58.77368368368368,29.059829059829063,29.914529914529915,41.02564102564102
58.837637637637634,27.635327635327634,29.914529914529915,42.45014245014245
58.90159159159159,28.205128205128204,29.914529914529915,41.88034188034188
58.965545545545545,29.059829059829063,30.1994301994302,40.74074074074074
59.029499499499494,28.774928774928775,30.1994301994302,41.02564102564102
59.09345345345345,28.774928774928775,30.1994301994302,41.02564102564102
59.157407407407405,28.49002849002849,30.484330484330485,41.02564102564102
59.22136136136136,31.054131054131055,30.1994301994302,38.74643874643874
59.285315315315316,29.629629629629626,29.629629629629626,40.74074074074074
59.349269269269264,28.49002849002849,31.054131054131055,40.45584045584046
59.41322322322322,27.065527065527068,29.34472934472934,43.58974358974359
59.477177177177175,28.49002849002849,29.914529914529915,41.5954415954416
59.54113113113113,29.629629629629626,30.1994301994302,40.17094017094017
59.60508508508508,28.774928774928775,30.484330484330485,40.74074074074074
59.669039039039035,27.635327635327634,29.914529914529915,42.45014245014245
59.73299299299299,29.059829059829063,30.1994301994302,40.74074074074074
59.796946946946946,25.925925925925924,29.914529914529915,44.15954415954416
59.8609009009009,29.059829059829063,29.34472934472934,41.5954415954416
59.92485485485485,28.205128205128204,29.34472934472934,42.45014245014245
59.988808808808805,29.914529914529915,29.059829059829063,41.02564102564102
60.05276276276276,27.92022792022792,30.1994301994302,41.88034188034188
60.11671671671672,30.1994301994302,29.059829059829063,40.74074074074074
60.180670670670665,28.49002849002849,29.914529914529915,41.5954415954416
60.24462462462462,29.629629629629626,29.059829059829063,41.31054131054131
60.308578578578576,27.065527065527068,29.914529914529915,43.01994301994302
60.37253253253253,27.92022792022792,29.914529914529915,42.16524216524217
60.43648648648649,29.059829059829063,29.34472934472934,41.5954415954416
60.500440440440435,28.205128205128204,29.914529914529915,41.88034188034188
60.56439439439439,28.49002849002849,29.629629629629626,41.88034188034188
60.62834834834835,27.635327635327634,32.763532763532766,39.6011396011396
60.6923023023023,25.925925925925924,31.339031339031337,42.73504273504273
60.75625625625625,29.059829059829063,31.908831908831907,39.03133903133903
60.820210210210206,30.1994301994302,30.76923076923077,39.03133903133903
60.88416416416416,27.92022792022792,29.629629629629626,42.45014245014245
60.94811811811812,29.059829059829063,29.059829059829063,41.88034188034188
61.01207207207207,27.92022792022792,30.1994301994302,41.88034188034188
61.07602602602602,28.205128205128204,28.49002849002849,43.3048433048433
61.13997997997998,29.059829059829063,30.1994301994302,40.74074074074074
61.20393393393393,27.92022792022792,31.908831908831907,40.17094017094017
61.26788788788789,27.635327635327634,31.62393162393162,40.74074074074074
61.331841841841836,28.774928774928775,30.76923076923077,40.45584045584046
61.39579579579579,28.774928774928775,29.059829059829063,42.16524216524217
61.45974974974975,29.34472934472934,30.1994301994302,40.45584045584046
61.5237037037037,28.205128205128204,29.34472934472934,42.45014245014245
61.58765765765766,28.774928774928775,29.059829059829063,42.16524216524217
61.65161161161161,27.635327635327634,29.34472934472934,43.01994301994302
61.71556556556556,28.774928774928775,29.34472934472934,41.88034188034188
61.77951951951952,29.34472934472934,29.059829059829063,41.5954415954416
61.84347347347347,29.629629629629626,29.914529914529915,40.45584045584046
61.90742742742742,27.92022792022792,30.76923076923077,41.31054131054131
61.97138138138138,27.92022792022792,29.34472934472934,42.73504273504273
62.03533533533533,27.065527065527068,31.339031339031337,41.5954415954416
62.09928928928929,26.780626780626783,31.054131054131055,42.16524216524217
62.163243243243244,30.1994301994302,30.1994301994302,39.6011396011396
62.22719719719719,28.205128205128204,29.34472934472934,42.45014245014245
62.29115115115115,26.21082621082621,29.34472934472934,44.44444444444444
62.3551051051051,27.92022792022792,30.1994301994302,41.88034188034188
62.41905905905906,29.914529914529915,28.774928774928775,41.31054131054131
62.48301301301301,26.495726495726498,29.34472934472934,44.15954415954416
62.54696696696696,28.49002849002849,29.629629629629626,41.88034188034188
62.61092092092092,28.49002849002849,29.914529914529915,41.5954415954416
62.674874874874874,26.780626780626783,29.914529914529915,43.3048433048433
62.73882882882883,27.635327635327634,29.629629629629626,42.73504273504273
62.80278278278278,27.92022792022792,29.629629629629626,42.45014245014245
62.86673673673673,27.635327635327634,29.629629629629626,42.73504273504273
62.93069069069069,28.205128205128204,30.1994301994302,41.5954415954416
62.994644644644644,28.205128205128204,30.1994301994302,41.5954415954416
63.05859859859859,27.92022792022792,31.054131054131055,41.02564102564102
63.12255255255255,27.92022792022792,29.629629629629626,42.45014245014245
63.186506506506504,27.065527065527068,29.34472934472934,43.58974358974359
63.25046046046046,29.059829059829063,29.34472934472934,41.5954415954416
63.314414414414415,28.49002849002849,29.914529914529915,41.5954415954416
63.37836836836836,28.774928774928775,29.34472934472934,41.88034188034188
63.44232232232232,29.34472934472934,29.914529914529915,40.74074074074074
63.506276276276274,29.059829059829063,30.1994301994302,40.74074074074074
63.57023023023023,29.34472934472934,30.1994301994302,40.45584045584046
63.63418418418418,28.49002849002849,29.34472934472934,42.16524216524217
63.698138138138134,29.059829059829063,31.054131054131055,39.88603988603989
63.76209209209209,28.205128205128204,31.054131054131055,40.74074074074074
63.826046046046045,29.629629629629626,29.059829059829063,41.31054131054131
63.89,28.205128205128204,29.34472934472934,42.45014245014245
63.95395395395395,28.205128205128204,31.62393162393162,40.17094017094017
64.01790790790791,27.92022792022792,31.339031339031337,40.74074074074074
64.08186186186185,29.059829059829063,29.914529914529915,41.02564102564102
64.14581581581581,28.49002849002849,29.34472934472934,42.16524216524217
64.20976976976976,29.34472934472934,29.629629629629626,41.02564102564102
64.27372372372372,27.92022792022792,30.484330484330485,41.5954415954416
64.33767767767768,27.065527065527068,29.059829059829063,43.87464387464387
64.40163163163163,29.059829059829063,31.62393162393162,39.31623931623932
64.46558558558559,27.635327635327634,29.629629629629626,42.73504273504273
64.52953953953954,29.059829059829063,29.914529914529915,41.02564102564102
64.5934934934935,26.495726495726498,29.914529914529915,43.58974358974359
64.65744744744744,26.495726495726498,29.34472934472934,44.15954415954416
64.7214014014014,28.774928774928775,31.054131054131055,40.17094017094017
64.78535535535535,27.350427350427353,29.629629629629626,43.01994301994302
64.8493093093093,28.49002849002849,30.484330484330485,41.02564102564102
64.91326326326326,28.205128205128204,30.1994301994302,41.5954415954416
64.97721721721722,28.205128205128204,30.1994301994302,41.5954415954416
65.04117117117117,30.76923076923077,30.484330484330485,38.74643874643874
65.10512512512513,28.774928774928775,29.34472934472934,41.88034188034188
65.16907907907908,29.34472934472934,29.34472934472934,41.31054131054131
65.23303303303302,28.49002849002849,29.34472934472934,42.16524216524217
65.29698698698698,28.205128205128204,29.34472934472934,42.45014245014245
65.36094094094094,29.34472934472934,29.059829059829063,41.5954415954416
65.42489489489489,27.635327635327634,29.059829059829063,43.3048433048433
65.48884884884885,28.205128205128204,29.629629629629626,42.16524216524217
65.5528028028028,29.059829059829063,30.484330484330485,40.45584045584046
65.61675675675676,29.059829059829063,28.49002849002849,42.45014245014245
65.68071071071071,27.350427350427353,29.34472934472934,43.3048433048433
65.74466466466467,28.49002849002849,28.774928774928775,42.73504273504273
65.80861861861861,26.780626780626783,29.914529914529915,43.3048433048433
65.87257257257257,27.065527065527068,28.205128205128204,44.729344729344724
65.93652652652652,27.92022792022792,29.34472934472934,42.73504273504273
66.00048048048048,27.065527065527068,29.914529914529915,43.01994301994302
66.06443443443443,28.49002849002849,28.774928774928775,42.73504273504273
66.12838838838839,27.92022792022792,29.914529914529915,42.16524216524217
66.19234234234234,28.49002849002849,27.92022792022792,43.58974358974359
66.2562962962963,28.774928774928775,29.914529914529915,41.31054131054131
66.32025025025025,30.1994301994302,31.339031339031337,38.46153846153847
66.3842042042042,27.635327635327634,30.76923076923077,41.5954415954416
66.44815815815815,27.065527065527068,30.76923076923077,42.16524216524217
66.5121121121121,28.774928774928775,30.1994301994302,41.02564102564102
66.57606606606606,29.34472934472934,29.34472934472934,41.31054131054131
66.64002002002002,28.205128205128204,29.34472934472934,42.45014245014245
66.70397397397397,27.635327635327634,29.34472934472934,43.01994301994302
66.76792792792793,27.350427350427353,29.629629629629626,43.01994301994302
66.83188188188188,28.49002849002849,28.205128205128204,43.3048433048433
66.89583583583584,28.205128205128204,28.774928774928775,43.01994301994302
66.95978978978978,29.34472934472934,29.629629629629626,41.02564102564102
67.02374374374374,27.350427350427353,29.914529914529915,42.73504273504273
67.08769769769769,29.34472934472934,29.059829059829063,41.5954415954416
67.15165165165165,26.780626780626783,29.34472934472934,43.87464387464387
67.2156056056056,28.205128205128204,29.34472934472934,42.45014245014245
67.27955955955956,27.92022792022792,29.34472934472934,42.73504273504273
67.34351351351351,27.92022792022792,29.059829059829063,43.01994301994302
67.40746746746747,27.350427350427353,28.49002849002849,44.15954415954416
67.47142142142143,29.629629629629626,30.484330484330485,39.88603988603989
67.53537537537537,28.774928774928775,29.629629629629626,41.5954415954416
67.59932932932932,28.205128205128204,31.054131054131055,40.74074074074074
67.66328328328328,28.49002849002849,29.34472934472934,42.16524216524217
67.72723723723723,29.34472934472934,29.629629629629626,41.02564102564102
67.79119119119119,29.059829059829063,29.34472934472934,41.5954415954416
67.85514514514514,26.495726495726498,29.629629629629626,43.87464387464387
67.9190990990991,27.065527065527068,29.34472934472934,43.58974358974359
67.98305305305306,28.205128205128204,31.054131054131055,40.74074074074074
68.04700700700701,27.350427350427353,29.914529914529915,42.73504273504273
68.11096096096095,28.205128205128204,29.914529914529915,41.88034188034188
68.17491491491491,28.49002849002849,29.34472934472934,42.16524216524217
68.23886886886886,29.059829059829063,29.629629629629626,41.31054131054131
68.30282282282282,29.629629629629626,29.629629629629626,40.74074074074074
68.36677677677677,28.205128205128204,29.914529914529915,41.88034188034188
68.43073073073073,27.635327635327634,29.059829059829063,43.3048433048433
68.49468468468469,29.34472934472934,30.1994301994302,40.45584045584046
68.55863863863864,27.92022792022792,29.34472934472934,42.73504273504273
68.6225925925926,29.914529914529915,30.1994301994302,39.88603988603989
68.68654654654654,29.34472934472934,28.774928774928775,41.88034188034188
68.7505005005005,29.059829059829063,29.914529914529915,41.02564102564102
68.81445445445445,30.1994301994302,28.774928774928775,41.02564102564102
68.8784084084084,29.059829059829063,29.629629629629626,41.31054131054131
68.94236236236236,27.92022792022792,29.34472934472934,42.73504273504273
69.00631631631632,30.76923076923077,29.34472934472934,39.88603988603989
69.07027027027027,29.629629629629626,29.629629629629626,40.74074074074074
69.13422422422423,29.059829059829063,29.629629629629626,41.31054131054131
69.19817817817818,28.774928774928775,29.059829059829063,42.16524216524217
69.26213213213212,29.059829059829063,30.484330484330485,40.45584045584046
69.32608608608608,29.914529914529915,29.629629629629626,40.45584045584046
69.39004004004003,29.059829059829063,29.059829059829063,41.88034188034188
69.45399399399399,29.34472934472934,29.34472934472934,41.31054131054131
69.51794794794795,28.774928774928775,29.629629629629626,41.5954415954416
69.5819019019019,27.350427350427353,29.059829059829063,43.58974358974359
69.64585585585586,29.914529914529915,29.059829059829063,41.02564102564102
69.70980980980981,28.774928774928775,31.054131054131055,40.17094017094017
69.77376376376377,27.635327635327634,29.629629629629626,42.73504273504273
69.83771771771771,28.205128205128204,29.059829059829063,42.73504273504273
69.90167167167166,28.774928774928775,29.914529914529915,41.31054131054131
69.96562562562562,27.350427350427353,29.629629629629626,43.01994301994302
70.02957957957958,27.635327635327634,29.059829059829063,43.3048433048433
70.09353353353353,26.780626780626783,29.914529914529915,43.3048433048433
70.15748748748749,27.350427350427353,29.34472934472934,43.3048433048433
70.22144144144144,25.925925925925924,29.914529914529915,44.15954415954416
70.2853953953954,28.205128205128204,29.914529914529915,41.88034188034188
70.34934934934935,27.350427350427353,29.34472934472934,43.3048433048433
70.4133033033033,27.635327635327634,29.059829059829063,43.3048433048433
70.47725725725725,28.205128205128204,29.34472934472934,42.45014245014245
70.5412112112112,27.065527065527068,29.914529914529915,43.01994301994302
70.60516516516516,27.065527065527068,29.629629629629626,43.3048433048433
70.66911911911912,27.350427350427353,29.914529914529915,42.73504273504273
70.73307307307307,25.356125356125357,29.629629629629626,45.01424501424501
70.79702702702703,27.635327635327634,29.914529914529915,42.45014245014245
70.86098098098098,29.914529914529915,32.193732193732195,37.89173789173789
70.92493493493494,28.205128205128204,29.059829059829063,42.73504273504273
70.98888888888888,29.059829059829063,29.629629629629626,41.31054131054131
71.05284284284284,27.635327635327634,31.054131054131055,41.31054131054131
71.11679679679679,27.92022792022792,31.908831908831907,40.17094017094017
71.18075075075075,26.21082621082621,33.33333333333333,40.45584045584046
71.2447047047047,27.635327635327634,31.62393162393162,40.74074074074074
71.30865865865866,27.635327635327634,31.908831908831907,40.45584045584046
71.37261261261261,27.065527065527068,31.339031339031337,41.5954415954416
71.43656656656657,27.635327635327634,30.1994301994302,42.16524216524217
71.50052052052052,25.925925925925924,31.054131054131055,43.01994301994302
71.56447447447447,27.92022792022792,32.193732193732195,39.88603988603989
71.62842842842842,28.205128205128204,33.61823361823362,38.17663817663818
71.69238238238238,28.774928774928775,33.04843304843305,38.17663817663818
71.75633633633633,29.34472934472934,31.908831908831907,38.74643874643874
71.82029029029029,27.065527065527068,29.059829059829063,43.87464387464387
71.88424424424424,29.059829059829063,31.62393162393162,39.31623931623932
71.9481981981982,28.205128205128204,33.04843304843305,38.74643874643874
72.01215215215215,29.34472934472934,31.908831908831907,38.74643874643874
72.07610610610611,28.49002849002849,32.763532763532766,38.74643874643874
72.14006006006005,28.49002849002849,33.04843304843305,38.46153846153847
72.204014014014,28.774928774928775,29.059829059829063,42.16524216524217
72.26796796796796,26.495726495726498,32.763532763532766,40.74074074074074
72.33192192192192,28.774928774928775,31.054131054131055,40.17094017094017
72.39587587587587,27.92022792022792,30.484330484330485,41.5954415954416
72.45982982982983,30.76923076923077,33.33333333333333,35.8974358974359
72.52378378378378,28.205128205128204,33.61823361823362,38.17663817663818
72.58773773773774,29.34472934472934,33.33333333333333,37.32193732193732
72.6516916916917,29.34472934472934,30.1994301994302,40.45584045584046
72.71564564564564,26.495726495726498,29.059829059829063,44.44444444444444
72.77959959959959,27.92022792022792,31.054131054131055,41.02564102564102
72.84355355355355,28.49002849002849,30.1994301994302,41.31054131054131
72.9075075075075,29.059829059829063,31.62393162393162,39.31623931623932
72.97146146146146,27.350427350427353,30.1994301994302,42.45014245014245
73.03541541541541,27.350427350427353,31.339031339031337,41.31054131054131
73.09936936936937,27.92022792022792,31.62393162393162,40.45584045584046
73.16332332332333,27.635327635327634,29.914529914529915,42.45014245014245
73.22727727727728,28.205128205128204,33.33333333333333,38.46153846153847
73.29123123123122,27.92022792022792,32.193732193732195,39.88603988603989
73.35518518518518,28.205128205128204,31.62393162393162,40.17094017094017
73.41913913913913,27.92022792022792,31.908831908831907,40.17094017094017
73.48309309309309,28.774928774928775,32.763532763532766,38.46153846153847
73.54704704704704,27.350427350427353,32.47863247863248,40.17094017094017
73.611001001001,27.92022792022792,31.62393162393162,40.45584045584046
73.67495495495496,27.92022792022792,31.908831908831907,40.17094017094017
73.73890890890891,29.629629629629626,31.908831908831907,38.46153846153847
73.80286286286287,27.635327635327634,33.61823361823362,38.74643874643874
73.86681681681681,28.205128205128204,32.47863247863248,39.31623931623932
73.93077077077076,28.49002849002849,31.62393162393162,39.88603988603989
73.99472472472472,27.635327635327634,33.04843304843305,39.31623931623932
74.05867867867867,27.350427350427353,29.914529914529915,42.73504273504273
74.12263263263263,27.635327635327634,31.62393162393162,40.74074074074074
74.18658658658659,26.780626780626783,31.054131054131055,42.16524216524217
74.25054054054054,24.786324786324787,32.193732193732195,43.01994301994302
74.3144944944945,29.059829059829063,30.1994301994302,40.74074074074074
74.37844844844845,27.635327635327634,31.054131054131055,41.31054131054131
74.4424024024024,27.350427350427353,32.763532763532766,39.88603988603989
74.50635635635635,29.914529914529915,33.61823361823362,36.46723646723647
74.5703103103103,27.350427350427353,31.62393162393162,41.02564102564102
74.63426426426426,27.635327635327634,29.629629629629626,42.73504273504273
74.69821821821822,27.92022792022792,31.339031339031337,40.74074074074074
74.76217217217217,28.205128205128204,31.908831908831907,39.88603988603989
74.82612612612613,27.92022792022792,31.339031339031337,40.74074074074074
74.89008008008008,29.629629629629626,30.76923076923077,39.6011396011396
74.95403403403404,29.059829059829063,31.62393162393162,39.31623931623932
75.01798798798798,27.635327635327634,31.908831908831907,40.45584045584046
75.08194194194193,27.635327635327634,33.04843304843305,39.31623931623932
75.14589589589589,29.059829059829063,29.914529914529915,41.02564102564102
75.20984984984985,25.64102564102564,30.76923076923077,43.58974358974359
75.2738038038038,27.635327635327634,31.908831908831907,40.45584045584046
75.33775775775776,29.34472934472934,31.339031339031337,39.31623931623932
75.40171171171171,28.205128205128204,33.04843304843305,38.74643874643874
75.46566566566567,27.350427350427353,30.76923076923077,41.88034188034188
75.52961961961962,28.49002849002849,33.33333333333333,38.17663817663818
75.59357357357356,27.065527065527068,32.47863247863248,40.45584045584046
75.65752752752752,27.350427350427353,32.193732193732195,40.45584045584046
75.72148148148148,26.21082621082621,33.903133903133906,39.88603988603989
75.78543543543543,31.339031339031337,32.763532763532766,35.8974358974359
75.84938938938939,26.780626780626783,32.47863247863248,40.74074074074074
75.91334334334334,26.21082621082621,30.484330484330485,43.3048433048433
75.9772972972973,28.774928774928775,32.763532763532766,38.46153846153847
76.04125125125125,27.92022792022792,33.04843304843305,39.03133903133903
76.10520520520521,28.774928774928775,32.763532763532766,38.46153846153847
76.16915915915915,27.065527065527068,31.62393162393162,41.31054131054131
76.2331131131131,27.92022792022792,32.47863247863248,39.6011396011396
76.29706706706706,27.350427350427353,30.484330484330485,42.16524216524217
76.36102102102102,29.34472934472934,32.193732193732195,38.46153846153847
76.42497497497497,26.780626780626783,31.339031339031337,41.88034188034188
76.48892892892893,28.49002849002849,31.908831908831907,39.6011396011396
76.55288288288288,27.350427350427353,31.62393162393162,41.02564102564102
76.61683683683684,27.92022792022792,32.47863247863248,39.6011396011396
76.6807907907908,27.92022792022792,32.193732193732195,39.88603988603989
76.74474474474474,27.350427350427353,31.62393162393162,41.02564102564102
76.80869869869869,27.92022792022792,31.339031339031337,40.74074074074074
76.87265265265265,27.065527065527068,32.193732193732195,40.74074074074074
76.9366066066066,29.629629629629626,33.04843304843305,37.32193732193732
77.00056056056056,27.92022792022792,32.47863247863248,39.6011396011396
77.06451451451451,29.34472934472934,31.62393162393162,39.03133903133903
77.12846846846847,29.34472934472934,30.1994301994302,40.45584045584046
77.19242242242242,28.49002849002849,32.47863247863248,39.03133903133903
77.25637637637638,27.92022792022792,30.1994301994302,41.88034188034188
77.32033033033032,26.495726495726498,31.62393162393162,41.88034188034188
77.38428428428428,28.49002849002849,33.61823361823362,37.89173789173789
77.44823823823823,29.34472934472934,32.193732193732195,38.46153846153847
77.51219219219219,27.92022792022792,33.903133903133906,38.17663817663818
77.57614614614614,27.635327635327634,32.47863247863248,39.88603988603989
77.6401001001001,27.92022792022792,32.763532763532766,39.31623931623932
77.70405405405405,27.92022792022792,33.903133903133906,38.17663817663818
77.76800800800801,28.205128205128204,30.76923076923077,41.02564102564102
77.83196196196197,27.350427350427353,31.908831908831907,40.74074074074074
77.89591591591591,29.059829059829063,32.193732193732195,38.74643874643874
77.95986986986986,28.49002849002849,31.054131054131055,40.45584045584046
78.02382382382382,27.92022792022792,32.193732193732195,39.88603988603989
78.08777777777777,27.065527065527068,32.47863247863248,40.45584045584046
78.15173173173173,29.34472934472934,32.763532763532766,37.89173789173789
78.21568568568568,26.495726495726498,33.61823361823362,39.88603988603989
78.27963963963964,27.92022792022792,32.47863247863248,39.6011396011396
78.3435935935936,27.92022792022792,32.47863247863248,39.6011396011396
78.40754754754755,29.914529914529915,33.903133903133906,36.182336182336186
78.47150150150149,27.92022792022792,32.47863247863248,39.6011396011396
78.53545545545545,27.350427350427353,31.054131054131055,41.5954415954416
78.5994094094094,29.34472934472934,31.054131054131055,39.6011396011396
78.66336336336336,28.49002849002849,32.763532763532766,38.74643874643874
78.72731731731731,28.205128205128204,32.763532763532766,39.03133903133903
78.79127127127127,27.92022792022792,32.47863247863248,39.6011396011396
78.85522522522523,27.065527065527068,32.47863247863248,40.45584045584046
78.91917917917918,27.635327635327634,32.193732193732195,40.17094017094017
78.98313313313314,29.059829059829063,30.484330484330485,40.45584045584046
79.04708708708708,26.495726495726498,32.47863247863248,41.02564102564102
79.11104104104103,25.925925925925924,32.763532763532766,41.31054131054131
79.17499499499499,29.629629629629626,31.054131054131055,39.31623931623932
79.23894894894894,27.065527065527068,32.763532763532766,40.17094017094017
79.3029029029029,28.49002849002849,33.04843304843305,38.46153846153847
79.36685685685686,26.21082621082621,29.914529914529915,43.87464387464387
79.43081081081081,29.34472934472934,32.193732193732195,38.46153846153847
79.49476476476477,28.49002849002849,32.763532763532766,38.74643874643874
79.55871871871872,28.774928774928775,32.763532763532766,38.46153846153847
79.62267267267266,28.205128205128204,31.054131054131055,40.74074074074074
79.68662662662662,29.629629629629626,31.054131054131055,39.31623931623932
79.75058058058057,27.92022792022792,31.339031339031337,40.74074074074074
79.81453453453453,30.1994301994302,32.193732193732195,37.60683760683761
79.87848848848849,26.21082621082621,32.193732193732195,41.5954415954416
79.94244244244244,29.34472934472934,31.908831908831907,38.74643874643874
80.0063963963964,29.629629629629626,31.62393162393162,38.74643874643874
80.07035035035035,29.059829059829063,32.193732193732195,38.74643874643874
80.13430430430431,30.484330484330485,31.908831908831907,37.60683760683761
80.19825825825825,27.635327635327634,30.76923076923077,41.5954415954416
80.2622122122122,29.34472934472934,31.62393162393162,39.03133903133903
80.32616616616616,29.629629629629626,30.1994301994302,40.17094017094017
80.39012012012012,27.92022792022792,30.1994301994302,41.88034188034188
80.45407407407407,27.065527065527068,30.1994301994302,42.73504273504273
80.51802802802803,29.914529914529915,30.1994301994302,39.88603988603989
80.58198198198198,28.205128205128204,29.629629629629626,42.16524216524217
80.64593593593594,27.350427350427353,31.054131054131055,41.5954415954416
80.7098898898899,27.635327635327634,33.33333333333333,39.03133903133903
80.77384384384384,28.205128205128204,31.908831908831907,39.88603988603989
80.83779779779779,28.49002849002849,31.62393162393162,39.88603988603989
80.90175175175175,28.774928774928775,31.339031339031337,39.88603988603989
80.9657057057057,27.065527065527068,32.763532763532766,40.17094017094017
81.02965965965966,28.49002849002849,31.908831908831907,39.6011396011396
81.09361361361361,28.774928774928775,32.47863247863248,38.74643874643874
81.15756756756757,28.774928774928775,32.763532763532766,38.46153846153847
81.22152152152152,28.49002849002849,32.763532763532766,38.74643874643874
81.28547547547548,29.059829059829063,31.908831908831907,39.03133903133903
81.34942942942942,29.34472934472934,31.339031339031337,39.31623931623932
81.41338338338338,29.34472934472934,32.193732193732195,38.46153846153847
81.47733733733733,26.21082621082621,30.1994301994302,43.58974358974359
81.54129129129129,28.205128205128204,32.47863247863248,39.31623931623932
81.60524524524524,28.774928774928775,30.76923076923077,40.45584045584046
81.6691991991992,26.495726495726498,30.1994301994302,43.3048433048433
81.73315315315315,29.914529914529915,32.763532763532766,37.32193732193732
81.79710710710711,28.205128205128204,32.193732193732195,39.6011396011396
81.86106106106106,28.205128205128204,30.1994301994302,41.5954415954416
81.925015015015,28.205128205128204,32.47863247863248,39.31623931623932
81.98896896896896,28.774928774928775,32.47863247863248,38.74643874643874
82.05292292292292,27.635327635327634,31.62393162393162,40.74074074074074
82.11687687687687,29.914529914529915,32.47863247863248,37.60683760683761
82.18083083083083,27.92022792022792,29.914529914529915,42.16524216524217
82.24478478478478,29.629629629629626,32.763532763532766,37.60683760683761
82.30873873873874,27.350427350427353,31.908831908831907,40.74074074074074
82.3726926926927,28.205128205128204,32.763532763532766,39.03133903133903
82.43664664664664,29.059829059829063,31.908831908831907,39.03133903133903
82.50060060060059,29.629629629629626,31.908831908831907,38.46153846153847
82.56455455455455,26.780626780626783,32.763532763532766,40.45584045584046
82.6285085085085,28.49002849002849,30.484330484330485,41.02564102564102
82.69246246246246,29.629629629629626,31.054131054131055,39.31623931623932
82.75641641641641,27.92022792022792,32.47863247863248,39.6011396011396
82.82037037037037,28.205128205128204,33.04843304843305,38.74643874643874
82.88432432432433,28.49002849002849,32.47863247863248,39.03133903133903
82.94827827827828,31.054131054131055,31.054131054131055,37.89173789173789
83.01223223223222,27.635327635327634,32.193732193732195,40.17094017094017
83.07618618618618,27.92022792022792,32.47863247863248,39.6011396011396
83.14014014014013,28.49002849002849,29.629629629629626,41.88034188034188
83.20409409409409,27.350427350427353,31.339031339031337,41.31054131054131
83.26804804804804,27.350427350427353,32.193732193732195,40.45584045584046
83.332002002002,27.350427350427353,32.47863247863248,40.17094017094017
83.39595595595596,28.49002849002849,31.054131054131055,40.45584045584046
83.45990990990991,30.1994301994302,31.054131054131055,38.74643874643874
83.52386386386387,25.64102564102564,32.763532763532766,41.5954415954416
83.58781781781781,27.635327635327634,32.47863247863248,39.88603988603989
83.65177177177176,26.780626780626783,31.62393162393162,41.5954415954416
83.71572572572572,26.21082621082621,31.908831908831907,41.88034188034188
83.77967967967967,26.21082621082621,32.763532763532766,41.02564102564102
83.84363363363363,29.059829059829063,32.763532763532766,38.17663817663818
83.90758758758759,29.059829059829063,32.763532763532766,38.17663817663818
83.97154154154154,27.350427350427353,32.763532763532766,39.88603988603989
84.0354954954955,28.49002849002849,30.76923076923077,40.74074074074074
84.09944944944945,28.49002849002849,30.76923076923077,40.74074074074074
84.1634034034034,29.34472934472934,29.914529914529915,40.74074074074074
84.22735735735735,28.49002849002849,32.47863247863248,39.03133903133903
84.2913113113113,28.49002849002849,32.47863247863248,39.03133903133903
84.35526526526526,28.205128205128204,31.339031339031337,40.45584045584046
84.41921921921922,28.205128205128204,30.76923076923077,41.02564102564102
84.48317317317317,28.205128205128204,31.62393162393162,40.17094017094017
84.54712712712713,27.350427350427353,31.054131054131055,41.5954415954416
84.61108108108108,27.065527065527068,30.76923076923077,42.16524216524217
84.67503503503504,25.356125356125357,33.04843304843305,41.5954415954416
84.73898898898898,29.059829059829063,31.62393162393162,39.31623931623932
84.80294294294293,28.49002849002849,32.47863247863248,39.03133903133903
84.86689689689689,28.49002849002849,30.76923076923077,40.74074074074074
84.93085085085085,30.1994301994302,31.054131054131055,38.74643874643874
84.9948048048048,28.49002849002849,30.76923076923077,40.74074074074074
85.05875875875876,26.780626780626783,32.763532763532766,40.45584045584046
85.12271271271271,28.774928774928775,32.47863247863248,38.74643874643874
85.18666666666667,28.49002849002849,30.76923076923077,40.74074074074074
85.25062062062062,30.76923076923077,31.339031339031337,37.89173789173789
85.31457457457456,29.629629629629626,30.76923076923077,39.6011396011396
85.37852852852852,28.774928774928775,32.763532763532766,38.46153846153847
85.44248248248248,29.34472934472934,32.763532763532766,37.89173789173789
85.50643643643643,29.34472934472934,32.47863247863248,38.17663817663818
85.57039039039039,29.059829059829063,30.484330484330485,40.45584045584046
85.63434434434434,26.495726495726498,30.484330484330485,43.01994301994302
85.6982982982983,29.34472934472934,32.47863247863248,38.17663817663818
85.76225225225225,30.1994301994302,31.908831908831907,37.89173789173789
85.82620620620621,31.054131054131055,32.193732193732195,36.75213675213676
85.89016016016015,27.635327635327634,30.1994301994302,42.16524216524217
85.9541141141141,28.49002849002849,30.76923076923077,40.74074074074074
86.01806806806806,30.1994301994302,29.914529914529915,39.88603988603989
86.08202202202202,28.49002849002849,31.054131054131055,40.45584045584046
86.14597597597597,29.059829059829063,32.763532763532766,38.17663817663818
86.20992992992993,26.21082621082621,32.193732193732195,41.5954415954416
86.27388388388388,29.34472934472934,30.484330484330485,40.17094017094017
86.33783783783784,27.92022792022792,32.47863247863248,39.6011396011396
86.4017917917918,27.065527065527068,32.193732193732195,40.74074074074074
86.46574574574574,28.774928774928775,31.339031339031337,39.88603988603989
86.52969969969969,27.350427350427353,31.908831908831907,40.74074074074074
86.59365365365365,29.059829059829063,30.484330484330485,40.45584045584046
86.6576076076076,29.34472934472934,30.76923076923077,39.88603988603989
86.72156156156156,27.92022792022792,30.484330484330485,41.5954415954416
86.78551551551551,30.1994301994302,29.914529914529915,39.88603988603989
86.84946946946947,26.780626780626783,32.763532763532766,40.45584045584046
86.91342342342342,27.350427350427353,32.47863247863248,40.17094017094017
86.97737737737738,27.92022792022792,30.1994301994302,41.88034188034188
87.04133133133132,29.34472934472934,32.47863247863248,38.17663817663818
87.10528528528528,27.92022792022792,30.484330484330485,41.5954415954416
87.16923923923923,29.629629629629626,31.054131054131055,39.31623931623932
87.23319319319319,29.34472934472934,29.629629629629626,41.02564102564102
87.29714714714714,27.635327635327634,31.339031339031337,41.02564102564102
87.3611011011011,29.629629629629626,31.339031339031337,39.03133903133903
87.42505505505505,29.914529914529915,30.484330484330485,39.6011396011396
87.48900900900901,29.629629629629626,31.339031339031337,39.03133903133903
87.55296296296297,29.34472934472934,32.763532763532766,37.89173789173789
87.6169169169169,30.484330484330485,34.18803418803419,35.32763532763533
87.68087087087086,30.1994301994302,30.76923076923077,39.03133903133903
87.74482482482482,29.34472934472934,30.1994301994302,40.45584045584046
87.80877877877877,30.484330484330485,32.47863247863248,37.03703703703704
87.87273273273273,29.629629629629626,31.339031339031337,39.03133903133903
87.93668668668668,29.629629629629626,32.763532763532766,37.60683760683761
88.00064064064064,27.635327635327634,31.908831908831907,40.45584045584046
88.0645945945946,27.065527065527068,32.763532763532766,40.17094017094017
88.12854854854855,26.780626780626783,32.763532763532766,40.45584045584046
88.19250250250249,27.635327635327634,32.193732193732195,40.17094017094017
88.25645645645645,27.92022792022792,33.61823361823362,38.46153846153847
88.3204104104104,28.774928774928775,32.47863247863248,38.74643874643874
88.38436436436436,31.054131054131055,31.908831908831907,37.03703703703704
88.44831831831831,30.484330484330485,29.34472934472934,40.17094017094017
88.51227227227227,28.49002849002849,32.763532763532766,38.74643874643874
88.57622622622623,30.1994301994302,32.763532763532766,37.03703703703704
88.64018018018018,28.774928774928775,30.76923076923077,40.45584045584046
88.70413413413414,29.914529914529915,33.04843304843305,37.03703703703704
88.76808808808808,29.34472934472934,30.76923076923077,39.88603988603989
88.83204204204203,27.92022792022792,31.054131054131055,41.02564102564102
88.89599599599599,28.49002849002849,31.62393162393162,39.88603988603989
88.95994994994994,31.054131054131055,30.76923076923077,38.17663817663818
89.0239039039039,29.34472934472934,31.908831908831907,38.74643874643874
89.08785785785786,27.92022792022792,31.054131054131055,41.02564102564102
89.15181181181181,28.774928774928775,32.763532763532766,38.46153846153847
89.21576576576577,27.92022792022792,33.04843304843305,39.03133903133903
89.27971971971972,28.205128205128204,30.484330484330485,41.31054131054131
89.34367367367366,29.629629629629626,32.193732193732195,38.17663817663818
89.40762762762762,28.774928774928775,30.484330484330485,40.74074074074074
89.47158158158157,28.205128205128204,30.76923076923077,41.02564102564102
89.53553553553553,28.774928774928775,31.908831908831907,39.31623931623932
89.59948948948949,27.92022792022792,31.339031339031337,40.74074074074074
89.66344344344344,30.484330484330485,32.763532763532766,36.75213675213676
89.7273973973974,29.629629629629626,31.339031339031337,39.03133903133903
89.79135135135135,28.205128205128204,32.763532763532766,39.03133903133903
89.85530530530531,29.629629629629626,30.76923076923077,39.6011396011396
89.91925925925925,28.774928774928775,33.61823361823362,37.60683760683761
89.9832132132132,30.484330484330485,30.76923076923077,38.74643874643874
90.04716716716716,30.76923076923077,32.763532763532766,36.46723646723647
90.11112112112112,29.914529914529915,30.484330484330485,39.6011396011396
90.17507507507507,28.205128205128204,29.914529914529915,41.88034188034188
90.23902902902903,29.059829059829063,29.914529914529915,41.02564102564102
90.30298298298298,29.629629629629626,30.76923076923077,39.6011396011396
90.36693693693694,26.780626780626783,32.47863247863248,40.74074074074074
90.4308908908909,30.76923076923077,28.205128205128204,41.02564102564102
90.49484484484483,27.92022792022792,31.908831908831907,40.17094017094017
90.55879879879879,30.76923076923077,31.908831908831907,37.32193732193732
90.62275275275275,29.629629629629626,31.339031339031337,39.03133903133903
90.6867067067067,29.059829059829063,29.629629629629626,41.31054131054131
90.75066066066066,29.34472934472934,30.1994301994302,40.45584045584046
90.81461461461461,31.908831908831907,31.62393162393162,36.46723646723647
90.87856856856857,27.635327635327634,31.339031339031337,41.02564102564102
90.94252252252252,29.34472934472934,30.1994301994302,40.45584045584046
91.00647647647648,30.76923076923077,29.914529914529915,39.31623931623932
91.07043043043042,31.908831908831907,31.054131054131055,37.03703703703704
91.13438438438438,30.484330484330485,31.908831908831907,37.60683760683761
91.19833833833833,27.92022792022792,31.054131054131055,41.02564102564102
91.26229229229229,30.1994301994302,32.193732193732195,37.60683760683761
91.32624624624624,29.914529914529915,33.61823361823362,36.46723646723647
91.3902002002002,29.059829059829063,32.763532763532766,38.17663817663818
91.45415415415415,31.054131054131055,34.18803418803419,34.75783475783476
91.51810810810811,29.914529914529915,32.47863247863248,37.60683760683761
91.58206206206206,28.774928774928775,32.763532763532766,38.46153846153847
91.646016016016,29.34472934472934,31.62393162393162,39.03133903133903
91.70996996996996,30.484330484330485,31.339031339031337,38.17663817663818
91.77392392392392,28.49002849002849,31.339031339031337,40.17094017094017
91.83787787787787,30.76923076923077,32.47863247863248,36.75213675213676
91.90183183183183,26.495726495726498,32.193732193732195,41.31054131054131
91.96578578578578,28.774928774928775,32.47863247863248,38.74643874643874
92.02973973973974,27.065527065527068,32.763532763532766,40.17094017094017
92.0936936936937,28.774928774928775,32.763532763532766,38.46153846153847
92.15764764764765,27.065527065527068,30.76923076923077,42.16524216524217
92.22160160160159,30.1994301994302,33.33333333333333,36.46723646723647
92.28555555555555,29.34472934472934,32.193732193732195,38.46153846153847
92.3495095095095,32.193732193732195,30.484330484330485,37.32193732193732
92.41346346346346,30.76923076923077,31.054131054131055,38.17663817663818
92.47741741741741,31.62393162393162,30.76923076923077,37.60683760683761
92.54137137137137,31.62393162393162,30.484330484330485,37.89173789173789
92.60532532532532,28.774928774928775,33.61823361823362,37.60683760683761
92.66927927927928,29.914529914529915,32.193732193732195,37.89173789173789
92.73323323323324,30.1994301994302,32.47863247863248,37.32193732193732
92.79718718718718,30.1994301994302,31.908831908831907,37.89173789173789
92.86114114114113,31.339031339031337,32.193732193732195,36.46723646723647
92.92509509509509,32.193732193732195,32.47863247863248,35.32763532763533
92.98904904904904,28.49002849002849,32.47863247863248,39.03133903133903
93.053003003003,30.76923076923077,32.193732193732195,37.03703703703704
93.11695695695695,31.339031339031337,29.34472934472934,39.31623931623932
93.18091091091091,31.054131054131055,30.1994301994302,38.74643874643874
93.24486486486487,29.059829059829063,33.61823361823362,37.32193732193732
93.30881881881882,29.914529914529915,33.61823361823362,36.46723646723647
93.37277277277276,28.774928774928775,31.054131054131055,40.17094017094017
93.43672672672672,29.34472934472934,33.04843304843305,37.60683760683761
93.50068068068067,30.1994301994302,31.339031339031337,38.46153846153847
93.56463463463463,29.629629629629626,31.339031339031337,39.03133903133903
93.62858858858858,31.62393162393162,32.763532763532766,35.61253561253561
93.69254254254254,30.76923076923077,32.763532763532766,36.46723646723647
93.7564964964965,28.49002849002849,29.914529914529915,41.5954415954416
93.82045045045045,29.629629629629626,30.484330484330485,39.88603988603989
93.8844044044044,28.49002849002849,30.76923076923077,40.74074074074074
93.94835835835835,26.780626780626783,31.908831908831907,41.31054131054131
94.0123123123123,29.629629629629626,32.763532763532766,37.60683760683761
94.07626626626626,27.350427350427353,30.76923076923077,41.88034188034188
94.14022022022021,28.774928774928775,31.054131054131055,40.17094017094017
94.20417417417417,29.059829059829063,32.763532763532766,38.17663817663818
94.26812812812813,30.484330484330485,32.193732193732195,37.32193732193732
94.33208208208208,29.914529914529915,33.33333333333333,36.75213675213676
94.39603603603604,30.484330484330485,32.193732193732195,37.32193732193732
94.45998998998999,30.484330484330485,32.193732193732195,37.32193732193732
94.52394394394393,29.629629629629626,32.193732193732195,38.17663817663818
94.58789789789789,30.484330484330485,32.193732193732195,37.32193732193732
94.65185185185184,30.484330484330485,31.908831908831907,37.60683760683761
94.7158058058058,29.914529914529915,31.908831908831907,38.17663817663818
94.77975975975976,29.914529914529915,31.908831908831907,38.17663817663818
94.84371371371371,31.054131054131055,31.908831908831907,37.03703703703704
94.90766766766767,30.76923076923077,30.484330484330485,38.74643874643874
94.97162162162162,29.629629629629626,32.193732193732195,38.17663817663818
95.03557557557558,30.76923076923077,31.62393162393162,37.60683760683761
95.09952952952952,31.339031339031337,31.054131054131055,37.60683760683761
95.16348348348347,31.62393162393162,32.193732193732195,36.182336182336186
95.22743743743743,31.339031339031337,31.339031339031337,37.32193732193732
95.29139139139139,29.629629629629626,29.34472934472934,41.02564102564102
95.35534534534534,29.629629629629626,31.908831908831907,38.46153846153847
95.4192992992993,30.484330484330485,32.193732193732195,37.32193732193732
95.48325325325325,30.76923076923077,32.193732193732195,37.03703703703704
95.54720720720721,31.054131054131055,31.908831908831907,37.03703703703704
95.61116116116116,29.34472934472934,30.484330484330485,40.17094017094017
95.6751151151151,32.193732193732195,30.76923076923077,37.03703703703704
95.73906906906906,31.339031339031337,33.04843304843305,35.61253561253561
95.80302302302302,32.193732193732195,30.1994301994302,37.60683760683761
95.86697697697697,29.629629629629626,31.054131054131055,39.31623931623932
95.93093093093093,30.1994301994302,31.339031339031337,38.46153846153847
95.99488488488488,31.62393162393162,33.33333333333333,35.04273504273504
96.05883883883884,28.774928774928775,33.33333333333333,37.89173789173789
96.1227927927928,29.34472934472934,33.04843304843305,37.60683760683761
96.18674674674675,29.914529914529915,31.339031339031337,38.74643874643874
96.25070070070069,30.76923076923077,31.339031339031337,37.89173789173789
96.31465465465465,32.193732193732195,30.484330484330485,37.32193732193732
96.3786086086086,31.62393162393162,31.62393162393162,36.75213675213676
96.44256256256256,29.34472934472934,28.205128205128204,42.45014245014245
96.50651651651651,29.059829059829063,31.908831908831907,39.03133903133903
96.57047047047047,29.629629629629626,31.908831908831907,38.46153846153847
96.63442442442442,31.339031339031337,31.62393162393162,37.03703703703704
96.69837837837838,31.62393162393162,29.34472934472934,39.03133903133903
96.76233233233233,30.1994301994302,30.484330484330485,39.31623931623932
96.82628628628628,30.1994301994302,31.339031339031337,38.46153846153847
96.89024024024023,30.1994301994302,30.484330484330485,39.31623931623932
96.95419419419419,29.059829059829063,30.1994301994302,40.74074074074074
97.01814814814814,30.1994301994302,31.908831908831907,37.89173789173789
97.0821021021021,31.339031339031337,32.763532763532766,35.8974358974359
97.14605605605605,30.1994301994302,30.484330484330485,39.31623931623932
97.21001001001001,28.774928774928775,30.1994301994302,41.02564102564102
97.27396396396396,28.49002849002849,32.193732193732195,39.31623931623932
97.33791791791792,28.205128205128204,31.054131054131055,40.74074074074074
97.40187187187186,30.484330484330485,31.054131054131055,38.46153846153847
97.46582582582582,31.054131054131055,33.04843304843305,35.8974358974359
97.52977977977977,30.76923076923077,30.76923076923077,38.46153846153847
97.59373373373373,27.92022792022792,31.339031339031337,40.74074074074074
97.65768768768768,29.059829059829063,29.059829059829063,41.88034188034188
97.72164164164164,29.34472934472934,31.908831908831907,38.74643874643874
97.7855955955956,31.339031339031337,31.908831908831907,36.75213675213676
97.84954954954955,30.1994301994302,32.193732193732195,37.60683760683761
97.9135035035035,30.484330484330485,31.339031339031337,38.17663817663818
97.97745745745745,27.92022792022792,32.193732193732195,39.88603988603989
98.0414114114114,29.34472934472934,31.62393162393162,39.03133903133903
98.10536536536536,30.484330484330485,31.62393162393162,37.89173789173789
98.16931931931931,31.339031339031337,31.339031339031337,37.32193732193732
98.23327327327327,29.34472934472934,31.908831908831907,38.74643874643874
98.29722722722722,29.914529914529915,29.914529914529915,40.17094017094017
98.36118118118118,30.76923076923077,30.484330484330485,38.74643874643874
98.42513513513514,29.059829059829063,32.763532763532766,38.17663817663818
98.48908908908909,30.76923076923077,28.774928774928775,40.45584045584046
98.55304304304303,31.62393162393162,31.908831908831907,36.46723646723647
98.61699699699699,31.339031339031337,29.914529914529915,38.74643874643874
98.68095095095094,28.49002849002849,33.33333333333333,38.17663817663818
98.7449049049049,30.1994301994302,31.908831908831907,37.89173789173789
98.80885885885886,29.914529914529915,31.908831908831907,38.17663817663818
98.87281281281281,29.34472934472934,29.914529914529915,40.74074074074074
98.93676676676677,30.484330484330485,33.903133903133906,35.61253561253561
99.00072072072072,29.34472934472934,30.76923076923077,39.88603988603989
99.06467467467468,32.47863247863248,31.908831908831907,35.61253561253561
99.12862862862862,29.914529914529915,31.908831908831907,38.17663817663818
99.19258258258257,32.763532763532766,29.059829059829063,38.17663817663818
99.25653653653653,29.34472934472934,30.1994301994302,40.45584045584046
99.32049049049049,29.914529914529915,30.1994301994302,39.88603988603989
99.38444444444444,30.76923076923077,30.484330484330485,38.74643874643874
99.4483983983984,30.484330484330485,33.61823361823362,35.8974358974359
99.51235235235235,28.49002849002849,32.47863247863248,39.03133903133903
99.57630630630631,29.914529914529915,32.47863247863248,37.60683760683761
99.64026026026026,31.339031339031337,31.62393162393162,37.03703703703704
99.7042142142142,29.059829059829063,29.629629629629626,41.31054131054131
99.76816816816816,29.059829059829063,29.914529914529915,41.02564102564102
99.83212212212212,30.76923076923077,30.76923076923077,38.46153846153847
99.89607607607607,29.914529914529915,32.193732193732195,37.89173789173789
99.96003003003003,30.76923076923077,31.339031339031337,37.89173789173789
100.02398398398398,29.629629629629626,31.908831908831907,38.46153846153847
100.08793793793794,30.76923076923077,32.47863247863248,36.75213675213676
100.15189189189189,31.908831908831907,31.339031339031337,36.75213675213676
100.21584584584585,31.62393162393162,30.76923076923077,37.60683760683761
100.27979979979979,31.62393162393162,33.04843304843305,35.32763532763533
100.34375375375375,32.193732193732195,29.629629629629626,38.17663817663818
100.4077077077077,30.484330484330485,33.33333333333333,36.182336182336186
100.47166166166166,30.1994301994302,30.1994301994302,39.6011396011396
100.53561561561561,30.484330484330485,32.193732193732195,37.32193732193732
100.59956956956957,30.484330484330485,32.763532763532766,36.75213675213676
100.66352352352352,28.205128205128204,33.61823361823362,38.17663817663818
100.72747747747748,28.205128205128204,33.04843304843305,38.74643874643874
100.79143143143143,30.1994301994302,31.339031339031337,38.46153846153847
100.85538538538538,29.914529914529915,30.1994301994302,39.88603988603989
100.91933933933933,29.059829059829063,31.908831908831907,39.03133903133903
100.98329329329329,29.914529914529915,31.62393162393162,38.46153846153847
101.04724724724724,30.1994301994302,31.054131054131055,38.74643874643874
101.1112012012012,30.484330484330485,31.054131054131055,38.46153846153847
101.17515515515515,28.774928774928775,32.193732193732195,39.03133903133903
101.23910910910911,30.484330484330485,32.193732193732195,37.32193732193732
101.30306306306306,31.339031339031337,31.908831908831907,36.75213675213676
101.36701701701702,31.339031339031337,31.908831908831907,36.75213675213676
101.43097097097096,29.914529914529915,32.193732193732195,37.89173789173789
101.49492492492492,30.76923076923077,31.62393162393162,37.60683760683761
101.55887887887887,30.1994301994302,31.908831908831907,37.89173789173789
101.62283283283283,31.908831908831907,31.339031339031337,36.75213675213676
101.68678678678678,30.1994301994302,31.908831908831907,37.89173789173789
101.75074074074074,31.339031339031337,31.908831908831907,36.75213675213676
101.8146946946947,31.339031339031337,33.33333333333333,35.32763532763533
101.87864864864865,31.339031339031337,31.054131054131055,37.60683760683761
101.9426026026026,31.054131054131055,31.908831908831907,37.03703703703704
102.00655655655655,31.339031339031337,31.908831908831907,36.75213675213676
102.0705105105105,31.339031339031337,30.76923076923077,37.89173789173789
102.13446446446446,31.054131054131055,31.908831908831907,37.03703703703704
102.19841841841841,30.484330484330485,31.908831908831907,37.60683760683761
102.26237237237237,31.908831908831907,29.629629629629626,38.46153846153847
102.32632632632632,31.054131054131055,31.908831908831907,37.03703703703704
102.39028028028028,32.193732193732195,31.62393162393162,36.182336182336186
102.45423423423424,31.339031339031337,31.054131054131055,37.60683760683761
102.51818818818819,31.054131054131055,33.33333333333333,35.61253561253561
102.58214214214213,30.1994301994302,31.339031339031337,38.46153846153847
102.64609609609609,31.054131054131055,32.763532763532766,36.182336182336186
102.71005005005004,31.054131054131055,31.62393162393162,37.32193732193732
102.774004004004,29.914529914529915,31.62393162393162,38.46153846153847
102.83795795795795,30.1994301994302,31.908831908831907,37.89173789173789
102.90191191191191,29.059829059829063,30.484330484330485,40.45584045584046
102.96586586586587,30.484330484330485,31.908831908831907,37.60683760683761
103.02981981981982,31.62393162393162,33.04843304843305,35.32763532763533
103.09377377377378,28.774928774928775,29.914529914529915,41.31054131054131
103.15772772772772,31.908831908831907,30.1994301994302,37.89173789173789
103.22168168168167,32.763532763532766,31.62393162393162,35.61253561253561
103.28563563563563,29.914529914529915,31.054131054131055,39.03133903133903
103.34958958958958,30.1994301994302,30.76923076923077,39.03133903133903
103.41354354354354,29.059829059829063,28.49002849002849,42.45014245014245
103.4774974974975,32.47863247863248,31.339031339031337,36.182336182336186
103.54145145145145,29.059829059829063,31.908831908831907,39.03133903133903
103.6054054054054,32.193732193732195,31.908831908831907,35.8974358974359
103.66935935935936,30.484330484330485,30.1994301994302,39.31623931623932
103.7333133133133,29.34472934472934,31.908831908831907,38.74643874643874
103.79726726726726,29.629629629629626,32.193732193732195,38.17663817663818
103.86122122122121,30.484330484330485,31.62393162393162,37.89173789173789
103.92517517517517,30.76923076923077,31.054131054131055,38.17663817663818
103.98912912912913,30.1994301994302,33.33333333333333,36.46723646723647
104.05308308308308,29.34472934472934,33.33333333333333,37.32193732193732
104.11703703703704,30.484330484330485,31.054131054131055,38.46153846153847
104.18099099099099,28.774928774928775,31.62393162393162,39.6011396011396
104.24494494494495,29.914529914529915,31.339031339031337,38.74643874643874
104.30889889889889,30.484330484330485,33.33333333333333,36.182336182336186
104.37285285285284,28.49002849002849,31.908831908831907,39.6011396011396
104.4368068068068,27.065527065527068,31.62393162393162,41.31054131054131
104.50076076076076,31.054131054131055,31.908831908831907,37.03703703703704
104.56471471471471,31.62393162393162,31.62393162393162,36.75213675213676
104.62866866866867,28.49002849002849,31.62393162393162,39.88603988603989
104.69262262262262,30.1994301994302,31.62393162393162,38.17663817663818
104.75657657657658,29.914529914529915,31.908831908831907,38.17663817663818
104.82053053053053,30.1994301994302,32.193732193732195,37.60683760683761
104.88448448448447,30.484330484330485,32.193732193732195,37.32193732193732
104.94843843843843,30.1994301994302,31.908831908831907,37.89173789173789
105.01239239239239,29.34472934472934,31.62393162393162,39.03133903133903
105.07634634634634,29.059829059829063,32.193732193732195,38.74643874643874
105.1403003003003,28.205128205128204,31.62393162393162,40.17094017094017
105.20425425425425,29.914529914529915,31.62393162393162,38.46153846153847
105.26820820820821,29.34472934472934,30.1994301994302,40.45584045584046
105.33216216216216,29.914529914529915,30.76923076923077,39.31623931623932
105.39611611611612,28.774928774928775,31.908831908831907,39.31623931623932
105.46007007007006,29.914529914529915,32.193732193732195,37.89173789173789
105.52402402402402,29.059829059829063,31.908831908831907,39.03133903133903
105.58797797797797,30.484330484330485,30.484330484330485,39.03133903133903
105.65193193193193,31.054131054131055,29.34472934472934,39.6011396011396
105.71588588588588,31.339031339031337,31.908831908831907,36.75213675213676
105.77983983983984,30.76923076923077,31.908831908831907,37.32193732193732
105.8437937937938,29.34472934472934,33.903133903133906,36.75213675213676
105.90774774774775,30.484330484330485,31.62393162393162,37.89173789173789
105.9717017017017,29.914529914529915,31.339031339031337,38.74643874643874
106.03565565565565,29.914529914529915,30.76923076923077,39.31623931623932
106.0996096096096,31.054131054131055,29.629629629629626,39.31623931623932
106.16356356356356,30.484330484330485,31.339031339031337,38.17663817663818
106.22751751751751,28.774928774928775,31.339031339031337,39.88603988603989
106.29147147147147,28.774928774928775,31.054131054131055,40.17094017094017
106.35542542542542,28.49002849002849,29.914529914529915,41.5954415954416
106.41937937937938,26.780626780626783,31.054131054131055,42.16524216524217
106.48333333333333,29.629629629629626,29.34472934472934,41.02564102564102
106.54728728728729,29.059829059829063,31.339031339031337,39.6011396011396
106.61124124124123,29.059829059829063,31.054131054131055,39.88603988603989
106.67519519519519,29.34472934472934,31.054131054131055,39.6011396011396
106.73914914914914,29.34472934472934,28.774928774928775,41.88034188034188
106.8031031031031,29.914529914529915,31.054131054131055,39.03133903133903
106.86705705705705,28.774928774928775,31.339031339031337,39.88603988603989
106.93101101101101,30.484330484330485,31.62393162393162,37.89173789173789
106.99496496496496,30.484330484330485,31.339031339031337,38.17663817663818
107.05891891891892,30.76923076923077,31.62393162393162,37.60683760683761
107.12287287287288,29.914529914529915,30.1994301994302,39.88603988603989
107.18682682682682,27.350427350427353,31.62393162393162,41.02564102564102
107.25078078078077,29.629629629629626,31.62393162393162,38.74643874643874
107.31473473473473,29.914529914529915,31.62393162393162,38.46153846153847
107.37868868868868,29.34472934472934,32.193732193732195,38.46153846153847
107.44264264264264,30.76923076923077,31.908831908831907,37.32193732193732
107.5065965965966,27.635327635327634,31.908831908831907,40.45584045584046
107.57055055055055,31.054131054131055,31.908831908831907,37.03703703703704
107.6345045045045,30.76923076923077,31.62393162393162,37.60683760683761
107.69845845845846,29.914529914529915,31.62393162393162,38.46153846153847
107.7624124124124,29.34472934472934,31.908831908831907,38.74643874643874
107.82636636636636,27.92022792022792,30.484330484330485,41.5954415954416
107.89032032032031,32.193732193732195,31.62393162393162,36.182336182336186
107.95427427427427,29.34472934472934,31.908831908831907,38.74643874643874
108.01822822822822,31.339031339031337,31.62393162393162,37.03703703703704
108.08218218218218,29.914529914529915,31.908831908831907,38.17663817663818
108.14613613613614,28.49002849002849,32.193732193732195,39.31623931623932
108.21009009009009,29.914529914529915,31.908831908831907,38.17663817663818
108.27404404404405,29.059829059829063,31.62393162393162,39.31623931623932
108.33799799799799,27.635327635327634,30.1994301994302,42.16524216524217
108.40195195195194,28.49002849002849,31.339031339031337,40.17094017094017
108.4659059059059,30.76923076923077,30.76923076923077,38.46153846153847
108.52985985985985,29.914529914529915,31.339031339031337,38.74643874643874
108.59381381381381,28.49002849002849,29.059829059829063,42.45014245014245
108.65776776776777,29.34472934472934,30.76923076923077,39.88603988603989
108.72172172172172,29.059829059829063,30.76923076923077,40.17094017094017
108.78567567567568,26.21082621082621,29.34472934472934,44.44444444444444
108.84962962962963,29.34472934472934,31.62393162393162,39.03133903133903
108.91358358358357,31.908831908831907,33.04843304843305,35.04273504273504
108.97753753753753,29.629629629629626,30.484330484330485,39.88603988603989
109.04149149149148,31.908831908831907,29.629629629629626,38.46153846153847
109.10544544544544,29.914529914529915,31.908831908831907,38.17663817663818
109.1693993993994,30.1994301994302,31.054131054131055,38.74643874643874
109.23335335335335,28.205128205128204,31.62393162393162,40.17094017094017
109.2973073073073,29.059829059829063,32.193732193732195,38.74643874643874
109.36126126126126,29.059829059829063,29.914529914529915,41.02564102564102
109.42521521521522,28.205128205128204,29.34472934472934,42.45014245014245
109.48916916916916,27.92022792022792,29.629629629629626,42.45014245014245
109.55312312312311,31.908831908831907,31.908831908831907,36.182336182336186
109.61707707707707,29.34472934472934,32.193732193732195,38.46153846153847
109.68103103103103,31.908831908831907,29.914529914529915,38.17663817663818
109.74498498498498,31.908831908831907,29.914529914529915,38.17663817663818
109.80893893893894,29.34472934472934,30.484330484330485,40.17094017094017
109.87289289289289,28.205128205128204,32.193732193732195,39.6011396011396
109.93684684684685,29.34472934472934,30.76923076923077,39.88603988603989
110.0008008008008,29.34472934472934,31.908831908831907,38.74643874643874
110.06475475475474,27.92022792022792,32.193732193732195,39.88603988603989
110.1287087087087,28.49002849002849,29.059829059829063,42.45014245014245
110.19266266266266,29.059829059829063,30.1994301994302,40.74074074074074
110.25661661661661,31.339031339031337,30.1994301994302,38.46153846153847
110.32057057057057,31.054131054131055,30.76923076923077,38.17663817663818
110.38452452452452,29.34472934472934,31.908831908831907,38.74643874643874
110.44847847847848,31.62393162393162,31.339031339031337,37.03703703703704
110.51243243243243,29.629629629629626,31.908831908831907,38.46153846153847
110.57638638638639,30.484330484330485,29.914529914529915,39.6011396011396
110.64034034034033,30.1994301994302,30.1994301994302,39.6011396011396
110.70429429429429,27.92022792022792,30.1994301994302,41.88034188034188
110.76824824824824,29.34472934472934,31.62393162393162,39.03133903133903
110.8322022022022,30.76923076923077,31.339031339031337,37.89173789173789
110.89615615615615,28.205128205128204,33.33333333333333,38.46153846153847
110.96011011011011,28.49002849002849,31.62393162393162,39.88603988603989
111.02406406406406,29.629629629629626,29.914529914529915,40.45584045584046
111.08801801801802,30.1994301994302,29.629629629629626,40.17094017094017
111.15197197197197,29.34472934472934,29.059829059829063,41.5954415954416
111.21592592592592,27.065527065527068,31.908831908831907,41.02564102564102
111.27987987987987,30.1994301994302,31.339031339031337,38.46153846153847
111.34383383383383,31.62393162393162,33.33333333333333,35.04273504273504
111.40778778778778,31.054131054131055,33.33333333333333,35.61253561253561
111.47174174174174,29.059829059829063,31.908831908831907,39.03133903133903
111.5356956956957,29.059829059829063,31.908831908831907,39.03133903133903
111.59964964964965,29.629629629629626,29.914529914529915,40.45584045584046
111.6636036036036,29.059829059829063,31.908831908831907,39.03133903133903
111.72755755755756,27.92022792022792,31.908831908831907,40.17094017094017
111.7915115115115,29.059829059829063,29.629629629629626,41.31054131054131
111.85546546546546,29.914529914529915,30.484330484330485,39.6011396011396
111.91941941941941,29.629629629629626,31.908831908831907,38.46153846153847
111.98337337337337,27.065527065527068,30.484330484330485,42.45014245014245
112.04732732732732,29.34472934472934,32.193732193732195,38.46153846153847
112.11128128128128,28.774928774928775,31.62393162393162,39.6011396011396
112.17523523523523,27.065527065527068,30.1994301994302,42.73504273504273
112.23918918918919,27.92022792022792,31.62393162393162,40.45584045584046
112.30314314314315,32.193732193732195,32.193732193732195,35.61253561253561
112.36709709709709,27.92022792022792,30.76923076923077,41.31054131054131
112.43105105105104,29.914529914529915,31.339031339031337,38.74643874643874
112.495005005005,32.47863247863248,29.914529914529915,37.60683760683761
112.55895895895895,28.49002849002849,31.908831908831907,39.6011396011396
112.62291291291291,30.1994301994302,30.76923076923077,39.03133903133903
112.68686686686686,30.1994301994302,29.914529914529915,39.88603988603989
112.75082082082082,29.34472934472934,29.914529914529915,40.74074074074074
112.81477477477478,30.484330484330485,33.61823361823362,35.8974358974359
112.87872872872873,29.914529914529915,30.1994301994302,39.88603988603989
112.94268268268267,28.774928774928775,30.484330484330485,40.74074074074074
113.00663663663663,30.484330484330485,30.76923076923077,38.74643874643874
113.07059059059058,29.914529914529915,32.193732193732195,37.89173789173789
113.13454454454454,31.054131054131055,31.908831908831907,37.03703703703704
113.1984984984985,27.92022792022792,31.908831908831907,40.17094017094017
113.26245245245245,28.49002849002849,32.193732193732195,39.31623931623932
113.3264064064064,30.1994301994302,30.1994301994302,39.6011396011396
113.39036036036036,30.484330484330485,31.62393162393162,37.89173789173789
113.45431431431432,27.92022792022792,30.484330484330485,41.5954415954416
113.51826826826826,27.065527065527068,32.193732193732195,40.74074074074074
113.58222222222221,28.49002849002849,32.763532763532766,38.74643874643874
113.64617617617617,29.34472934472934,31.339031339031337,39.31623931623932
113.71013013013012,28.205128205128204,29.629629629629626,42.16524216524217
113.77408408408408,28.205128205128204,30.1994301994302,41.5954415954416
113.83803803803804,30.76923076923077,31.908831908831907,37.32193732193732
113.90199199199199,29.629629629629626,29.34472934472934,41.02564102564102
113.96594594594595,30.76923076923077,32.193732193732195,37.03703703703704
114.0298998998999,30.76923076923077,31.339031339031337,37.89173789173789
114.09385385385384,30.76923076923077,30.1994301994302,39.03133903133903
114.1578078078078,27.92022792022792,31.908831908831907,40.17094017094017
114.22176176176175,30.1994301994302,31.908831908831907,37.89173789173789
114.28571571571571,29.914529914529915,30.1994301994302,39.88603988603989
114.34966966966967,30.1994301994302,29.629629629629626,40.17094017094017
114.41362362362362,30.76923076923077,29.914529914529915,39.31623931623932
114.47757757757758,30.76923076923077,31.054131054131055,38.17663817663818
114.54153153153153,28.205128205128204,31.339031339031337,40.45584045584046
114.60548548548547,29.914529914529915,29.629629629629626,40.45584045584046
114.66943943943943,30.76923076923077,30.1994301994302,39.03133903133903
114.73339339339338,29.914529914529915,29.629629629629626,40.45584045584046
114.79734734734734,29.629629629629626,29.914529914529915,40.45584045584046
114.8613013013013,30.76923076923077,29.914529914529915,39.31623931623932
114.92525525525525,29.914529914529915,29.629629629629626,40.45584045584046
114.9892092092092,29.059829059829063,29.914529914529915,41.02564102564102
115.05316316316316,30.1994301994302,29.34472934472934,40.45584045584046
115.11711711711712,27.635327635327634,29.914529914529915,42.45014245014245
115.18107107107106,29.34472934472934,29.629629629629626,41.02564102564102
115.24502502502501,28.49002849002849,29.914529914529915,41.5954415954416
115.30897897897897,29.059829059829063,29.914529914529915,41.02564102564102
115.37293293293293,28.774928774928775,30.76923076923077,40.45584045584046
115.43688688688688,29.629629629629626,29.914529914529915,40.45584045584046
115.50084084084084,29.914529914529915,29.914529914529915,40.17094017094017
115.56479479479479,29.914529914529915,31.339031339031337,38.74643874643874
115.62874874874875,27.92022792022792,29.34472934472934,42.73504273504273
115.6927027027027,28.774928774928775,30.1994301994302,41.02564102564102
115.75665665665665,26.21082621082621,31.62393162393162,42.16524216524217
115.8206106106106,28.49002849002849,30.1994301994302,41.31054131054131
115.88456456456456,30.76923076923077,31.054131054131055,38.17663817663818
115.94851851851851,30.1994301994302,29.34472934472934,40.45584045584046
116.01247247247247,28.205128205128204,30.76923076923077,41.02564102564102
116.07642642642642,32.47863247863248,30.76923076923077,36.75213675213676
116.14038038038038,31.62393162393162,29.914529914529915,38.46153846153847
116.20433433433433,31.054131054131055,29.914529914529915,39.03133903133903
116.26828828828829,31.054131054131055,30.484330484330485,38.46153846153847
116.33224224224223,29.34472934472934,31.908831908831907,38.74643874643874
116.39619619619619,30.1994301994302,31.908831908831907,37.89173789173789
116.46015015015014,31.339031339031337,30.1994301994302,38.46153846153847
116.5241041041041,28.205128205128204,32.193732193732195,39.6011396011396
116.58805805805805,29.34472934472934,30.484330484330485,40.17094017094017
116.65201201201201,29.059829059829063,28.774928774928775,42.16524216524217
116.71596596596596,30.484330484330485,30.1994301994302,39.31623931623932
116.77991991991992,29.059829059829063,31.908831908831907,39.03133903133903
116.84387387387387,29.914529914529915,29.914529914529915,40.17094017094017
116.90782782782782,30.76923076923077,30.484330484330485,38.74643874643874
116.97178178178177,30.1994301994302,32.193732193732195,37.60683760683761
117.03573573573573,31.054131054131055,30.1994301994302,38.74643874643874
117.09968968968968,28.774928774928775,30.76923076923077,40.45584045584046
117.16364364364364,29.34472934472934,30.1994301994302,40.45584045584046
117.2275975975976,29.629629629629626,30.76923076923077,39.6011396011396
117.29155155155155,31.908831908831907,31.62393162393162,36.46723646723647
117.3555055055055,29.629629629629626,32.193732193732195,38.17663817663818
117.41945945945946,31.908831908831907,30.1994301994302,37.89173789173789
117.4834134134134,28.205128205128204,29.914529914529915,41.88034188034188
117.54736736736736,29.34472934472934,31.908831908831907,38.74643874643874
117.61132132132131,26.780626780626783,29.914529914529915,43.3048433048433
117.67527527527527,28.774928774928775,30.484330484330485,40.74074074074074
117.73922922922922,29.059829059829063,30.484330484330485,40.45584045584046
117.80318318318318,29.629629629629626,30.484330484330485,39.88603988603989
117.86713713713714,30.76923076923077,30.484330484330485,38.74643874643874
117.93109109109109,30.484330484330485,30.1994301994302,39.31623931623932
117.99504504504505,30.1994301994302,30.484330484330485,39.31623931623932
118.05899899899899,29.059829059829063,30.76923076923077,40.17094017094017
118.12295295295294,29.34472934472934,32.763532763532766,37.89173789173789
118.1869069069069,29.629629629629626,29.914529914529915,40.45584045584046
118.25086086086085,29.914529914529915,31.62393162393162,38.46153846153847
118.31481481481481,31.054131054131055,30.484330484330485,38.46153846153847
118.37876876876877,30.76923076923077,30.484330484330485,38.74643874643874
118.44272272272272,30.1994301994302,30.484330484330485,39.31623931623932
118.50667667667668,28.774928774928775,28.205128205128204,43.01994301994302
118.57063063063063,29.34472934472934,30.1994301994302,40.45584045584046
118.63458458458457,31.054131054131055,29.914529914529915,39.03133903133903
118.69853853853853,29.34472934472934,30.484330484330485,40.17094017094017
118.76249249249248,30.76923076923077,30.484330484330485,38.74643874643874
118.82644644644644,28.49002849002849,29.914529914529915,41.5954415954416
118.8904004004004,31.054131054131055,31.054131054131055,37.89173789173789
118.95435435435435,30.484330484330485,30.484330484330485,39.03133903133903
119.0183083083083,32.193732193732195,29.914529914529915,37.89173789173789
119.08226226226226,29.34472934472934,29.914529914529915,40.74074074074074
119.14621621621622,29.914529914529915,30.484330484330485,39.6011396011396
119.21017017017016,30.1994301994302,30.484330484330485,39.31623931623932
119.27412412412411,30.484330484330485,29.914529914529915,39.6011396011396
119.33807807807807,29.629629629629626,28.205128205128204,42.16524216524217
119.40203203203203,30.76923076923077,29.914529914529915,39.31623931623932
119.46598598598598,29.34472934472934,29.34472934472934,41.31054131054131
119.52993993993994,30.484330484330485,29.629629629629626,39.88603988603989
119.59389389389389,28.774928774928775,30.1994301994302,41.02564102564102
119.65784784784785,32.193732193732195,30.484330484330485,37.32193732193732
119.7218018018018,29.629629629629626,29.914529914529915,40.45584045584046
119.78575575575574,28.774928774928775,29.914529914529915,41.31054131054131
119.8497097097097,29.914529914529915,30.484330484330485,39.6011396011396
119.91366366366366,31.62393162393162,30.484330484330485,37.89173789173789
119.97761761761761,30.484330484330485,30.484330484330485,39.03133903133903
120.04157157157157,28.49002849002849,29.914529914529915,41.5954415954416
120.10552552552552,29.059829059829063,29.914529914529915,41.02564102564102
120.16947947947948,29.34472934472934,29.914529914529915,40.74074074074074
120.23343343343343,28.49002849002849,31.908831908831907,39.6011396011396
120.29738738738739,28.774928774928775,31.908831908831907,39.31623931623932
120.36134134134133,29.059829059829063,30.484330484330485,40.45584045584046
120.42529529529529,28.774928774928775,29.914529914529915,41.31054131054131
120.48924924924924,30.484330484330485,29.914529914529915,39.6011396011396
120.5532032032032,29.34472934472934,29.34472934472934,41.31054131054131
120.61715715715715,30.76923076923077,31.908831908831907,37.32193732193732
120.68111111111111,30.1994301994302,30.484330484330485,39.31623931623932
120.74506506506506,29.34472934472934,29.914529914529915,40.74074074074074
120.80901901901902,27.92022792022792,31.339031339031337,40.74074074074074
120.87297297297297,28.774928774928775,29.629629629629626,41.5954415954416
120.93692692692692,29.059829059829063,29.914529914529915,41.02564102564102
121.00088088088087,30.1994301994302,29.914529914529915,39.88603988603989
121.06483483483483,28.774928774928775,29.914529914529915,41.31054131054131
121.12878878878878,29.914529914529915,29.914529914529915,40.17094017094017
121.19274274274274,30.1994301994302,31.339031339031337,38.46153846153847
121.2566966966967,27.350427350427353,29.914529914529915,42.73504273504273
121.32065065065065,31.054131054131055,29.34472934472934,39.6011396011396
121.3846046046046,29.914529914529915,29.914529914529915,40.17094017094017
121.44855855855856,29.34472934472934,29.34472934472934,41.31054131054131
121.5125125125125,26.780626780626783,30.76923076923077,42.45014245014245
121.57646646646646,30.484330484330485,29.34472934472934,40.17094017094017
121.64042042042041,28.205128205128204,31.339031339031337,40.45584045584046
121.70437437437437,29.629629629629626,31.339031339031337,39.03133903133903
121.76832832832832,29.059829059829063,29.34472934472934,41.5954415954416
121.83228228228228,31.339031339031337,29.629629629629626,39.03133903133903
121.89623623623623,31.908831908831907,29.059829059829063,39.03133903133903
121.96019019019019,29.34472934472934,29.34472934472934,41.31054131054131
122.02414414414415,27.92022792022792,29.34472934472934,42.73504273504273
122.08809809809809,30.484330484330485,29.914529914529915,39.6011396011396
122.15205205205204,30.484330484330485,29.629629629629626,39.88603988603989
122.216006006006,31.62393162393162,31.62393162393162,36.75213675213676
122.27995995995995,29.34472934472934,29.34472934472934,41.31054131054131
122.34391391391391,28.49002849002849,29.34472934472934,42.16524216524217
122.40786786786786,29.34472934472934,30.1994301994302,40.45584045584046
122.47182182182182,28.774928774928775,28.774928774928775,42.45014245014245
122.53577577577578,28.205128205128204,29.914529914529915,41.88034188034188
122.59972972972973,28.205128205128204,29.914529914529915,41.88034188034188
122.66368368368367,29.34472934472934,29.914529914529915,40.74074074074074
122.72763763763763,32.193732193732195,29.34472934472934,38.46153846153847
122.79159159159158,31.054131054131055,29.629629629629626,39.31623931623932
122.85554554554554,27.065527065527068,29.34472934472934,43.58974358974359
122.9194994994995,30.1994301994302,30.1994301994302,39.6011396011396
122.98345345345345,29.914529914529915,29.914529914529915,40.17094017094017
123.0474074074074,29.914529914529915,29.629629629629626,40.45584045584046
123.11136136136136,29.629629629629626,28.49002849002849,41.88034188034188
123.17531531531532,29.34472934472934,30.1994301994302,40.45584045584046
123.23926926926926,29.629629629629626,30.1994301994302,40.17094017094017
123.30322322322321,30.484330484330485,29.34472934472934,40.17094017094017
123.36717717717717,31.054131054131055,29.34472934472934,39.6011396011396
123.43113113113112,29.914529914529915,29.629629629629626,40.45584045584046
123.49508508508508,29.914529914529915,28.774928774928775,41.31054131054131
123.55903903903904,26.780626780626783,29.34472934472934,43.87464387464387
123.62299299299299,29.914529914529915,29.34472934472934,40.74074074074074
123.68694694694695,28.49002849002849,29.34472934472934,42.16524216524217
123.7509009009009,27.350427350427353,29.34472934472934,43.3048433048433
123.81485485485484,30.1994301994302,29.34472934472934,40.45584045584046
123.8788088088088,30.484330484330485,28.774928774928775,40.74074074074074
123.94276276276275,29.34472934472934,29.34472934472934,41.31054131054131
124.00671671671671,29.914529914529915,29.34472934472934,40.74074074074074
124.07067067067067,29.914529914529915,29.629629629629626,40.45584045584046
124.13462462462462,30.484330484330485,29.34472934472934,40.17094017094017
124.19857857857858,31.054131054131055,29.34472934472934,39.6011396011396
124.26253253253253,30.1994301994302,29.629629629629626,40.17094017094017
124.32648648648649,31.339031339031337,29.34472934472934,39.31623931623932
124.39044044044043,29.34472934472934,29.34472934472934,41.31054131054131
124.45439439439438,31.339031339031337,29.34472934472934,39.31623931623932
124.51834834834834,28.774928774928775,29.629629629629626,41.5954415954416
124.5823023023023,30.76923076923077,29.629629629629626,39.6011396011396
124.64625625625625,31.62393162393162,29.914529914529915,38.46153846153847
124.7102102102102,26.21082621082621,31.62393162393162,42.16524216524217
124.77416416416416,31.62393162393162,31.62393162393162,36.75213675213676
124.83811811811812,27.350427350427353,30.1994301994302,42.45014245014245
124.90207207207207,30.1994301994302,29.914529914529915,39.88603988603989
124.96602602602601,28.774928774928775,29.914529914529915,41.31054131054131
125.02997997997997,28.774928774928775,30.1994301994302,41.02564102564102
125.09393393393393,30.484330484330485,30.1994301994302,39.31623931623932
125.15788788788788,29.059829059829063,29.34472934472934,41.5954415954416
125.22184184184184,31.054131054131055,29.629629629629626,39.31623931623932
125.28579579579579,31.339031339031337,29.34472934472934,39.31623931623932
125.34974974974975,28.49002849002849,31.339031339031337,40.17094017094017
125.4137037037037,29.914529914529915,28.774928774928775,41.31054131054131
125.47765765765766,29.914529914529915,29.914529914529915,40.17094017094017
125.5416116116116,30.484330484330485,29.34472934472934,40.17094017094017
125.60556556556556,31.054131054131055,29.914529914529915,39.03133903133903
125.66951951951951,30.76923076923077,29.914529914529915,39.31623931623932
125.73347347347347,29.059829059829063,29.914529914529915,41.02564102564102
125.79742742742742,30.484330484330485,29.914529914529915,39.6011396011396
125.86138138138138,27.92022792022792,29.914529914529915,42.16524216524217
125.92533533533533,29.914529914529915,30.1994301994302,39.88603988603989
125.98928928928929,28.49002849002849,29.914529914529915,41.5954415954416
126.05324324324324,30.1994301994302,29.914529914529915,39.88603988603989
126.11719719719719,30.1994301994302,29.629629629629626,40.17094017094017
126.18115115115114,28.205128205128204,29.34472934472934,42.45014245014245
126.2451051051051,31.339031339031337,29.34472934472934,39.31623931623932
126.30905905905905,31.054131054131055,29.34472934472934,39.6011396011396
126.37301301301301,30.484330484330485,29.914529914529915,39.6011396011396
126.43696696696696,27.92022792022792,29.629629629629626,42.45014245014245
126.50092092092092,29.629629629629626,29.629629629629626,40.74074074074074
126.56487487487487,29.34472934472934,29.629629629629626,41.02564102564102
126.62882882882883,29.059829059829063,30.1994301994302,40.74074074074074
126.69278278278277,31.339031339031337,29.629629629629626,39.03133903133903
126.75673673673673,30.484330484330485,29.34472934472934,40.17094017094017
126.82069069069068,30.76923076923077,30.1994301994302,39.03133903133903
126.88464464464464,28.49002849002849,30.1994301994302,41.31054131054131
126.9485985985986,29.914529914529915,30.1994301994302,39.88603988603989
127.01255255255255,27.635327635327634,30.1994301994302,42.16524216524217
127.0765065065065,29.629629629629626,29.629629629629626,40.74074074074074
127.14046046046046,28.49002849002849,29.34472934472934,42.16524216524217
127.20441441441442,31.339031339031337,29.629629629629626,39.03133903133903
127.26836836836836,30.1994301994302,29.914529914529915,39.88603988603989
127.33232232232231,29.914529914529915,30.1994301994302,39.88603988603989
127.39627627627627,29.914529914529915,29.34472934472934,40.74074074074074
127.46023023023022,28.774928774928775,29.629629629629626,41.5954415954416
127.52418418418418,28.774928774928775,29.914529914529915,41.31054131054131
127.58813813813813,29.629629629629626,29.914529914529915,40.45584045584046
127.65209209209209,30.1994301994302,28.774928774928775,41.02564102564102
127.71604604604605,30.76923076923077,29.914529914529915,39.31623931623932
127.78,29.34472934472934,29.34472934472934,41.31054131054131
