time_ns,Leu125_water_occ,Leu187_water_occ,Phe188_water_occ
0.0,1.8002771386780527,2.223475646969651,1.3791688391345014
0.06395395395395395,1.728893059586709,2.20780817773876,0.72619943132114
0.1279079079079079,1.5235415649535173,2.37690560191198,0.8740137390698414
0.19186186186186185,1.800616489195876,2.179107790875092,1.2401146717825986
0.2558158158158158,1.710525810756895,2.630033355454785,0.6289295314303128
0.3197697697697698,1.686111282201951,2.3840873202183275,0.8431913780667949
0.3837237237237237,1.4283412089427547,2.777727023728901,0.9149067428474282
0.44767767767767763,1.6862348105880354,2.4877717553090055,0.8720341553762432
0.5116316316316316,1.7500613719748184,2.430014233879117,0.82466854806704
0.5755855855855856,1.6495232576321641,2.3619920816131694,0.8386589294938651
0.6395395395395396,1.9717613811423325,2.4000211098412025,1.0920148966164693
0.7034934934934934,2.2490962950280817,2.578870826921138,0.9746191087890875
0.7674474474474474,1.8895157369223625,2.467788461587455,1.257253607608127
0.8314014014014014,1.9934991548366987,2.393197396668553,0.556510384344914
0.8953553553553553,2.2736050670555255,2.7373997539841683,0.9352136786351862
0.9593093093093092,1.9268710875092256,2.425296952199111,1.0190173751736593
1.0232632632632632,2.2061387442565,2.3441117421630584,0.8824591730366964
1.0872172172172172,1.5965533436088706,2.2474786348595988,0.8904809561545836
1.1511711711711712,1.788729460214982,2.5044340634717734,1.188926882562461
1.2151251251251252,2.1486823068853727,2.5212481133140003,0.9622187890435278
1.2790790790790791,1.994381938432685,2.35038185772047,1.2319639016040764
1.343033033033033,1.8348300071254993,2.411094094899237,0.9501820763325088
1.4069869869869869,2.057653008816466,2.2022925167004024,0.9951201129681597
1.4709409409409409,1.924519670711497,2.216797803569277,0.7243607393858991
1.5348948948948948,1.9597596447262489,2.4462255816194363,0.7395057817391003
1.5988488488488488,1.743133063559573,2.4345115640295685,0.8580101565264074
1.6628028028028028,1.885412007057426,2.611671658715183,0.8531688171747522
1.7267567567567568,1.916595014686993,2.0721755668393054,0.7082238874809546
1.7907107107107105,1.7112101903270256,2.6344442360615044,0.8540153046732802
1.8546646646646645,1.3140959590931782,2.387461270049865,0.9971316144067878
1.9186186186186185,1.81766660910905,2.6828303330720504,0.8938806621170593
1.9825725725725725,2.4533822073595504,2.757722871911028,1.043266749159755
2.0465265265265264,1.1728316384788973,2.3485383834721185,0.950909443079581
2.11048048048048,1.6138114968171293,2.866524401256931,0.9167214130797725
2.1744344344344344,1.7865744742908565,2.7101264321318523,1.538786654721588
2.238388388388388,1.9120032106727505,2.4907226122369543,0.8887998481972785
2.3023423423423424,2.1285605266500665,2.591065464427894,0.8246784052421099
2.366296296296296,2.1078149505434576,2.261239690979156,0.7823852376653031
2.4302502502502503,2.1744380928774167,2.2368646545363666,1.0317070837414442
2.494204204204204,2.197105062850804,2.316548262301946,0.667594090800847
2.5581581581581583,1.6869106242754088,2.023577969921942,0.9370342340917426
2.622112112112112,1.8382278118523694,2.3315279248800462,0.9143241876249095
2.686066066066066,1.7285843133842866,2.507881677810869,0.830540991893384
2.75002002002002,1.96393209832565,2.3168242810946573,1.1088419779534346
2.8139739739739738,1.762140715539209,2.658552259891907,1.3380421632178807
2.877927927927928,1.626594732150011,2.400009388597074,0.8381849013334952
2.9418818818818817,2.337938252480314,2.560408593874621,0.8775222307710604
3.005835835835836,1.8223149461059942,2.6099015775724794,0.9893437099506058
3.0697897897897897,1.7014725698003885,2.2418450669346113,0.9767566815582093
3.1337437437437434,2.068611318292178,2.146676544865948,1.0691417566287233
3.1976976976976976,1.560972138322007,2.2042995976691957,1.0097136776895772
3.2616516516516514,1.7390929175595269,2.9358207587478207,0.8612494330619329
3.3256056056056056,1.6907271118765705,2.2017197266952038,1.1383374988088257
3.3895595595595593,1.3738993753534288,2.312764538287647,1.1229962974450014
3.4535135135135135,1.204794496942307,2.460939078073991,0.7473668379119229
3.5174674674674673,1.855566679813532,2.0565489988027483,1.0788301754872518
3.581421421421421,1.7071995836505822,2.355992217936277,0.9746164881388462
3.6453753753753753,1.7070778116493208,2.4116789260767897,0.837316052604259
3.709329329329329,2.0660991177754786,2.546578598578261,0.7666947781771638
3.773283283283283,1.6502675491065601,2.166327701316721,0.8277058666981372
3.837237237237237,2.299684249491761,2.370641886472074,0.6761310931399129
3.901191191191191,1.4531961764022814,2.54968597453948,0.7235656079682041
3.965145145145145,1.1804418591609094,2.8178974143983364,0.8885085754198417
4.029099099099099,1.823500366429702,2.5203166412374944,1.0143798385679048
4.093053053053053,1.9806480395122392,2.468712679377532,0.8795163855645112
4.157007007007007,2.2974687026433207,2.619510977690741,1.1036090426591623
4.22096096096096,1.7603572199486974,2.679701297502123,1.1313293488577627
4.284914914914915,1.7910197705443314,1.8959526778184173,1.116457088369525
4.348868868868869,1.843858647831963,2.5581548143576733,1.3016774566738794
4.412822822822823,2.491818687344307,2.465358684266476,0.7887899613655538
4.476776776776776,1.4365796050214423,2.434849864218761,1.0741158480347095
4.540730730730731,1.9749742288596948,2.327285512755662,1.2810892152955418
4.604684684684685,1.8855997932093709,2.2234678184937837,1.2106774969471443
4.6686386386386385,1.6525278227634481,2.541075381743447,1.0557690699992055
4.732592592592592,1.797992400339766,2.480961093569187,0.9278113179086176
4.796546546546546,1.9223964584519113,2.1921625146520105,1.1543766991839262
4.860500500500501,1.6824652328811291,2.609743730248549,0.8151754444719197
4.924454454454454,1.8975523425170073,2.40364341033342,1.1097720038240668
4.988408408408408,2.064700707651097,1.9485695383375246,0.8223694707545325
5.052362362362362,2.087346171218875,2.5728290841818304,1.2173141027779568
5.116316316316317,1.7847593107777413,2.75368880773127,0.9204876682650514
5.18027027027027,1.8330910208907034,2.000872882745937,0.7891404909562176
5.244224224224224,1.9125616090746698,2.4162494234125518,1.1079807704482274
5.308178178178178,2.116976843593416,2.2851657310471953,0.8276756356953106
5.372132132132132,1.9469049457827328,2.9545178222165953,1.1722644830345088
5.436086086086086,2.2095438769043625,2.3716015388301668,1.1758739791051016
5.50004004004004,2.034249738955456,2.084250309393544,1.0402138328250732
5.563993993993994,1.513894477973153,2.3527155490667875,0.7438176259829561
5.6279479479479475,2.1668377138113315,2.4210711768297037,1.16831532074574
5.691901901901901,1.7490531903231843,2.0310868969681417,1.0244679789242035
5.755855855855856,2.047795870139572,2.391803767827503,0.8473239755051668
5.81980980980981,1.912766220863965,2.191824606975502,1.0526725857492896
5.883763763763763,2.1471812468946263,2.403185488186018,1.2057961546598934
5.947717717717717,1.9288608197191366,2.2781061879912947,0.9377372461106688
6.011671671671672,1.9539360370604502,2.739570859115717,1.100842506008048
6.075625625625626,1.50623684867225,2.444537577089959,0.9559697963667051
6.139579579579579,2.26287011757628,2.236718875700047,0.8528746445943344
6.203533533533533,1.9283673161433244,2.527513915591261,0.9683743519816705
6.267487487487487,1.8244376067647776,2.372327298372668,0.8093102844722533
6.3314414414414415,2.245621211842069,2.615746386388505,1.196815146068443
6.395395395395395,2.0660584654606255,1.9975951676874515,1.0869899321152303
6.459349349349349,1.9868841738431748,2.786211620015781,0.9160213345991517
6.523303303303303,2.0481398739231005,2.227320598815651,0.9876493763585369
6.587257257257257,1.9448143197722492,2.1987422309282576,0.7105713404984382
6.651211211211211,1.6629576679689144,2.3096547370693736,1.5213814738720743
6.715165165165165,1.6134915662726816,2.4324743105791238,0.9251454783593479
6.779119119119119,2.163020082966994,2.1222018534165406,1.1233540069022037
6.843073073073072,2.1979363009959068,2.21931170029014,1.1553446720634575
6.907027027027027,2.0704829346349163,2.348710464177877,0.9058785705221004
6.970980980980981,2.0138796644831505,2.6096528501468708,0.8813817303112317
7.034934934934935,2.1805305522149037,2.287199524187335,1.1307606339361493
7.098888888888888,2.227696333801987,2.5803926084909383,1.0295509764552102
7.162842842842842,2.0458661473824096,2.466192017451111,0.8182432354691391
7.226796796796797,2.1912133810246113,2.360120978656915,0.7076648881612932
7.2907507507507505,2.163486961569091,2.224216482957337,0.7200029466683255
7.354704704704704,1.811251406526902,2.3644978549765425,1.3598673630874711
7.418658658658658,2.1485277337507367,2.397528793395539,0.7939029442044037
7.482612612612613,1.6912143299612987,2.656507931016588,1.192594618518157
7.546566566566566,1.3828159927103334,2.3167104927146225,1.0964621603924658
7.61052052052052,2.1185522908024232,2.3066058994489995,0.8129585906539509
7.674474474474474,1.8493092019977326,2.55783279494342,1.0032173003047555
7.738428428428428,2.4360158263135,2.112218559675707,0.8678296616509281
7.802382382382382,1.641018262875658,2.5236132559400146,0.885202130055612
7.866336336336336,2.1881291017812927,2.3300466523965935,1.177392230069391
7.93029029029029,1.8942802779872936,2.495893438736652,1.0480047806823587
7.994244244244244,2.0233631137878048,2.504647783786936,0.8133441040626256
8.058198198198198,1.6829538503823458,2.496139068458501,1.3621893331619725
8.122152152152152,2.558350352619343,2.512409210936214,1.1977933131296847
8.186106106106106,1.88921140943985,2.268323018593187,1.1981303016944116
8.25006006006006,2.468061652104045,2.5085915176056557,1.0641971097197755
8.314014014014013,1.9410475547344883,2.4812070917182556,1.1902574977147793
8.377967967967967,1.6580451345557805,2.5337651946902833,0.7932065146335959
8.44192192192192,1.762151767140423,2.4687485241536664,0.9808256073944519
8.505875875875876,2.2945458415637296,2.6835529066661246,0.8743452837148482
8.56982982982983,1.821539993753677,2.274175905474047,0.8068731202732154
8.633783783783784,1.9878753735868737,2.1724945859755276,0.7731896652867696
8.697737737737738,2.3175007506225946,2.647583861672859,1.0644758938556904
8.761691691691691,2.2401521907641846,2.6939369674160156,0.6317050998443525
8.825645645645645,1.7166994731992307,2.4036149813701506,1.4256363367032172
8.889599599599599,1.8989958025063205,2.1265575002668426,1.0418950870517485
8.953553553553553,2.3629888473623177,2.319658641694109,0.8771920623725838
9.017507507507506,1.8377263924125777,2.440512104713502,0.7828733108257631
9.081461461461462,2.215599477934071,2.09456134094674,0.863726450913558
9.145415415415416,2.029402999823352,2.1094693061177825,0.7131720814224628
9.20936936936937,1.6664042707958167,2.271519417922487,1.0606733535058437
9.273323323323323,2.05502835155054,2.355077887032495,0.7096516448714196
9.337277277277277,1.830440078623315,2.4453060556315984,1.101830561645362
9.40123123123123,2.0119429339318673,2.574471727658511,1.1351845143843842
9.465185185185184,1.7846066366179354,2.3058486986997857,0.7228433950197076
9.529139139139138,2.14442699904604,2.3530060136921334,1.0319629742160965
9.593093093093092,1.969676533391947,2.534503726913127,1.029753439324881
9.657047047047048,2.21403456952143,2.48721178761367,1.08417584038942
9.721001001001001,1.7142104505998967,2.4115084659689408,1.4460764024896258
9.784954954954955,1.9442721289107128,1.8514715959085628,0.7876842855321325
9.848908908908909,2.255432643531181,2.7630361525344536,1.0148698243097043
9.912862862862863,2.2995465314930064,2.046066264208378,1.28158977558741
9.976816816816816,2.2463121759817812,2.1261074125788113,1.0897627839335244
10.04077077077077,2.2076572423749328,2.7464571320292466,0.9233936012936358
10.104724724724724,1.8104972058771094,2.1367210247047774,1.0515381639487171
10.168678678678678,2.1047801551797813,2.313953646098611,0.7937849793230263
10.232632632632633,2.1573562570335394,2.506771140049237,1.1503181351537874
10.296586586586587,2.062432747924198,2.4563430674918023,0.9506325127452506
10.36054054054054,2.1748706306501595,2.227734458585702,1.1212663747334422
10.424494494494494,1.8900140233842415,2.6734761150968525,1.3600970418686624
10.488448448448448,2.1987400447757057,2.243029114478211,0.6318865694721236
10.552402402402402,1.9362531440074393,2.421316424933672,1.1466833028947518
10.616356356356356,1.792580390925791,2.398988771330215,1.2119678224924422
10.68031031031031,1.6336707193873543,2.142387463536342,1.0973828494696294
10.744264264264263,2.2815462322730977,2.4883360297045725,1.0200316877880227
10.808218218218217,1.7066068732737898,2.792594225340062,1.05653540357307
10.872172172172172,1.750083416203728,2.6739426855509723,0.7592950992301216
10.936126126126126,1.6152025160713697,2.2574065063720523,0.8977678351869187
11.00008008008008,2.5198202454499716,2.5017204878846244,1.0639713828656292
11.064034034034034,2.482661816569962,2.274381655733231,0.8030842335508743
11.127987987987987,1.811587451709797,2.7168296857385577,0.8392259707634864
11.191941941941941,1.5561411653833943,2.6416106019440586,0.9212970873158872
11.255895895895895,1.8194074704155097,2.0025304974436455,1.1570256932013059
11.319849849849849,1.8526025041743257,1.90502106419091,1.0859630292637064
11.383803803803803,1.893746384883759,2.4572104101940666,0.7472508983469308
11.447757757757758,2.1104723204042686,2.2634513887815366,1.0686663989625806
11.511711711711712,1.7587288527477178,2.3152306168034436,0.8088438803590152
11.575665665665666,1.9853213228673268,2.3426353991769284,1.2008837802851526
11.63961961961962,2.1160916767156417,2.343234191132415,1.062669277666395
11.703573573573573,2.1095385647283598,2.5275501157627,0.9699665756405366
11.767527527527527,2.1076638682034448,2.8974783788173104,1.2373654784382817
11.83148148148148,1.8737421095869127,2.198356872551696,1.2835025916408493
11.895435435435434,1.976990836067437,2.433450702666395,1.0639060082784177
11.959389389389388,2.2002674195742227,2.2569078274693104,0.9984909654460583
12.023343343343344,1.694836299532416,2.212265372039617,0.9176522708699305
12.087297297297297,2.261552936550351,2.4717340684466493,1.062190747185068
12.151251251251251,1.9156747447101945,1.9784475414358078,0.7499853047530507
12.215205205205205,2.262178459012314,2.680372626072989,1.136185364934963
12.279159159159159,1.5790850186401,2.3956573722083667,1.1297672038547013
12.343113113113112,2.139086838742582,2.455468402923638,0.9419998012898806
12.407067067067066,1.8907056061733776,2.2251216190298457,0.9576742973127281
12.47102102102102,2.3010575785004606,2.087707511814087,1.2281747297345953
12.534974974974974,2.0043534239101684,2.62075823664437,0.9828756160756567
12.59892892892893,1.777439415545445,2.4043044940742986,0.7766358090731793
12.662882882882883,2.2454931739504627,2.471082040602974,1.0045513017486336
12.726836836836837,1.8247228315838637,2.6099439821675356,1.057916205500805
12.79079079079079,1.7424950463353748,2.3715295806433705,0.9398387097477
12.854744744744744,1.7820675123883931,2.3690041934984065,1.13237860671056
12.918698698698698,1.8120568018495897,2.342628756125337,1.0352029715363174
12.982652652652652,1.8357463364822963,1.9803732622316443,1.2493857476823798
13.046606606606606,1.858483360943314,2.5251174029107855,0.8875596609804833
13.11056056056056,2.258222170850528,2.5630778936781486,1.3735701634647364
13.174514514514515,2.2816406795517152,2.2196324994309755,1.0628939353476383
13.238468468468469,2.3450970572306,2.222900679126776,1.5142303674585342
13.302422422422422,2.5213827898770416,2.325386299048611,0.8465708586378822
13.366376376376376,2.1790643549864943,2.367659749411425,1.1210415399262266
13.43033033033033,2.0137247095961253,1.9516092961162093,1.1557884348687746
13.494284284284284,1.7269991103094429,2.3097117787966015,1.0487197524249348
13.558238238238237,1.9322378635740256,2.428968384248115,1.1046434877308875
13.622192192192191,2.050345739867734,2.2633122317687477,1.0219702181208197
13.686146146146145,2.379904121730677,2.0554286580594563,1.0177062320459738
13.7501001001001,1.8909543217687759,2.272772091371686,0.5716871204337226
13.814054054054054,2.455489114686041,2.3829111700601353,1.3320589752960974
13.878008008008008,2.446948142901273,2.067139588408951,1.229050587889144
13.941961961961962,1.9922822020060846,1.778734226649878,1.3017824053479805
14.005915915915915,1.9679722632671997,2.4600715333854732,1.246187380026918
14.06986986986987,2.0612025479612766,2.3265651291872476,1.0847027024609366
14.133823823823823,1.8622456859274636,2.346701508009599,0.9980432818365741
14.197777777777777,1.7847495791220438,2.2878183107282135,1.3229592177571734
14.26173173173173,1.9207262192051486,2.380119199672654,1.0013589005228418
14.325685685685684,2.1829717623000047,2.291868206012073,1.0623282131612215
14.38963963963964,1.4925850977111517,2.906230981863192,0.9886391776416288
14.453593593593594,2.237875831334911,2.3721537629042584,1.2730477218125986
14.517547547547547,2.4716450797712683,2.4759875400776634,1.0359205202584854
14.581501501501501,2.3740301783666022,2.226443071212952,1.0520462013014373
14.645455455455455,2.479700802988779,2.16389773541535,0.9866755255451591
14.709409409409409,1.6968912075993807,2.069401473325674,0.963579812879694
14.773363363363362,1.8000984595672231,2.5252633205748323,0.5877372240096063
14.837317317317316,2.4664109203819833,2.321463365789524,1.28702198014136
14.90127127127127,2.168222547653131,2.054159508246521,1.1959125104436392
14.965225225225225,2.3910145762707766,2.390242460403669,1.231016111017417
15.02917917917918,2.1258248268878264,2.4396048131547357,0.9998836436244454
15.093133133133133,2.228974367383058,2.285945361565309,1.0526611870957399
15.157087087087087,1.8243718604810755,2.7196855096397257,0.9967928177316627
15.22104104104104,1.9427206883411268,2.51656832219994,0.8870163369837246
15.284994994994994,2.3108051280197133,2.4401757111338034,0.9850949676514017
15.348948948948948,2.122533790743217,1.9444974595115723,1.0134184614589423
15.412902902902902,2.0693872761770273,2.397944153195118,0.9997401933293487
15.476856856856855,2.2902205705009746,2.3711008189581926,1.4302456224407918
15.540810810810811,1.8771501254343133,2.1839502067259993,1.1515962494453431
15.604764764764765,1.6631449738236086,2.1718879724377906,1.323846650160428
15.668718718718718,1.8696492066366104,2.3120024298229422,0.9520469773294407
15.732672672672672,2.012763105355798,2.6788211048528177,1.2186327820224414
15.796626626626626,2.4640766741461713,2.442472117306578,0.9168184298035535
15.86058058058058,1.8451942980348897,2.0183218281406092,1.1055375032843375
15.924534534534533,2.267236502579762,2.146838435129305,1.1639181832828371
15.988488488488487,2.22563914353522,2.4961983144607798,1.0821135545089768
16.05244244244244,2.295109652773063,2.20530347656349,0.6842971184857505
16.116396396396397,2.4557739923813307,2.514303235114689,0.8851065089301392
16.18035035035035,2.088488192108041,2.4413991675710256,1.146688985699818
16.244304304304304,2.354696822658944,2.110808914297211,1.1269875744598845
16.308258258258256,1.8452872573856067,1.9494868560771572,1.0684141162620513
16.37221221221221,2.363419083875557,2.4006092691462264,1.1416766468071617
16.436166166166167,2.184417557118111,2.085393104441991,1.0475081153760195
16.50012012012012,1.820573846482741,2.308101822825601,1.0958462920860517
16.564074074074075,1.535569235271957,2.6335121641041166,0.7996923524321808
16.628028028028027,2.0646783481089708,2.3258021310335333,1.3964329453259434
16.691981981981982,2.051836200454692,2.021512551029657,1.2928304373927053
16.755935935935934,2.651373438341109,2.5355183769810234,1.1775448775434627
16.81988988988989,2.6613679816221274,2.0494156532129844,0.9464582121344878
16.88384384384384,1.8473802785222295,2.439948088858521,1.0087450130916
16.947797797797797,2.3507902329731096,2.405848683538156,1.4569259725583423
17.011751751751753,2.0696170415661244,2.2989439913925906,1.1388087234577962
17.075705705705705,2.063392259577753,2.0105976951926836,1.295421483802242
17.13965965965966,1.777070864363357,2.345309931531194,1.1907043664514427
17.203613613613612,2.0346227034850273,2.3352058976070134,0.9094863072370567
17.267567567567568,2.196819569862844,2.2643714556903776,1.205410717035663
17.33152152152152,1.9495603911465316,2.888858562913512,1.0665509655768597
17.395475475475475,2.272895556232607,2.278077205344944,1.3307551555166015
17.459429429429427,2.1368853301894464,2.15448580343735,1.2351572959684245
17.523383383383383,2.545945430149259,2.2495993781379506,1.2852988324671384
17.58733733733734,2.3072047116640504,2.1991449018936353,1.226842577707008
17.65129129129129,2.2266751511942804,2.1956020142023243,0.6960729028458995
17.715245245245246,2.1493916958935766,2.205786258386295,1.0802455949326182
17.779199199199198,2.016763186718408,2.0714021998842096,1.0353660388719568
17.843153153153153,2.352108105413372,2.110589701749279,1.293736177925216
17.907107107107105,1.9723341746421725,2.4700293934800825,1.4030211787380957
17.97106106106106,2.301644456509366,2.4554512877899897,1.1110480694574179
18.035015015015013,2.105014996635046,2.515194809588854,1.354746618386914
18.09896896896897,2.157000642639498,2.438043915170223,0.9365187493576225
18.162922922922924,2.619613439377413,2.328500512560702,1.0253084383567432
18.226876876876876,2.3019297123957445,2.333235214349398,1.4334506791345278
18.29083083083083,2.3106558201072747,2.2561532035600207,1.3287172538220589
18.354784784784783,2.0203465357077888,1.8491470949761957,0.8352713792741968
18.41873873873874,2.125719992851774,2.2432489565558673,0.9255766303449555
18.48269269269269,2.170344231559248,2.1265845789583437,1.073984835826831
18.546646646646646,1.9376841184868125,2.4765782072247875,1.2242584055957748
18.6106006006006,1.8847972940818365,2.4436211223437905,1.3267827555653209
18.674554554554554,2.183600246810095,2.2155392203050317,1.176193157619203
18.73850850850851,2.445829451060946,2.3998112486941787,1.2678022120508956
18.80246246246246,1.830163686604015,2.3336325136730123,0.9346646170073681
18.866416416416417,2.159235479642744,2.631780477414705,1.0834856505902446
18.93037037037037,1.9524971932755049,2.0060797526024547,1.0902662491285346
18.994324324324324,2.245642730292574,2.0384611994792214,1.143212827587015
19.058278278278276,2.2130704357098003,2.148473189795294,0.9818593765039334
19.122232232232232,1.8102075652403409,2.4072182393779267,0.9171238124997697
19.186186186186184,1.8291800955212243,2.5340942211215287,1.112455437106961
19.25014014014014,2.242836316656389,2.1225664780312914,1.0601936880964569
19.314094094094095,2.1698664425718426,2.098509731255265,1.0651108758250243
19.378048048048047,2.2151942660618245,2.319547438925637,1.138818177156912
19.442002002002003,2.280162664094664,2.3218009473899377,1.1647208257316444
19.505955955955955,2.292060983618873,2.2058665784396014,0.9738722568564753
19.56990990990991,2.697140853794704,2.353046363911509,0.8584969491068791
19.633863863863862,2.2325514661238324,2.18429998059752,1.2849659702900216
19.697817817817818,2.146324738113169,2.1305039678556694,1.1893921166307362
19.76177177177177,2.058392171595302,2.58060490965831,1.4045461814587519
19.825725725725725,2.534716506318739,2.20125987458923,1.2583795047101483
19.88967967967968,2.396998856007409,2.4110820010075953,1.1328226824549614
19.953633633633633,1.9793229565901322,2.366911230142409,1.1591779745972033
20.017587587587588,1.8775156520974865,2.073794692643092,1.1527723442499542
20.08154154154154,1.8728627830028872,2.400468733921411,1.1351359540217156
20.145495495495496,2.363618364309895,2.4040015142545808,0.9720903535554627
20.209449449449448,2.396921769610401,2.3680110323950503,1.1308482744704798
20.273403403403403,2.1899284887505504,2.1552707982569257,1.2962446883064578
20.337357357357355,1.6679442383576333,2.6113567050966555,1.1544490833970777
20.40131131131131,1.805112026275334,2.3422798116673254,1.253065345685396
20.465265265265266,2.232844278892796,2.6404818527817713,1.2648146812736847
20.529219219219218,2.133612103943011,2.191572650242793,0.8513998893784873
20.593173173173174,2.161770627203798,1.937654898749807,1.1021276686350383
20.657127127127126,2.0921353452767115,2.2207995259536455,0.9396535573681571
20.72108108108108,2.019339334235783,2.5149385170344063,1.1301675516526664
20.785035035035033,2.218959619196637,2.3706816470413696,0.9627225232609933
20.84898898898899,2.101078052591036,2.5641852922551793,1.0668671921028465
20.91294294294294,1.7201368642734653,2.4535257093738765,0.9770966609609826
20.976896896896896,2.009794376555926,2.1525387676805803,1.171086961229311
21.04085085085085,2.2216115550057665,2.4731978684194953,1.0453739174426526
21.104804804804804,2.052054679193085,2.232972368128651,1.0971226627496309
21.16875875875876,2.3180076948022177,2.3431375756222796,1.0379646921253218
21.23271271271271,2.5751962678190914,2.6888442908812866,1.2279580282308482
21.296666666666667,1.8110659145385744,2.5096411480882175,1.1279228919571456
21.36062062062062,2.953033728822747,2.444916949488457,1.2946314105961787
21.424574574574574,2.03258527441257,2.0571894080834574,0.9572996653831133
21.488528528528526,2.1137030018786884,2.2867833417292807,1.0689395699613093
21.552482482482482,2.3007855679169227,2.1850050390337854,0.900386968572269
21.616436436436434,1.8051946631261522,1.8156308644751165,1.0601684836888252
21.68039039039039,2.1777380118213614,2.5419455078721356,1.0352898941235609
21.744344344344345,2.1599553056868297,2.080318964939546,1.3526091425385338
21.808298298298297,2.0237945020437476,2.832285755130373,1.2264935749078696
21.872252252252252,2.2292933373663444,1.7881431315610983,0.9756144410616643
21.936206206206204,1.9889864434552194,2.380514271505698,1.0160160321589673
22.00016016016016,2.1684061820686873,2.23482777373399,1.1786929047305905
22.064114114114112,1.7618532492823324,2.26394224862564,1.0329935537060229
22.128068068068067,2.3012241737439485,2.3909940225697786,0.9788812163569607
22.19202202202202,2.3911662386925263,2.18426737595186,1.3538306459254992
22.255975975975975,2.6082875044576985,2.373674174574455,1.0074745816597697
22.31992992992993,1.979609408255866,2.24220974779766,0.9471549014990783
22.383883883883883,2.3133905938094657,2.264950175768773,1.224984312745054
22.447837837837838,2.093396333841344,2.399365773478819,1.273968364425932
22.51179179179179,2.3949297329555193,2.6147331223161068,1.0135884027954314
22.575745745745746,1.7769693261084532,2.62951750797974,1.2298610266796106
22.639699699699698,2.003477728232009,2.1634994968066072,1.276220924404662
22.703653653653653,2.142997660112105,2.3350398497808555,1.2600414581598187
22.767607607607605,2.562234193517999,2.4313051233304903,1.1209308434846996
22.83156156156156,1.7423949029365122,2.4068242553829946,0.9969962179189302
22.895515515515516,2.345719450128497,2.388561784124948,0.9998689614794237
22.959469469469468,2.1537371816015995,2.0662038459185865,0.9696144629688298
23.023423423423424,2.2572849618322723,2.2119008453989215,1.386554395572914
23.087377377377376,2.0297317261769448,2.1894111348933296,1.457550515834315
23.15133133133133,1.7912485888486436,2.3107222677108497,1.0475943729312769
23.215285285285283,2.4858034678815617,2.3922812747771216,1.083843550557998
23.27923923923924,1.9005897821132665,2.020138619707098,0.8612477227632908
23.34319319319319,2.2060337442915485,2.5448532718966126,1.348322492413708
23.407147147147146,1.907678973599867,2.3513585697049586,0.9559937404154637
23.4711011011011,2.23584829553039,2.047604208109309,1.0399996264689195
23.535055055055054,2.4650046801729797,2.091559727066982,1.421187730311587
23.59900900900901,2.249677502463285,2.1487254324719194,1.1816539708360205
23.66296296296296,2.0147460314418475,2.4490369026902665,0.9518561038543617
23.726916916916917,2.138579950875788,2.158518422564793,1.058247436702292
23.79087087087087,2.260649047734192,2.147992037073906,1.327715353641395
23.854824824824824,1.8066950989883168,2.2104078721761353,0.9986954424845724
23.918778778778776,2.307133348203231,2.196205491072648,1.0207463288687237
23.98273273273273,2.2071556572893947,2.4389500605154537,0.9427550297840961
24.046686686686687,2.097013816201493,2.3461987026589717,0.97555778037466
24.11064064064064,2.318621375719325,2.122834762045211,1.0694682547493652
24.174594594594595,2.3065332118716775,2.319488519416406,1.419186850696797
24.238548548548547,2.1812580747986003,1.6816246530185284,1.3446672381650864
24.302502502502502,2.1250127793090257,2.2235848173389052,0.9101921647653243
24.366456456456454,2.030122575172176,2.187882413679581,0.906034761288643
24.43041041041041,2.279570816188574,1.9059151170727409,1.2244015355800024
24.494364364364362,2.5780994050275656,1.836128815315767,1.0653134577986125
24.558318318318317,2.3211336179644846,2.326343986899536,1.0648956742094744
24.622272272272273,2.362894243598071,2.1347900744496893,1.2825128674416342
24.686226226226225,1.861008596555,2.3759485716737365,1.1962746147188308
24.75018018018018,1.7941837911968674,2.275169077896892,1.1833780960275453
24.814134134134132,2.343843472729851,2.40542053653141,1.2875294984766856
24.878088088088088,2.032604330499762,2.3096940500893104,1.1578090630434603
24.94204204204204,2.4696766189833044,2.0548934278869857,1.4149162156619493
25.005995995995995,2.1252464952813512,2.170681804993744,1.1415028117078714
25.069949949949947,2.142540732679349,2.897904315888575,1.2419576395620358
25.133903903903903,2.2865661393112395,2.084464875853657,1.1006980837544784
25.19785785785786,2.087483002587722,2.3790043106237966,1.3863035031121755
25.26181181181181,1.6155072599975322,2.1467163355256695,1.0962718921330057
25.325765765765766,2.517312012805531,2.389086722806779,1.223628561228433
25.389719719719718,2.103585485263913,2.302490386092533,0.9633514780899819
25.453673673673674,2.2918528892420236,2.1715404190225973,0.643741897005701
25.517627627627625,2.032467544879662,2.567786450091569,1.0701902816396405
25.58158158158158,2.0904811099776985,2.266240503573733,0.8541366262225647
25.645535535535533,2.1527965504067907,1.817770749969554,1.134185458649648
25.70948948948949,2.357917420477334,2.4591091579981565,0.781941043758252
25.773443443443444,2.293462879541229,2.346630790269636,1.267832324253178
25.837397397397396,1.7931195324473772,2.4901997568844862,0.9433578814707668
25.90135135135135,2.342228768829804,2.0951521213782436,1.168758508443901
25.965305305305304,2.2227912980007383,2.056102561407043,1.0747059919667559
26.02925925925926,2.168706906074641,1.869741539811163,1.225321478017604
26.09321321321321,2.4173184193341366,2.480016348895709,0.9244757448949046
26.157167167167167,1.6823711393772218,2.551811809934693,1.0643690763506957
26.22112112112112,2.2499300119056773,2.33796562776813,1.0224944356476846
26.285075075075074,2.173233324957764,2.7091679093347634,1.1009905097287607
26.34902902902903,2.3826648263083245,2.2390741010594,1.089362299892965
26.41298298298298,2.3107105894121505,2.216726937428214,1.2584747457964855
26.476936936936937,2.421412307991292,2.0799365339098594,0.8101575154200857
26.54089089089089,1.9074696896604357,2.657905817889998,1.1064790688136759
26.604844844844845,2.4341179561739823,2.400868502416902,0.8527676476414108
26.668798798798797,1.855167220471308,2.1206750544654374,1.1989764973000343
26.732752752752752,2.164087893844123,2.417443064577321,1.0464770307866058
26.796706706706704,2.0836820148453272,1.9145079305923467,1.1498899598855112
26.86066066066066,2.34285061448219,2.412637683473377,1.2932173314063433
26.924614614614615,2.1435265464442947,1.9619415462400869,1.2200075436880797
26.988568568568567,2.3048485756791814,2.2936621843571516,1.0958474107453597
27.052522522522523,2.3281842594732227,2.2672174772508034,0.9420261672191138
27.116476476476475,2.120375011457535,1.841512629845388,1.3198264747885378
27.18043043043043,2.4152237052587697,2.077298870139294,1.132387240980099
27.244384384384382,2.2502189367247394,2.3372363549535224,1.4463942144820106
27.308338338338338,1.7222606361940525,1.692904108974794,0.8417149014278611
27.37229229229229,1.9388625472669263,2.1060946355002037,0.9891339525616255
27.436246246246245,1.986026942622158,2.331757013194448,1.2108571985934231
27.5002002002002,2.147849976677064,2.6419453699073103,0.9785202273451439
27.564154154154153,2.0595655998481264,2.2776891389945124,0.8606455985380164
27.62810810810811,2.309711942702826,2.3942373464603763,1.107873237431637
27.69206206206206,2.0388120865130754,2.7526308924441794,1.2784371051666337
27.756016016016016,2.4008601585565956,2.3295799490596845,1.0810921959619428
27.819969969969968,2.29577234008449,2.2149883441627285,1.079151460400699
27.883923923923923,1.788096320897648,2.1307069085028867,0.9761530368673755
27.947877877877875,2.1596604300233406,2.1911178224333465,1.164967089723983
28.01183183183183,2.017920271799751,2.287072289064074,0.716129136704354
28.075785785785786,2.3426740319151476,2.4562268963469562,0.49484999283275943
28.13973973973974,2.570731480282356,2.3104421930285626,1.0626079955917498
28.203693693693694,1.8360764621803454,2.3128754898682566,0.982615451894176
28.267647647647646,2.1188304940302953,2.031036378385203,1.3009718534332826
28.3316016016016,2.760608965571526,2.247424909185722,1.0968373451917675
28.395555555555553,1.8930999276427176,2.362334000241852,0.9605806082120519
28.45950950950951,2.33831761533239,2.1480740960100837,1.2012403895121064
28.52346346346346,1.7011057724685894,2.172215510929806,1.2563276294810075
28.587417417417416,2.1451624486692933,2.2715183500541527,1.2652370185163249
28.65137137137137,2.0934862535257,1.9515633298261204,0.8530352146113089
28.715325325325324,1.8681245590350404,2.1915891029375283,1.3996105622911572
28.77927927927928,1.8913252058602457,2.5420882922971915,1.2029843471479227
28.84323323323323,2.4100224579434912,2.1696946953595106,1.246100862029216
28.907187187187187,2.1608365009092116,2.1079488548804584,1.0538022224975958
28.97114114114114,2.54686584596407,2.140409976284679,1.1359663603615018
29.035095095095095,1.9903325891900459,2.3148778775380627,0.6991591828772535
29.099049049049047,2.0921862437602172,2.378886732327879,1.308987905204692
29.163003003003002,2.549689341327419,2.466465040225886,1.0732282763054108
29.226956956956954,2.6817363254612774,2.2085641997106835,1.0918994869676268
29.29091091091091,2.405459481468738,2.4474660440493454,1.1777251334943273
29.354864864864865,2.307732449572474,2.0697082028006104,1.033899627804679
29.418818818818817,2.358861818382346,2.420735089691787,1.166841282147746
29.482772772772773,2.184167823908963,2.4691165152063483,0.7900569766763346
29.546726726726725,2.7558867780641307,2.1151803762299957,1.0951580497338904
29.61068068068068,2.4604859970839272,2.3918012961876953,1.007597513534302
29.674634634634632,2.018807411775614,2.478146429943836,1.6612210203543034
29.738588588588588,2.5420692488707783,2.375674491654056,1.0106248202897927
29.80254254254254,2.1188102732956318,2.3077610963548154,0.9869227762077314
29.866496496496495,2.2132363323199056,2.37678927728505,0.6726485068751676
29.93045045045045,2.310207596987872,2.0272159649847312,1.2319109523725242
29.994404404404403,1.9646198283358076,2.2239068272989835,1.3720833749607957
30.05835835835836,2.343309395195745,2.0222524493525325,1.0271333957254951
30.12231231231231,2.744175892045902,2.186782643163104,0.7475455016100776
30.186266266266266,1.9642114353472542,2.103936982323645,1.0685358745726539
30.250220220220218,1.7972400672090483,2.380507455254353,0.8460125075004912
30.314174174174173,2.1241520108927276,2.4799658356834917,0.9962723753680943
30.378128128128125,2.082972987886954,2.5109530549039882,0.968974805812343
30.44208208208208,2.496118727256987,2.3672090664488006,0.9517985852364211
30.506036036036036,1.9252347536888563,2.255417399334127,1.0826131468757754
30.56998998998999,2.68498692755492,2.5065338598063414,1.292017891142077
30.633943943943944,1.9234815164835517,2.211045437688634,1.1043293101773333
30.697897897897896,2.3057064714129867,2.135146208670264,0.9998870903054035
30.76185185185185,2.7285663476270576,2.156602687429225,1.1840992294578019
30.825805805805803,2.556244873085648,2.172809453330109,1.2873154941501923
30.88975975975976,2.4513139476068977,2.201237743472185,0.8822199571408633
30.95371371371371,2.194400794480011,2.692305562546851,1.2085106598125555
31.017667667667666,2.2753766724172655,2.203559831451101,1.1918871118125778
31.081621621621622,2.0081008818002863,1.9720351119803183,1.5819791266954808
31.145575575575574,2.6395249682008166,2.4801431622549566,1.1864503680674774
31.20952952952953,2.087246886117984,2.2196826338529285,1.354120001855405
31.27348348348348,2.1093837496841203,1.981692327348965,1.2921724227780251
31.337437437437437,2.1703890578004836,2.107028057352869,1.0179656917005087
31.40139139139139,2.1562289220204893,2.3181308551915394,1.2921673414618025
31.465345345345344,2.046192509144223,2.162198025917091,0.9461390876336868
31.529299299299296,2.170781715674837,1.875043019918671,1.0980169035580258
31.593253253253252,2.1176401329995382,2.164402879155154,0.5167331951952935
31.657207207207207,2.3573262288590993,2.231202631539829,1.08290221330571
31.72116116116116,2.3776982039260544,2.0213238266044096,1.2599427732037565
31.785115115115115,2.1582096606742485,2.49133544020878,1.2561694811168722
31.849069069069067,2.140029522845812,2.2389879540166455,0.9752196400483975
31.913023023023023,1.5704882542368752,2.270828005921849,1.3284748535298625
31.976976976976974,2.202935518490951,2.586539765131823,1.0516724188732294
32.04093093093093,2.009584390781921,2.2503771639335337,1.2579648868177524
32.10488488488488,1.9471106053783782,2.3390934868227182,1.1232790789691987
32.16883883883884,2.4435141379054848,2.154131073451507,1.5152024116720564
32.23279279279279,2.0230885736669086,2.1285775188836404,0.9158725435667239
32.29674674674675,2.18403281717718,2.3954613805502776,1.0435358875368919
32.3607007007007,2.592404537388878,2.181248955363676,1.3143898532949334
32.42465465465465,2.3979790703541184,1.9504202672081639,1.1849544060952835
32.48860860860861,2.1943681975439793,2.2351967538647393,0.7808898846319061
32.552562562562564,2.091010589577267,1.8555655108125684,0.9911388234969949
32.61651651651651,2.1883548562531745,2.0918318798282076,1.0273149189672253
32.68047047047047,1.4882893331642872,2.207019597784794,0.8355055087619842
32.74442442442442,2.3892735682282367,2.0026929484337828,0.9174912992329362
32.80837837837838,2.194929988253346,1.859604957664423,1.2636219235886286
32.872332332332334,2.534913665872348,2.1908673243743526,0.7320703221486304
32.93628628628628,2.405786175598725,1.8121022491727772,0.6960743039116298
33.00024024024024,2.3465460561498492,2.0372986565876325,0.9294923345385657
33.064194194194194,2.8264219954441225,2.189502494582409,1.0410848691376149
33.12814814814815,2.299275922671244,2.0796106038943907,0.8736849226436929
33.1921021021021,2.294704443286009,2.3150828715284213,1.1429766075822647
33.25605605605605,2.306817840082429,2.240851635901748,1.0761618044471846
33.32001001001001,2.83488761131225,2.439267475068245,1.4344776370778918
33.383963963963964,2.2915399471143836,2.0607351695739475,1.193161575239216
33.44791791791792,1.5484324156820164,2.1140834330417766,1.1172893509563646
33.51187187187187,2.191063512172267,2.4712658867361075,0.8058685619507124
33.575825825825824,2.184828515727139,2.315533701357207,1.0629890796114143
33.63977977977978,2.37358878249615,1.8880895720051791,1.0699642187242022
33.703733733733735,2.1947650238250636,2.079333627167741,1.1867589200607978
33.76768768768768,1.9923416635128164,2.03562686969319,0.6664775149200739
33.83164164164164,1.9185777432380418,2.262341401693716,0.9266868024075414
33.895595595595594,2.1548592551261962,2.082463863490218,0.9972873259000239
33.95954954954955,2.310650943652063,2.047351054351549,1.195654831712631
34.023503503503505,2.5770808019670883,2.2740564606707583,1.193844040302603
34.087457457457454,2.588242435236016,2.3537796745992337,0.9353295639663061
34.15141141141141,2.090117210630454,1.7841121085569636,0.838131648889768
34.215365365365365,2.075099314573924,2.140642376822394,0.9392494926508544
34.27931931931932,2.200878596716018,2.476152408897272,1.360726402872162
34.34327327327327,1.5460920787789072,2.2155625049704257,1.2022690176987023
34.407227227227224,2.500541111716595,2.047675271150545,1.0808781400256502
34.47118118118118,1.8958445151195855,2.3492252639018862,0.9833639547412405
34.535135135135135,2.2034992107232956,1.9042281620345674,1.017251657330105
34.59908908908909,1.8674114285797767,2.115527738502331,1.2135511678859332
34.66304304304304,2.1912854954194314,2.3116655122919076,0.9661634976712038
34.726996996996995,2.241607867446164,2.6554879683035084,0.9848328483815659
34.79095095095095,1.9855653598334975,2.5329397638166893,0.9778896734563165
34.854904904904906,2.315506852820403,2.5913715451210986,1.1587083034418182
34.918858858858854,2.149175210679869,1.983239985004446,0.9908860281260061
34.98281281281281,2.3823784077235204,1.8833509927139072,1.1161136525995128
35.046766766766765,1.9815880065421712,2.3088972804014927,1.363638308280607
35.11072072072072,2.146732675288522,1.8794402483075663,1.286093069244102
35.17467467467468,2.239358296180037,1.989368684448068,1.3481890545328994
35.238628628628625,2.0170994808609635,2.1710306475826098,0.9950196486829637
35.30258258258258,1.6713308172984143,2.1685115301696993,1.1884375051836527
35.366536536536536,2.3288225144703487,2.3826297487880828,1.2219752581770391
35.43049049049049,2.176751287822736,1.7214780501548408,1.162284804816329
35.49444444444444,2.3146594463649475,2.053644898039027,1.3616682853554705
35.558398398398396,1.9198493784429378,2.4217154719700336,1.0210265172798805
35.62235235235235,2.3827051357118103,1.9558782960257162,0.9269115199780094
35.68630630630631,2.372445000060205,2.2768814599874307,1.1106950259435953
35.75026026026026,2.1920588484076617,1.9302351495853243,1.0114382264741066
35.81421421421421,2.440947255657507,2.352599762475606,1.3036345560860951
35.878168168168166,1.610044304524516,2.289835005912692,0.9892632014200823
35.94212212212212,1.9313028334804532,2.3572577828614185,0.9305761330468135
36.00607607607608,1.8918031763712624,2.105249307602146,1.090935527090427
36.070030030030026,1.8264277740075883,2.212435910920202,0.9830999531842071
36.13398398398398,2.029048313406626,1.8727677798733469,0.794991472916411
36.19793793793794,2.2005858191723133,2.0790530081446392,1.0534584424062554
36.26189189189189,2.577547959130513,2.468822611276576,1.394517861445144
36.32584584584585,2.213871282657382,2.4133423470553987,0.7502967589610436
36.389799799799796,2.3421184551044125,2.526059517294856,0.9614988568407973
36.45375375375375,2.1134929052335014,2.6169868866087613,0.9501958270269504
36.51770770770771,2.6331373270260983,2.124379692949463,0.8574983958680118
36.58166166166166,1.9733231220257452,2.132828783349511,1.207252842248526
36.64561561561561,1.9111855459276659,1.8476400547985206,1.094257357634761
36.70956956956957,2.2363366909057873,1.9892832829473748,1.1948658589005887
36.77352352352352,2.6544967886937156,2.3188283696484264,1.2443144931417665
36.83747747747748,2.0948338522902596,1.861820685062041,1.091565413118393
36.90143143143143,2.127175357841745,2.1955350993030356,1.3676077893871632
36.96538538538538,2.558585278846366,1.8170745318808605,1.28035772613568
37.02933933933934,1.8943683045778155,2.3603966175162765,0.8299702043479201
37.09329329329329,1.9474543928764785,1.972576635856692,1.0502501100134
37.15724724724725,1.737684970059532,1.9368656696563618,1.0648352822653682
37.2212012012012,1.553903181811208,2.2371486437895487,0.9515579396046429
37.28515515515515,1.8727348453627741,2.243051690158918,1.046475499057256
37.34910910910911,1.7210850651518452,2.1577739520591694,0.9262482222671651
37.41306306306306,1.877767692410086,2.3606676176587476,1.0546578400988011
37.47701701701702,2.5338716223239883,2.096615416808864,0.7032624187692353
37.54097097097097,1.9391216968984535,2.379174176326668,0.8391863200191698
37.60492492492492,1.9870943910456371,2.398383469522634,1.1436462051461267
37.66887887887888,2.4835831641874226,1.8927075573523129,1.1834114701309955
37.732832832832834,2.177984218984265,2.312228106535829,1.2893799856151773
37.79678678678678,2.564599323053344,2.241607570558967,1.1721967193967087
37.86074074074074,2.383398967770902,2.288004675073824,1.2454172454233268
37.92469469469469,2.1555020122285615,2.1797646279665126,0.9064523431497213
37.98864864864865,2.6743600289232634,2.092783378560186,0.7417678932661629
38.052602602602605,2.3529307565835453,1.8325656984063345,1.2618854388160639
38.11655655655655,2.0096959539004655,2.146832291804835,1.2082590150877612
38.18051051051051,1.878362113077984,1.9481630862108141,0.9316251751892541
38.244464464464464,2.7630597370298866,1.8875617713098929,1.1035422211729904
38.30841841841842,2.0323903839032074,2.23266361614036,0.9929714896457731
38.37237237237237,2.3545887957089926,2.0523274530438544,0.9238159130521734
38.43632632632632,2.2969299102946708,2.1683017467170815,1.3930762489735433
38.50028028028028,2.387243618511222,2.1026357438098584,1.2345589977487863
38.564234234234235,2.5591401447367983,2.224174568055277,1.222573204445703
38.62818818818819,1.5213879995969997,2.1835791113124365,1.1757131852380365
38.69214214214214,2.0596308815675943,2.0437051674888242,1.2579563793410442
38.756096096096094,2.1486399009892496,1.9062682508097026,1.3552798370502108
38.82005005005005,2.5501530261360217,2.4166513045150895,1.0403205260072323
38.884004004004005,2.0376770785943434,1.7539663008421462,0.9671858415871009
38.947957957957954,1.9933446087225029,1.9635656124020417,1.0914170259930482
39.01191191191191,2.3472047616099827,2.4693725401732736,1.0318853790207534
39.075865865865865,2.0274429210357168,2.1300723233894576,0.7971922183084542
39.13981981981982,2.35207989245223,1.681782167648781,1.3150126034180938
39.203773773773776,2.5591575164949587,1.8077835188220779,0.8694725042424702
39.267727727727724,2.5444529390671144,2.4493016208338143,1.0099590497243172
39.33168168168168,1.9527122642914614,2.2854487778967822,1.100971922145848
39.395635635635635,1.6627795197193693,1.9212231179854977,0.7736978517726516
39.45958958958959,2.2988294629869364,2.0679395460985974,1.0324946867772333
39.52354354354354,2.1233826840749837,2.162855144246054,0.7344982738196124
39.587497497497495,2.613708750343075,1.9509012060729183,0.8994360982042647
39.65145145145145,1.7590311763382336,2.1562130659943723,0.7872101510443418
39.715405405405406,2.32610859467804,2.234946502072087,1.0353419977886138
39.77935935935936,1.9937476541183212,1.9794887213318642,0.9262057567279915
39.84331331331331,2.226815566007123,1.984836010069228,0.9328966831157067
39.907267267267265,2.3940430668798185,1.9726866744813518,1.0137372479200624
39.97122122122122,2.252431976325481,2.144846276764428,1.1268050544802146
40.035175175175176,2.2182524312610172,1.8005032837319281,1.3856625209436997
40.099129129129125,2.3818976750242733,2.280015674100722,1.1779702750179308
40.16308308308308,2.187334209772542,2.2189945215358216,0.9517128735279599
40.227037037037036,2.1359684135292976,2.243458252588247,1.1896000214283184
40.29099099099099,2.541737772360127,2.0517676738698256,0.9819899688273437
40.35494494494495,1.617632697073857,1.8462099831900578,0.8710636133366397
40.418898898898895,2.3483181743190085,2.3533988135118906,1.0041994019838845
40.48285285285285,2.6002645931191544,1.8154345968186114,1.0601826403524344
40.546806806806806,2.2847609412417453,2.0895839215602967,0.7870606392340509
40.61076076076076,2.4034271623228816,2.1632983829981063,0.8947749035150523
40.67471471471471,2.498383410876942,1.9584551475405159,0.8795384189149384
40.738668668668666,2.5500136036635315,1.608692295238397,0.8768021555340954
40.80262262262262,1.9021345046249645,1.941909898713324,1.021978077161955
40.86657657657658,2.3368536899841246,2.2851494047366856,0.4920657451422985
40.93053053053053,2.764413829068645,2.184561904615219,0.8750436775953999
40.99448448448448,1.89790613929024,1.6741207292469,1.1496079505249508
41.058438438438436,2.1636440539461907,2.1385178405300795,1.2954311432818915
41.12239239239239,2.024111354221176,2.121756756523121,0.9075447049501455
41.18634634634635,1.973131666306106,2.0703084367100644,0.816177575199751
41.250300300300296,2.1863249115406926,2.2008140856952956,1.0465733379034923
41.31425425425425,2.0156975836304594,1.9444721048474245,1.0472288233845375
41.37820820820821,1.860920143236548,1.9038607757814332,0.7892460890689248
41.44216216216216,1.7783216163848576,2.3313923790012385,1.1135645293881975
41.50611611611611,2.445634328551489,2.099480656760634,0.9107079831412581
41.57007007007007,2.6587097292967035,2.010743171821466,1.0151584325859084
41.63402402402402,2.63338181151617,1.8358259198380724,1.0585066945209605
41.69797797797798,1.916097358624034,1.7666157024727014,1.0618181251697996
41.76193193193193,1.7947901692759551,2.011025390225377,0.9379517834208299
41.82588588588588,2.074997698118077,1.7527317908120876,1.0099992661603043
41.88983983983984,2.335594874744708,2.2516616633612583,1.029171081053534
41.95379379379379,2.0837140150396185,2.3191882863517397,1.2924028081829009
42.01774774774775,2.5269492773097957,2.2145852623202793,0.8918738929093152
42.0817017017017,2.404253616356495,2.089684683853758,1.0207489432621488
42.14565565565565,2.2244698035932617,2.1018271904683425,1.018241557178401
42.20960960960961,1.9163346805267802,2.2192843968291927,1.104238348893312
42.27356356356356,2.0463492158646988,1.7342785441998811,0.9610746536223845
42.33751751751752,2.5567815842547654,2.235539334271172,1.2092745496052566
42.40147147147147,2.0221142340806404,2.4488798046877567,1.030706695166509
42.46542542542542,2.06133495019225,1.6755078162099994,0.8220315785566883
42.52937937937938,1.8406843897174194,2.4090977680502816,1.418265591966997
42.593333333333334,2.4080801456915517,2.048076574508001,0.6709508177762911
42.65728728728728,2.1154868125702944,2.001090535334723,0.984622022585934
42.72124124124124,2.179558536415646,2.059195613314922,1.247738562961103
42.78519519519519,1.7045967583956059,1.8898974997235822,1.1789459979977222
42.84914914914915,2.002866516602377,1.7589656922965817,0.9597533233893564
42.913103103103104,1.8257281625554183,2.034844737419759,0.904016220509784
42.97705705705705,2.175421065033036,2.487798827627319,1.1293638055690791
43.04101101101101,2.5505189146160006,1.9547380955511635,0.31622154640867206
43.104964964964964,1.831931586864889,1.7766841402208855,0.8340207739118877
43.16891891891892,1.706367909234307,2.392676964215164,1.1384856148760822
43.23287287287287,2.153802259829547,2.406565446199445,1.291284744138375
43.29682682682682,2.3099383033522694,1.9405775309465565,0.9296080585833613
43.36078078078078,1.9910731397820007,1.876412384044399,0.9994150386301558
43.424734734734734,2.0228662290568433,2.435825489564509,0.7153795712851072
43.48868868868869,2.1860786082017083,1.9560605226898862,0.6937053233305079
43.55264264264264,2.0943246670333835,2.1892549756103294,1.0478400618371353
43.616596596596594,2.2100589343605925,2.0958435538363935,0.8629053510460701
43.68055055055055,1.8651652968900185,1.7297312302568537,0.7598458670906088
43.744504504504505,1.8802598149545984,1.9709775999918464,0.6458315877340927
43.80845845845845,2.116818152872531,1.5041047862870438,0.7894978636349055
43.87241241241241,2.3440188402788076,1.694308089543524,0.7011124918960041
43.936366366366364,2.2581184966897343,2.5378667572529015,1.1169317074550125
44.00032032032032,2.060644290924634,1.8366505260236385,0.7320646027060523
44.064274274274275,2.212778986815781,1.7776016323030297,0.8684409951255839
44.128228228228224,1.9286286769258791,2.0409925246403335,1.1217796719462938
44.19218218218218,2.0713020270352303,2.2165797548052883,0.862971504270692
44.256136136136135,1.724741316980467,2.3511902471106123,1.2973980041435305
44.32009009009009,1.7603843270168826,2.057775115306212,1.2622109511661601
44.38404404404404,1.3916578957466785,2.2595217585114487,0.9467869786046099
44.447997997997994,2.4869775494066024,2.416649765524666,0.735250900522807
44.51195195195195,2.2660099195687833,2.0653808553807207,1.170416349265859
44.575905905905906,2.290690550773111,2.0863887419502434,0.72710454710583
44.63985985985986,2.266502877855335,2.0931036989275182,0.8130640225687648
44.70381381381381,2.186143560490851,2.2397160888431804,1.0885928846269795
44.767767767767765,2.137184825440711,1.8292521379292122,1.0341453602278163
44.83172172172172,1.9854500794942076,1.9086948612603718,1.0760147461062706
44.895675675675676,2.2376413308600873,1.521891103642525,0.9007903375310655
44.959629629629625,2.0980231915816874,2.2376355660862566,1.3613651390612103
45.02358358358358,2.0364690249249375,2.1686198637216956,1.1870730510199186
45.087537537537536,2.010573944670966,2.306015056351267,0.9164112998992425
45.15149149149149,1.8998741964328727,2.4958314379746533,0.8380570640013004
45.21544544544545,2.0957622801204074,2.052927314919446,1.0564947810634613
45.279399399399395,1.7731984636107865,1.6414233435135153,0.49566323815139873
45.34335335335335,1.852041365163063,2.3448974501650333,1.110185573744297
45.407307307307306,2.1624189811270993,2.429787523896761,0.9306267617793434
45.47126126126126,2.4823482388646707,1.9753058198499305,0.7766134190768597
45.53521521521521,2.1228418177637867,2.3638260961332462,0.37946927784374107
45.599169169169166,2.048967247021401,1.6011897356323948,0.6949091803892158
45.66312312312312,2.243603788573877,2.232641618140715,1.1110234642049615
45.72707707707708,2.341997832084191,2.1991848428680862,1.1034811672010576
45.79103103103103,2.4656647642102265,1.8224883665617433,0.8607767024388756
45.85498498498498,2.1173674251121293,2.3542993156303518,1.0367723229184886
45.918938938938936,2.4121776563079744,1.842900141339615,1.0704907647610136
45.98289289289289,1.983842995731025,1.8993511184394394,1.0110977988881555
46.04684684684685,1.6461034894830722,1.9391924802944127,0.8260603578950227
46.110800800800796,2.4925534747050455,1.9595341661909038,0.8509814882311809
46.17475475475475,2.2703639982947554,2.02089496939197,0.8629893692457058
46.23870870870871,2.047932808729514,2.2827704064240617,1.019888711568127
46.30266266266266,2.1149569439744385,2.00721432811906,1.0707172874805002
46.36661661661662,2.375588252004179,1.881255377727625,0.9562075971460922
46.430570570570566,2.1678080025711206,1.9193548447067192,0.8986339278688362
46.49452452452452,1.6601740431049654,1.8600552187693753,0.8309733778349637
46.55847847847848,2.3366557278423588,2.2436053220635213,0.8891671653422234
46.62243243243243,2.4691110407494796,2.030784163181994,1.0153347833789017
46.68638638638638,2.434873291834743,1.9309052161670552,0.9138875157505015
46.75034034034034,2.2284604001214903,2.209685450158183,1.1167010524527594
46.81429429429429,2.280270121071273,2.41069588617942,0.6196041830755812
46.87824824824825,1.9449829502982283,1.9649947153744298,1.0084243163301871
46.9422022022022,2.224002374087031,2.320948189167649,0.8679313510763383
47.00615615615615,2.0167114867658604,1.9098481848291293,0.858860252890441
47.07011011011011,1.7930694318864715,2.1655241714226974,0.6710362026329695
47.13406406406406,1.8833288696195452,2.0638189778323213,0.7501612918270746
47.19801801801802,1.9898044819998215,2.1842884200413994,0.6823762877551263
47.26197197197197,2.146562453613118,1.7675241630362655,0.900736991393327
47.32592592592592,2.1153231029409585,1.6596049708877683,0.9248185121009631
47.38987987987988,2.4828379804262575,1.868549957607159,0.6408831653212601
47.45383383383383,1.8526345246334106,1.8499613949829232,1.1425670978696219
47.51778778778779,2.5432707092644473,2.1724112739804164,0.8005364841253946
47.58174174174174,2.2680300466288474,2.291634864285302,1.0446760877833845
47.64569569569569,2.0231852477913956,1.6422765299109527,1.1337334478364471
47.70964964964965,1.7479929418675706,1.6023759937113347,0.8498388545148028
47.773603603603604,2.284642455211214,1.9111793911873207,0.7591395081681291
47.83755755755755,1.743343986905532,2.0002324749337137,0.5771333376524451
47.90151151151151,2.4890594482362967,2.0182525409599785,0.8157014172833996
47.96546546546546,1.8087314558318668,2.214410365644011,0.9545358184737053
48.02941941941942,2.303061445253398,1.8977384946698757,1.3421302182469796
48.093373373373375,1.952784321307733,2.164329570934223,0.9101867653772568
48.15732732732732,2.5425726747534085,2.0415158981644703,0.6872018852285517
48.22128128128128,1.738538875936164,2.229285055474501,1.1358272868027208
48.285235235235234,2.1174356551805236,1.9430713654477967,1.0318916884889755
48.34918918918919,1.786757880593552,1.6571187186442937,0.7678597570705239
48.41314314314314,2.3073316762197495,1.9242705810986338,1.088401068620761
48.477097097097094,2.35460740343463,1.843541461096175,0.6283392845926458
48.54105105105105,2.370214300928099,2.225518300819485,1.0733458343486688
48.605005005005005,1.8321670794931766,1.9719796945003063,0.968832707744442
48.66895895895896,2.121074551308639,2.137127890074241,1.5833192736698458
48.73291291291291,2.066935349194266,1.7565535620908859,0.8226770093703674
48.796866866866864,2.1942980612891048,1.7450694207073982,0.8988216285642011
48.86082082082082,2.304462238661583,1.6637862976181492,1.1105920549966117
48.924774774774775,2.4597539508164967,1.8971167108690534,1.063371059064577
48.988728728728724,1.6155605384568692,1.8206639008093795,0.7485081247107372
49.05268268268268,2.0860318008144083,1.4273524788439864,0.8551645453457158
49.116636636636635,2.4433251219715566,1.7674483296522279,0.9077910109437659
49.18059059059059,2.2528116105322247,1.9867934183029234,1.030613468499197
49.244544544544546,2.414227690097551,1.6810665795708637,0.6882879738734693
49.308498498498494,1.8252722909689487,1.9821834953768593,0.9288614431997392
49.37245245245245,2.1530688982202646,1.4069773596208044,0.9901521754742737
49.436406406406405,1.8661315061323107,1.8433286983332304,1.2306114519930564
49.50036036036036,2.2018086857883534,2.2028956546884957,1.1324905714407096
49.56431431431431,1.930800932863764,1.8834965379123938,1.1888082751611682
49.628268268268265,2.2169605992991013,1.931019409133312,0.7250198070316285
49.69222222222222,2.1285520405996654,2.3882774862311766,0.7198023325246603
49.756176176176176,2.0676828059580448,1.8147998245080608,0.9922512685880083
49.82013013013013,1.8419244197265563,1.7701209639609252,0.4989872768165136
49.88408408408408,1.8997550209674605,2.0169318242283563,0.7245033379261936
49.948038038038035,1.8885804701088345,1.5396389058889004,0.904300996735873
50.01199199199199,1.9369621362347669,2.0454289149620157,0.747853895433811
50.075945945945946,1.9743462518787662,1.9022991744985331,0.5281759427319854
50.139899899899895,2.133597200645454,2.205021522200257,0.9227208229742978
50.20385385385385,1.8845618985356591,2.0694659664981905,0.6642499046307733
50.267807807807806,2.2901815612742658,1.9515555619431069,1.047270526085681
50.33176176176176,2.087505659689926,1.9653156132769125,0.7717075250167941
50.39571571571572,2.0424025396403924,2.0528835218189974,0.6817360532403924
50.459669669669665,1.9250099274469117,1.4509184865104467,0.892428509250715
50.52362362362362,2.139459909699278,1.8573330986980128,0.6291767364550506
50.58757757757758,2.3409236587829585,2.0064515610586846,0.8320695115371847
50.65153153153153,2.231246616770146,2.189479371479455,0.6479494546831968
50.71548548548548,2.183026415314317,1.821485707658009,0.7930797403394376
50.779439439439436,2.0070565549049957,2.3134432853865285,0.8097695558482603
50.84339339339339,1.8475985073194927,2.247180240473133,0.9235283927718885
50.90734734734735,1.9745132391363973,1.9240220501908258,0.5288053938881093
50.9713013013013,1.549280473624149,1.7376736582121448,0.9191510990569269
51.03525525525525,2.1125395112153686,1.979769643298862,0.5919853059888572
51.09920920920921,2.395498257255538,2.0399075976673005,0.8699196410619873
51.16316316316316,2.395842490299363,1.6231832267356932,0.8918550882678372
51.22711711711712,1.8023129099176598,1.9883608916360271,0.4202888501124136
51.291071071071066,2.265654660808072,2.0174093147279795,0.6812561616410158
51.35502502502502,2.0797618470614814,1.9107924908385368,0.8161404970440587
51.41897897897898,1.9685997463684708,2.4306433334817017,0.969426305630619
51.48293293293293,1.6947406968990557,1.8956066443770856,0.801027457754758
51.54688688688689,1.632379425556202,1.9492103137688828,1.0455298322365731
51.61084084084084,2.2982093849192573,2.1087921654077797,1.1905744471206237
51.67479479479479,1.8328734496469803,1.7139965308285146,0.4775757148532027
51.73874874874875,2.045138302473635,2.2498790341629737,0.708182821233392
51.8027027027027,1.9948360243182401,1.905476586716115,0.8160065126879787
51.86665665665665,1.774417563758433,1.847253795369545,0.8107236657791307
51.93061061061061,2.092794075078335,1.5253923199424502,0.7902995153124366
51.99456456456456,2.01357777033541,2.0255005125341525,1.074419210993294
52.05851851851852,2.317610360524813,1.8269590424594897,1.0344564529324183
52.122472472472474,2.2794583781991635,1.83582547009507,0.8630788681193364
52.18642642642642,2.0873921911241573,2.291894658212232,0.6138513059840854
52.25038038038038,2.3361089079422688,1.567271337056655,0.6638594617886358
52.31433433433433,2.108293457664983,2.052144455313918,0.7424180622742874
52.37828828828829,2.3466311070481596,1.8836308759453635,0.6679434261081684
52.44224224224224,1.6488621771806615,1.5839913404951171,1.1008411732477836
52.50619619619619,1.8516321625076262,1.8648822337314659,0.9840140156785292
52.57015015015015,1.776595043149648,1.8829043607541869,0.8054919187970238
52.634104104104104,2.056724209378879,2.3337766806623863,0.7110180184941555
52.69805805805806,1.8276109695252,1.7963776001926526,0.9828201973972053
52.76201201201201,2.3065043718329186,1.9760987443866722,0.4796522361812437
52.82596596596596,2.1127678078393735,1.797581881029682,0.6397381309858368
52.88991991991992,2.1796998734441178,2.0836706896170787,1.1045803395478155
52.953873873873874,2.2681322619510667,2.1077384006430306,0.754616309579514
53.01782782782782,1.8226505419140673,1.9447708552837668,0.6707430034591501
53.08178178178178,1.8605615963935058,1.7650560505282755,0.7515229949601099
53.145735735735734,2.546453016711126,1.706444863558766,0.7480463639091575
53.20968968968969,2.5232953459950656,1.8948856960251867,0.7773866927978902
53.273643643643645,1.5583143207651968,1.2657631794740507,0.8153909388919022
53.33759759759759,1.6175246309675755,1.951308386951156,1.2688246713221925
53.40155155155155,1.8649112990070555,2.159009163999517,0.6018251309539291
53.465505505505504,2.4071532735648926,1.7285425010533129,0.7848589454919509
53.52945945945946,1.6264238458608413,2.123892565063135,1.2023469070781765
53.59341341341341,1.7201203079646268,2.1199357858453314,0.6231997527272783
53.657367367367364,1.6201502178281115,1.7934847026457406,0.83357770644157
53.72132132132132,2.022974390466202,1.7086876494076217,0.9084972337113576
53.785275275275275,2.1371714754139632,2.1651590045781326,0.5100945965298644
53.84922922922923,2.0459070725867092,1.9917807685939717,0.9831196243578293
53.91318318318318,1.84815335292918,1.8611124613828252,0.5483414144541765
53.977137137137134,2.1020942307732646,1.942224347396814,0.8780806980105251
54.04109109109109,2.195010929277985,1.6704891001121402,0.5000857046283808
54.105045045045046,1.8217662981096332,2.0293601758862407,0.7687369161097961
54.168998998998994,1.6974724949877116,1.7497384376744889,0.8253230174023056
54.23295295295295,1.9809249123481698,2.1053696276154468,0.6571791854236873
54.296906906906905,1.7348041919983237,1.6059860983514083,1.2165835666771627
54.36086086086086,2.376631054759603,1.7758945446500243,0.8443017512547797
54.424814814814816,1.9092301091865285,2.0127459923167224,1.0390950188075518
54.488768768768765,2.4427786876885804,1.9335778677488873,0.7734074113649241
54.55272272272272,1.6038685129134291,2.34059059002171,0.778766130010162
54.616676676676676,1.787205915052151,2.0791118366566996,0.5555504296488643
54.68063063063063,1.7975858145788306,2.074144710705582,0.7040457366116949
54.74458458458458,1.9407925181351982,1.960284725534927,0.8359764871736666
54.808538538538535,1.8890585050575637,1.9191860402724752,0.8838077629739516
54.87249249249249,1.9246042645396624,1.7941034237649363,0.9335636965963187
54.936446446446446,2.121244780438639,1.833481660544981,0.8237770698181426
55.0004004004004,2.004680315529989,1.8146801592845883,0.6162682855039228
55.06435435435435,2.1310495588732716,1.8899637874251038,0.9169820588977402
55.128308308308306,1.8678179688914887,1.4245730763875406,0.9381982776035899
55.19226226226226,1.690365839471908,1.721757149834049,0.6937908019482815
55.25621621621622,1.7635423093461258,2.0403717852815544,0.7339302147353035
55.320170170170165,1.8759011585023075,2.0628325621552195,0.592478973335361
55.38412412412412,2.035787662578936,1.8918487656778824,0.8191296578142407
55.448078078078076,1.7361996979125405,1.8483660815070444,0.7931553704115801
55.51203203203203,1.5765231609998107,1.866236361942138,1.0808662463830259
55.57598598598599,1.9619579228875013,1.919009023473519,0.7474186218528209
55.639939939939936,1.9336745580617296,2.1412731738993607,0.6284256743607471
55.70389389389389,1.874085922206958,1.8638171306219733,0.7550217844864263
55.76784784784785,2.2142669837756963,2.3608029836402737,0.733154636822908
55.8318018018018,1.9658695412119684,1.6634207135526748,0.6366481303493994
55.89575575575575,1.823895395634511,2.2146259074126484,0.8437675128427187
55.959709709709706,2.090579231802129,1.897923791363485,0.9876222400436254
56.02366366366366,1.9488738657001121,1.9689725464003642,0.798810876353516
56.08761761761762,2.059292724243537,1.8094263375408075,0.8460071961877736
56.15157157157157,2.0297406486940224,1.9809956019879549,0.9320750856098116
56.21552552552552,1.9546845863217794,1.8993321610039473,0.7824734414782443
56.27947947947948,2.1795810467412475,1.99118802571962,1.017543496810879
56.34343343343343,2.0456991573011614,2.045500864833626,0.671735895170942
56.40738738738739,1.783652948945982,1.7712357984627232,0.8515101249138113
56.471341341341336,2.1006290062176767,1.7442035267708298,0.7831280586363575
56.53529529529529,1.774338142706009,1.7422950220098827,0.6174302852007595
56.59924924924925,1.6850216974490617,1.7463079821264926,0.8144883953038747
56.6632032032032,1.6218752617462466,1.4572259744241411,0.792265281409473
56.72715715715716,1.8887925431580044,2.301665130740744,0.7562410397521713
56.79111111111111,1.8007549154494233,2.0476338846690476,0.8830152110367877
56.85506506506506,1.641149812836444,2.0880409257685666,0.9079391611262794
56.91901901901902,2.192386842373951,1.848076334341484,0.8567020346768359
56.98297297297297,2.268350430773544,2.193956411927861,0.7659104213080276
57.04692692692692,2.2321808520831836,1.9708590851039627,0.697989217565625
57.11088088088088,1.769095374020432,1.9760023481061264,0.7180108120123739
57.17483483483483,1.5392732260060074,1.7792353419034823,0.7037285947336996
57.23878878878879,2.3940405403557885,1.6193554984999394,0.6768714103753671
57.30274274274274,2.158063585678024,1.92651799004521,0.45883880155691276
57.36669669669669,2.168094647190548,1.8352415269340439,0.4065309918191071
57.43065065065065,1.7592512736345138,2.1519490996773283,0.5537747635313996
57.4946046046046,2.0008890813977844,1.698652060369527,0.585497343771167
57.55855855855856,1.184212537700885,1.9280594332384742,1.0079018052282696
57.62251251251251,1.945147287248153,1.8920647644238284,0.5372619721286322
57.68646646646646,1.9214470864157327,1.8377320908185615,0.4654640131116991
57.75042042042042,1.559045756135719,2.3118900687877444,0.7577763836000543
57.814374374374374,1.8425346104295797,1.6902535473286853,0.9007621462018496
57.87832832832832,2.3202441608470665,2.0097431620875152,0.9385931814009696
57.94228228228228,1.6715538436191186,2.036970352939357,0.7948776623071168
58.006236236236234,2.414925593403917,1.8008988795355199,0.8050560366787013
58.07019019019019,2.0466570601351535,1.8590225192278371,1.0157805374456734
58.134144144144145,1.6772720848508973,2.0807629504227703,0.6260206004429081
58.19809809809809,1.894723642089045,1.936440724012047,0.7244857133467716
58.26205205205205,2.276453075756269,2.001948578623368,0.623332080840609
58.326006006006004,2.0774427019251713,2.0372627309290228,0.8978252017076872
58.38995995995996,2.0317738815290074,1.999416205103384,0.6503835079887571
58.45391391391391,2.0224510450523705,1.875698861855679,0.7129481328509792
58.517867867867864,1.978801133909815,1.86359870411362,0.807917937672785
58.58182182182182,1.2850748043569655,1.9119210636846093,0.6439997065698271
58.645775775775775,1.9394649486612399,1.975193119350803,0.3525388780388112
58.70972972972973,1.832795055790236,1.855040554795118,0.8838194861307603
58.77368368368368,1.6668827145730443,2.22253521738962,0.7840911653986887
58.837637637637634,2.3184463609317363,2.0831958140905678,0.8577027537111338
58.90159159159159,1.9142181133042784,1.8247414754391433,0.5905930479218388
58.965545545545545,1.7140935764297887,1.6245453655447084,0.6184299663144763
59.029499499499494,1.4265466616098386,2.002378621850322,0.7630465261373331
59.09345345345345,1.8301698697939608,1.7697653516214027,0.8515155996462713
59.157407407407405,1.3986422457572925,1.5467204803233257,0.9435866680229218
59.22136136136136,1.656449987116286,1.8453194993799584,0.6297900390189848
59.285315315315316,1.6058815023208877,1.9763793914376795,0.49611677432841605
59.349269269269264,1.9536717242669224,1.9367103351067774,0.6685651202078517
59.41322322322322,1.9077605979514358,1.3986985034494543,0.8959982020201231
59.477177177177175,1.9258797208045868,2.070841742478495,0.5013722868898793
59.54113113113113,1.730031606218426,1.776993947205397,0.9695304883657616
59.60508508508508,1.543704383248508,1.7864486293015618,0.6763223599449015
59.669039039039035,1.904778995317855,2.017941003095374,0.7318062209473786
59.73299299299299,2.001456629108608,1.7602215722089647,0.7627635120788289
59.796946946946946,2.1467942601334435,1.9760789110269816,0.8580339018996089
59.8609009009009,2.5572064080625925,1.813666276185275,0.8492383213703558
59.92485485485485,1.8083282317152203,1.9549971050360526,0.7324313470722807
59.988808808808805,1.907386545343441,1.6860217476694155,0.6866655735926527
60.05276276276276,1.7964501632838998,1.5461217202271875,0.8406329710955766
60.11671671671672,1.9951154350722629,1.5457966460566237,0.7752699986745506
60.180670670670665,1.9130421390197827,2.3090509810518753,0.42049847472034524
60.24462462462462,2.087458358635049,1.8490350293347528,0.9936929034764932
60.308578578578576,1.391372310334563,1.7768860873212442,0.9496894071719879
60.37253253253253,1.6373707839051195,1.6591383305090712,0.6979212701771655
60.43648648648649,1.6036417795195954,1.9923748281993348,1.140959134780279
60.500440440440435,1.542401408592573,1.632292912318037,0.682202887872566
60.56439439439439,1.53721126001377,1.7981727552666442,0.7255276202231463
60.62834834834835,1.7057996564795406,1.751731728329248,0.634056411695185
60.6923023023023,1.5965988416238346,1.8349331229902466,0.7709996382403158
60.75625625625625,1.8980876501827997,1.3840821399017251,0.5621913078793703
60.820210210210206,2.0123156161595372,1.9138263844648487,0.5922041572638481
60.88416416416416,2.0150949323838865,1.8723062442169498,0.8761456908525491
60.94811811811812,2.231352096910899,1.621207946920186,0.39716528543906954
61.01207207207207,1.9270015507933071,1.8503730438031871,0.6234418657890854
61.07602602602602,2.0565384385567227,2.111742312481229,0.5898993610072257
61.13997997997998,1.8116805775612734,1.8377824687645634,0.7129815246598342
61.20393393393393,1.7355032126666936,1.7149701347592199,0.549581765682958
61.26788788788789,2.0659314734544156,1.9137901795316645,0.8469781636671693
61.331841841841836,2.176555082913449,1.9294882276293752,0.6669705396178633
61.39579579579579,1.5996359209809778,1.6484352945276153,0.5282924560128102
61.45974974974975,1.6521958162993515,1.8105648668501455,0.8121741565951369
61.5237037037037,1.9266404314777579,1.6209650540796692,1.2321322958866063
61.58765765765766,1.767081224966087,1.820879411943409,0.9078310324804681
61.65161161161161,2.151898804522867,1.851140752693518,0.7492325298195045
61.71556556556556,1.794525658905344,1.7002911598750687,0.9566242803798372
61.77951951951952,1.788488442734507,1.8924091337659528,0.9493182507335691
61.84347347347347,1.4345599921688112,1.9078660044997033,0.38842674214419665
61.90742742742742,2.2157698495241016,1.4911319449595564,0.9030094679777007
61.97138138138138,1.469143721665902,2.0546653804416297,0.5914358926328015
62.03533533533533,1.828545448003003,2.191451605870836,1.1282636883080885
62.09928928928929,1.8109807764455144,1.3949308026860905,0.6013053552292205
62.163243243243244,1.1519777969187088,2.071841907564218,0.6204700362593065
62.22719719719719,1.5129077087317204,1.876887011162766,0.8970990302789961
62.29115115115115,1.9821963769537037,1.5959548752117683,0.6915375701865509
62.3551051051051,1.7107576627511305,1.6986362656667837,0.973246659634471
62.41905905905906,1.6766390977513979,1.7218240335499084,0.5432495272055872
62.48301301301301,1.832490815847833,1.7265328055158458,0.8161279562149784
62.54696696696696,1.5728477398909821,2.2075564775274885,0.8528739797454997
62.61092092092092,2.1869714724299794,2.1001911114410596,0.7126187159653556
62.674874874874874,1.2603541617170817,2.3775688870555647,0.7855968857597184
62.73882882882883,1.450324976666007,1.79050994354677,0.6957558883895851
62.80278278278278,2.044572134629101,1.88257681580784,0.5266419840819772
62.86673673673673,1.7381774942641326,1.6957018557206522,0.7400215899471657
62.93069069069069,1.81833551564377,1.6860426312572965,1.163796698074542
62.994644644644644,1.717242278388797,1.7505597997525228,0.7930392519840374
63.05859859859859,1.9769225064691747,1.9793712827430359,0.8165745675117886
63.12255255255255,1.415539949558081,2.3424340693827626,0.6411877131033837
63.186506506506504,1.9308366445084186,1.8490415077992741,0.4845351824059669
63.25046046046046,2.0035893479752627,2.1369624615753198,0.8255580321813282
63.314414414414415,2.1305450485821975,1.8337620406810138,0.33954602670726375
63.37836836836836,1.4404979685498596,1.5679302120769822,0.6028928096381168
63.44232232232232,1.809860990165619,1.7546639738325578,0.6412245457956423
63.506276276276274,2.1032810479790567,1.6582335693700947,0.922237543575848
63.57023023023023,1.6547344067995553,1.8833296237349433,0.9937256967599579
63.63418418418418,1.6471780378001217,1.934716096509828,0.8868237504103624
63.698138138138134,1.7439962417008472,1.6401417820387334,0.5867388489194159
63.76209209209209,1.7670305028171394,2.0022570757197027,0.42581080753591183
63.826046046046045,1.5302869003045405,2.034906221924915,0.8046000400377474
63.89,1.9214420173246032,1.9843260611615394,0.5109536875014036
63.95395395395395,1.739186273907401,2.002331670569846,0.716672736328621
64.01790790790791,1.8108395001335766,1.5849282664963562,0.5818988316862523
64.08186186186185,1.8227407986744424,1.8612901342040964,0.696598934080643
64.14581581581581,1.9043863385577184,1.9530374524363407,0.7345039238134923
64.20976976976976,1.5150539369993141,2.0866426631347728,0.34571449009201477
64.27372372372372,1.714513811675268,1.9763593207106593,0.6420932863008209
64.33767767767768,1.1563488125322658,2.253031973947871,0.7475804238221518
64.40163163163163,2.1313380893760447,1.894812384789618,0.8171168951863284
64.46558558558559,1.7267903950735095,1.8267230566667716,0.8086515134231027
64.52953953953954,2.052456446999351,1.7758028182818393,0.7258145988746981
64.5934934934935,1.8007482937658401,1.5977668690582114,0.6761880340256825
64.65744744744744,1.6896123279821063,1.8042114457547251,0.5102674297867744
64.7214014014014,2.005468975122467,2.4895539996858504,1.1453719165791463
64.78535535535535,2.329007271345832,2.1819103097622006,0.7885886391546145
64.8493093093093,1.75533047215773,2.0445299841287987,0.6696345874833103
64.91326326326326,1.4001959141095028,1.9018063967661791,0.6648598673614471
64.97721721721722,1.871395600780178,1.9097168715430894,0.6487625930156704
65.04117117117117,2.047355537894153,2.1395179233422255,0.6109628342339843
65.10512512512513,1.9614954587893958,1.8370022670596327,0.996873403594869
65.16907907907908,2.040019669638288,1.8483473078005683,0.5632650173203291
65.23303303303302,1.9967401751903642,2.030836996209015,0.9217171189895941
65.29698698698698,1.508422700331966,1.776091890060149,0.8260876190520707
65.36094094094094,1.750035853944329,2.1788351947175633,0.7226583564659905
65.42489489489489,1.8366088224413826,1.6802587705296734,0.30780980990659623
65.48884884884885,2.043762452427283,2.0603911740101695,0.7414962051984957
65.5528028028028,1.2725348737075306,1.8338319576463784,0.8605550062061458
65.61675675675676,2.0267916484811552,1.9401091429949844,0.7533684807703296
65.68071071071071,1.7841441933928683,1.8804896991838316,0.37666648221871524
65.74466466466467,2.058358371649712,1.8459946497084008,0.9027881071142613
65.80861861861861,1.424847683623759,2.0752309818352312,0.5704970997379006
65.87257257257257,1.3213066738352848,1.6460066117574814,0.5769588040581257
65.93652652652652,1.4604126813226634,1.69887662328922,0.8386629209890529
66.00048048048048,1.5359367866710838,1.1667338234430433,0.6557899638438263
66.06443443443443,1.7649450725029916,1.2916153110497763,0.629914451927987
66.12838838838839,2.2716625211995485,1.8248318546852684,0.8983688173495216
66.19234234234234,2.181199114338658,1.7654806338772457,0.7484905607558344
66.2562962962963,1.8598535977875057,1.8480343113111048,0.7145078901920697
66.32025025025025,1.7252532222147259,1.9262673057859718,0.6745905488235971
66.3842042042042,1.5608851597441262,1.7279216910894737,0.8235128818477905
66.44815815815815,1.5506920101821957,1.782865648299047,0.8289581029449355
66.5121121121121,1.8854723540839944,2.1451762832348162,1.0982886236548461
66.57606606606606,1.6266956150416572,1.8856265593411834,0.9163911039434577
66.64002002002002,1.7490555696369083,1.60826550043569,0.8307108488789274
66.70397397397397,1.5071911738097985,1.7865298867338197,0.3850311629836087
66.76792792792793,1.7968172173328054,1.7016824017543517,0.8187836443292407
66.83188188188188,1.8809980570296585,1.83031541127127,0.7080879390955387
66.89583583583584,1.800161224483888,1.5931220688344898,0.41482853685454985
66.95978978978978,1.8486684715874484,1.7177714949710317,0.6831455245481352
67.02374374374374,1.597796316041804,1.6775730869329675,0.9006933056709636
67.08769769769769,1.5972604044209882,1.728457310274578,0.5311811181276279
67.15165165165165,1.8631947180674966,2.0396947122401627,0.7060809047322973
67.2156056056056,1.429369177113818,1.8285792486041028,0.6937253467374259
67.27955955955956,1.7992220298723915,2.1270939996033063,0.8187158953671694
67.34351351351351,1.6729787051617302,1.8600656182566384,1.0906397212812504
67.40746746746747,1.3393058882311402,1.4149938000305626,0.35107408407604324
67.47142142142143,1.5530846496944342,1.7881318128356574,0.8210533607417053
67.53537537537537,1.6284068821452733,1.7994871310568918,0.6024264769444018
67.59932932932932,1.3797587152725865,1.6569284006731337,0.5913640821713464
67.66328328328328,1.5919030749492329,1.574301119670707,0.9041599618334677
67.72723723723723,1.6397303409849835,2.165598019487379,0.85415772631318
67.79119119119119,1.9587947669625376,1.7711618484548781,1.0953110373541188
67.85514514514514,1.5068691848661224,1.8224624006346166,0.17125625648394838
67.9190990990991,1.6815954532134831,2.0502272266958492,0.7358052837117105
67.98305305305306,1.4427961453821339,2.0029328924087633,0.696580213386478
68.04700700700701,1.6652597488517797,1.9008214907499257,0.5093057694384147
68.11096096096095,1.7450822848562353,1.8985250362336872,0.4883740218293055
68.17491491491491,1.8196832041520594,2.0262627428432047,0.8735600030671745
68.23886886886886,2.0127210652106293,1.6911992037967523,0.4629909331925528
68.30282282282282,1.5647302784032215,1.7689333643873135,0.885825646310197
68.36677677677677,1.7000220705414808,1.7965659451419074,0.7004783258382474
68.43073073073073,1.493269352430056,1.5921939288420712,0.7392971267959252
68.49468468468469,1.5059693191928682,1.5298642085508356,0.548862366558315
68.55863863863864,1.717855007482468,2.018510723722255,0.6802970208334548
68.6225925925926,2.0584754066040016,1.5988614226906275,0.5700738240570717
68.68654654654654,1.634503590095649,1.6376432729315586,0.4467523147354736
68.7505005005005,1.5899728889926499,1.90366392835612,0.6494518340897041
68.81445445445445,1.9169174770712536,1.6015263691404666,0.7474679751475528
68.8784084084084,1.9185662233869891,1.8621752323917573,0.7979614296596541
68.94236236236236,1.5138082347559485,1.8082037432481208,0.46159508122128656
69.00631631631632,1.5531331407159223,1.5657334059847847,0.5018859136945857
69.07027027027027,1.3156687783816992,1.8461028399717065,0.6223787667960671
69.13422422422423,1.5585515382448138,1.7665011983695131,0.9726828854096718
69.19817817817818,1.4610064466872625,1.9622926908677314,0.7096821299006049
69.26213213213212,1.6799788001626572,1.7910921819415748,0.9456948218039618
69.32608608608608,1.1807436202831667,1.9019040627111545,0.6582772303861637
69.39004004004003,1.4463508600426718,1.9543470320218794,0.7224506303693802
69.45399399399399,1.6614808396057188,1.5302854833876816,0.638648659956372
69.51794794794795,1.7641769126438958,1.5539434235208591,1.1596142209051177
69.5819019019019,1.7914478319982512,1.7548352523641018,0.44112047495938256
69.64585585585586,1.6563445014636629,1.8252925771356137,0.7351260048573021
69.70980980980981,1.3993786789855558,2.2119566729167963,0.7449562695040807
69.77376376376377,1.5814457543257843,1.6329915239366974,0.9880087360088841
69.83771771771771,1.7848314001293473,2.0290011760889297,0.8858634456341404
69.90167167167166,1.5544517599386498,1.9538884986156921,0.7276217223167466
69.96562562562562,1.5131078337348098,1.666543046702614,0.904080359654164
70.02957957957958,1.8788681351306715,1.8239246242106213,0.5694992719265245
70.09353353353353,1.880805800075657,1.8821571038315281,0.9680407633580425
70.15748748748749,1.6799304231941639,1.937889830830606,0.7071754353124867
70.22144144144144,1.6855007189176876,1.6564462346361943,0.6405200237342761
70.2853953953954,1.667874505349712,1.7101607059498498,0.8746753951991426
70.34934934934935,1.7225226789067323,1.8658298402058917,0.7903351278252158
70.4133033033033,1.449425586645748,1.4201940064536571,0.7320590878440338
70.47725725725725,1.645560160452968,1.811427017569771,0.5759628337713105
70.5412112112112,1.6276847144296307,1.7643337014495037,0.8919206975104164
70.60516516516516,1.627782770314357,1.728174100054859,0.8599567153933637
70.66911911911912,1.6557166491956419,1.751942095570039,0.7292489456403559
70.73307307307307,1.5309680523409417,1.8749699936717539,1.05629117125266
70.79702702702703,1.4690844787642985,1.788316519521408,0.7381525573481635
70.86098098098098,1.6029341697820843,2.072757440931934,0.571137141443443
70.92493493493494,1.324874100962888,1.8693170904609109,0.7631329433070716
70.98888888888888,1.7008053287815506,1.4997641765274483,0.7091612203034953
71.05284284284284,1.5163030609963022,1.785171025462606,0.3107871990899386
71.11679679679679,1.7670550251850488,1.7398672190197082,0.7284004526365446
71.18075075075075,1.9389493213275704,1.6634519482930048,0.5245508059608224
71.2447047047047,1.8885779550004012,2.259261471365788,0.6891990555475299
71.30865865865866,2.0784866859560855,1.4847711158993815,0.687482223501341
71.37261261261261,1.4636709941629105,1.6697349657976686,0.7111841777485554
71.43656656656657,1.601174700585023,1.705911568919043,0.48125563290479156
71.50052052052052,2.0377898651769826,2.1465243118652815,0.9014253767929163
71.56447447447447,1.8407961914265605,1.515921898744908,0.3516504744290542
71.62842842842842,1.8346409511692976,2.1697819630607817,0.41472637290472203
71.69238238238238,0.9696314231753177,1.5106860611965007,0.32378065811201273
71.75633633633633,1.4358659550575947,1.5928237058967323,0.8561693288740101
71.82029029029029,1.7549526482980988,1.797584131512638,0.7246076421720481
71.88424424424424,1.7313069656056441,1.9717091698337545,0.7280454973340359
71.9481981981982,2.130032000749929,1.9412391414667387,0.5234238577916673
72.01215215215215,1.755583916389805,1.767862196395736,0.7178561744053367
72.07610610610611,1.536206895701201,2.0822182303856946,0.6314070673878285
72.14006006006005,1.6756656807462493,1.848938926242262,0.8216600838200372
72.204014014014,1.1771931588460576,1.7681126756551144,0.9089852009491042
72.26796796796796,1.8174378701104814,1.6025850997963824,0.5864526456166637
72.33192192192192,1.8041492421752363,1.9387601879104048,0.8467758643644514
72.39587587587587,1.6094506030154627,1.6510048681394787,0.8372783091371033
72.45982982982983,1.0930791749120514,1.8727225323773296,0.6942074309094414
72.52378378378378,1.2181345987189864,1.8099026332064314,0.5361557749062804
72.58773773773774,1.4703271789410755,2.046222130369438,0.7264582775192056
72.6516916916917,1.7035541805123122,2.067883495642506,0.6858397077433444
72.71564564564564,1.94103526732727,1.6378592891048676,0.6788142528897001
72.77959959959959,1.6700851382076267,2.2780058518650814,0.449526998709839
72.84355355355355,1.8586446445963065,2.2172162259011383,0.5374655866180139
72.9075075075075,1.4992144894676729,1.6573725327331614,0.8720655965107031
72.97146146146146,1.7370448172026434,1.6130534850946825,0.9877189445423948
73.03541541541541,1.6138986683587877,1.6679488531729116,0.630433067178341
73.09936936936937,1.9795359270921145,1.5948074960084513,1.0034139040945467
73.16332332332333,1.2869986167858989,2.1517193370565897,0.7922711535305426
73.22727727727728,1.7896014496763522,1.5039458705426347,0.6012180345002861
73.29123123123122,1.4935976979814145,1.9112045244882934,0.8706938205766395
73.35518518518518,1.8825775105611895,1.799698227310859,0.7193067990436658
73.41913913913913,1.6541259966669273,1.7925978675894447,0.5374361526256771
73.48309309309309,1.824551779867684,1.770514016037083,0.8879642843720008
73.54704704704704,1.5596447860759097,2.121351494761176,0.5932757856939372
73.611001001001,1.5924509208758304,2.1695938663404006,0.7861847899437416
73.67495495495496,1.4354619453907247,1.84093996567513,0.9221093523778846
73.73890890890891,2.0170550515748453,1.841473612002698,0.6791914757505347
73.80286286286287,2.075842565678692,2.0104851413502485,0.441969593164996
73.86681681681681,1.2804375226525104,1.7784973353528326,0.5895893090863652
73.93077077077076,1.7852543188671268,1.4941762745954703,0.5693882941848023
73.99472472472472,1.4140540883101875,1.9417836638900372,0.5002557690254628
74.05867867867867,1.833694439258901,1.7626200050001386,0.7225830109328778
74.12263263263263,1.6041690303907996,1.5753970481253368,0.7499568044257828
74.18658658658659,1.3760599706409318,2.2248986230246075,0.7573544032016053
74.25054054054054,1.7055207659873715,1.9911457429470742,0.5124038984090998
74.3144944944945,1.8353868897973897,2.0497631223556247,0.6655420336239729
74.37844844844845,1.7845184297293688,1.8057114758756465,0.9915370071854319
74.4424024024024,1.6528496284439005,1.820263452612947,0.37612105777492333
74.50635635635635,1.5927023001385632,1.8544364930886252,0.7647910290501154
74.5703103103103,1.6326786303522847,1.4891629593982312,0.9259268046899657
74.63426426426426,1.1353767038588685,1.942217672452901,0.6623185381237988
74.69821821821822,0.9870934830135994,2.0332428979225914,0.8957733786121024
74.76217217217217,1.5636151058041372,1.5509177889609267,0.6378576757974599
74.82612612612613,1.7171164271558284,1.7505086759014354,0.9095506539835555
74.89008008008008,1.9258972452933527,2.0448607639458354,0.5001679527141892
74.95403403403404,1.9459564966491856,2.1473915200986227,0.7336628033039704
75.01798798798798,1.4324669797414296,1.4630933446423162,1.176785404896234
75.08194194194193,1.8165673969797143,1.7768761667601427,0.7164656496877411
75.14589589589589,1.231768291863824,1.8663256204439982,0.9138849514118486
75.20984984984985,1.560445381599457,1.826003522831213,0.3530924362042243
75.2738038038038,1.3908312401570657,1.8984451676501426,0.5771932805465628
75.33775775775776,1.3700954157460337,1.9285594303343392,0.8714340811242005
75.40171171171171,1.1761356255429514,1.8817454736342845,0.9079985160766062
75.46566566566567,1.6989237233272183,1.8464535182788362,0.5690414818383143
75.52961961961962,1.7122281669148767,1.6927747297787235,0.9154348131043071
75.59357357357356,1.1461026168572053,2.02398527893844,0.870408374900763
75.65752752752752,0.9804533504017623,1.642579023219656,0.6018581377765543
75.72148148148148,1.5009050345398192,1.5708938278069227,0.6654285116385498
75.78543543543543,1.9181440125566662,1.7558501761862904,0.6632205746617791
75.84938938938939,1.4863307817122928,2.1674573735919145,0.7760425211707047
75.91334334334334,1.6575088023628015,1.32291129655433,0.6551340676500931
75.9772972972973,1.360435702023969,2.0809151097935534,0.45960789452614864
76.04125125125125,1.3715325500625304,1.8584019506939942,0.4481896788217169
76.10520520520521,1.501332163043397,1.7421694113568669,0.7416397625459279
76.16915915915915,1.6496326722171295,1.6314745398817583,0.8297233394275361
76.2331131131131,1.3554875345238635,1.6940404766743484,0.5723118417772721
76.29706706706706,1.6462575698587785,2.244647463395903,0.4738505228886154
76.36102102102102,1.1833726252696721,1.8983064511879815,0.6498831798007415
76.42497497497497,1.4886152968455015,2.061745436151485,0.815072731898127
76.48892892892893,1.0657180736081386,1.836648966926152,0.5421679586772928
76.55288288288288,1.34030908133166,1.6592599798527685,0.7256825435721243
76.61683683683684,1.0737384645386125,1.8291613760761076,0.7105837842763071
76.6807907907908,1.445413200538872,1.9034526921831427,0.7022251361252693
76.74474474474474,1.8462750867237034,1.7902909223476855,0.6001813864848432
76.80869869869869,1.6125702720386683,1.6126313527563219,0.8167723851940993
76.87265265265265,2.3039967428566963,1.4819645416468028,0.7742897650401971
76.9366066066066,1.4769197274348673,1.7458714126638524,1.0023064920000815
77.00056056056056,1.401855931481027,2.087354408313739,0.31088136218176854
77.06451451451451,1.6222036400294413,2.033927784815617,0.7508292202856005
77.12846846846847,1.9546511935167692,2.1536900771306757,0.6908197535855359
77.19242242242242,1.2052830521001185,2.060174606074348,0.9796421111923725
77.25637637637638,1.622949969819727,1.8534812852415528,0.6681551579179569
77.32033033033032,1.516795935004204,1.810252744276252,0.7031230693702267
77.38428428428428,1.309724056272197,1.8710212438481006,0.6877947985890792
77.44823823823823,1.1894745083832738,1.200171746870632,0.6398657188529576
77.51219219219219,1.080683374795857,1.7193081611440724,0.6624720903306198
77.57614614614614,1.9299154789720525,1.8866127800175836,0.6093531519216215
77.6401001001001,1.8109200034433142,1.849444523274915,0.6666037926498091
77.70405405405405,1.8688136944187637,1.8831929392367412,0.5291736805247884
77.76800800800801,1.4287752073069722,1.960152362527487,0.6252486659168378
77.83196196196197,1.6596883614298348,1.658233853603716,1.0257820386448004
77.89591591591591,1.4734393588800698,1.527798480652615,0.219836837978707
77.95986986986986,1.6034153544905492,1.836384488683509,0.8896718799876513
78.02382382382382,1.4452191886044756,1.6500009059320495,0.5666332607942348
78.08777777777777,1.6262101874817145,1.702015652860027,0.507287052077009
78.15173173173173,1.7715013714191603,1.7152384696390939,0.827514143955439
78.21568568568568,1.6314626231728966,2.0415215382422023,0.9235498844741381
78.27963963963964,1.6402122804162407,1.8791580019933578,0.8143718288989288
78.3435935935936,1.7186304615434402,1.7067216987490592,0.9299905124317032
78.40754754754755,1.868399115548299,1.8154929959712842,0.5795598459186705
78.47150150150149,1.759808895876912,1.5981446115867817,0.6328113142771425
78.53545545545545,1.430632505275053,1.7307439865006404,0.829921194705807
78.5994094094094,1.117488803292427,1.6488486268309597,0.8983194578500546
78.66336336336336,1.6721475023743344,1.9381928876169587,0.6995896258112811
78.72731731731731,1.7576905345321148,1.8882723253638467,0.7170228793926198
78.79127127127127,1.5699580489437086,2.3489253830361947,0.7225833409057415
78.85522522522523,1.2343738711869658,2.171918370288641,0.9336017388103328
78.91917917917918,1.6804217176007876,1.574092804252769,0.5567412483213967
78.98313313313314,1.6027200448040726,1.775245481428105,0.7622967451072633
79.04708708708708,1.6695233614382519,1.4772243231868534,0.6928497746898855
79.11104104104103,1.8906338151112734,2.30497040881344,0.6180560886070116
79.17499499499499,1.863937274661386,1.9702268862478283,0.5616004346760385
79.23894894894894,2.0119471591664846,2.373509404770684,0.31955564202968656
79.3029029029029,1.7892601739209177,1.6661399302992679,0.628715974659327
79.36685685685686,1.500494602291092,1.5709705437495924,0.5062437261780676
79.43081081081081,1.603739818013391,1.9266893696135592,0.7903261908435927
79.49476476476477,1.997801575811116,2.107636769619918,0.6652304456884136
79.55871871871872,1.3829532269069589,1.741706206057555,0.6181293037451734
79.62267267267266,1.4401516542461745,1.6088186652227199,0.7514986408832297
79.68662662662662,1.4723281236728851,1.7891606230662027,0.8241092529969635
79.75058058058057,0.9999029164713836,1.5005836355408666,0.9216114997661015
79.81453453453453,1.8515359432841467,2.0046848026682675,0.7558060692359224
79.87848848848849,1.4147118141433113,1.4588354608834901,0.9879221033727856
79.94244244244244,1.2756026407666632,1.8368880016700546,0.35551794113131013
80.0063963963964,1.2986906401944627,2.113675670391626,0.8389467121484222
80.07035035035035,1.142521322315916,1.6653204331014455,0.6646118109936003
80.13430430430431,1.8987332194434308,2.0147736140379844,0.6944861995158472
80.19825825825825,1.2753040671207012,2.13094520809948,0.7940250913350849
80.2622122122122,1.5703557071577618,1.9436375355032984,0.6131236157027509
80.32616616616616,1.3667333994842763,1.677899674281062,0.7943820730344116
80.39012012012012,1.303453316467003,1.4788433872111018,0.5868687043481177
80.45407407407407,1.7375113295699518,1.486244048480466,0.5833059755228932
80.51802802802803,1.7295139144303586,1.8446676729380702,0.5667845442950963
80.58198198198198,1.2626967977468748,1.7672806931003113,0.7612438644831211
80.64593593593594,1.7908247886532176,1.6583145191011197,0.8690988732579301
80.7098898898899,1.3035954000608005,1.94852811228133,0.4902440906391234
80.77384384384384,1.5592538274259289,1.7330949529191462,0.6015290102832244
80.83779779779779,1.6553535084248323,1.8561972933442012,0.635782447722882
80.90175175175175,1.4830548453849237,1.8098880760244598,0.6303515452103152
80.9657057057057,0.9963225066800185,1.8208135054139922,0.4958085310688747
81.02965965965966,1.410298265939181,2.092035249509913,0.906993214288126
81.09361361361361,1.6826722757683203,1.936391367160932,0.7516476768131582
81.15756756756757,1.3842298340309989,1.758391884857524,0.7801369296971185
81.22152152152152,1.4765428989662668,1.561669556979131,0.8753031246226703
81.28547547547548,1.5092677597472217,1.6482576383100322,0.8066410053079425
81.34942942942942,1.4392700565463086,1.5708866529264742,0.7466771353074101
81.41338338338338,1.350198234661626,1.5869483278139267,0.40579644735603065
81.47733733733733,1.8072380287152148,1.4691017223511034,0.5870826858227655
81.54129129129129,1.4600214674506802,1.6464204435455456,0.5596935362685064
81.60524524524524,1.516890312693706,1.7574529595490118,0.6131700530905428
81.6691991991992,1.4049861342671421,1.430009758693549,0.5502580695542408
81.73315315315315,1.3055436314549382,1.418803638417638,0.8171553559149668
81.79710710710711,1.1198694867879695,1.981831039495268,0.7862998682329494
81.86106106106106,1.3173102251244813,1.8962593911041379,0.9103586909915307
81.925015015015,1.1197002938941327,1.9126046502302856,0.7362630706328157
81.98896896896896,1.3547063814791038,1.7661260085715018,0.8236306559920346
82.05292292292292,1.4410761100781984,1.9218065292304192,0.866653844136948
82.11687687687687,1.7834214189953295,1.8402392219147903,0.7012370969676266
82.18083083083083,1.1666951739252758,2.145341673921127,0.6453932891054271
82.24478478478478,1.2751285659140528,1.877411218234279,1.0143319556358787
82.30873873873874,1.5069123247838763,1.7230227949955195,1.0134054747361387
82.3726926926927,1.361962122103748,1.6317382056609826,0.8465235015199555
82.43664664664664,1.6581182916984647,1.5932276837639556,0.7116955919405101
82.50060060060059,1.590521386899597,1.9475134840123824,0.8422596710564672
82.56455455455455,1.8688744973785327,1.8572444758692466,0.8503106425105356
82.6285085085085,1.9568528977485031,1.9580696651764071,0.6055797555288642
82.69246246246246,1.4819695801436168,1.8537573938187286,0.7272424569413305
82.75641641641641,1.7697912359770709,1.9190884673701754,0.7566322096871468
82.82037037037037,1.7698209411807855,1.8337752404418308,1.153987713060122
82.88432432432433,1.2079671365725004,1.7736381362285525,1.1106790497130796
82.94827827827828,1.49583916574663,1.8891994493368531,1.0012357170853758
83.01223223223222,1.9314750046042128,2.180113718542328,0.8231285062572768
83.07618618618618,0.8506870195397964,2.0267046237305726,1.052108185371116
83.14014014014013,1.3606016925780438,1.794716476840709,0.8893110375868962
83.20409409409409,1.3672788610980666,1.7827574846996632,0.648295627793731
83.26804804804804,1.5381735678291582,1.767183990426302,0.6443254747187401
83.332002002002,1.2610823834997409,1.5153592964558291,1.043056643188533
83.39595595595596,1.2830493440236186,2.3141982352895663,0.2230773178817187
83.45990990990991,1.5732742613652588,1.6332791594195495,0.6154962331967567
83.52386386386387,1.2800544420886426,2.177254526675278,0.6495729274097878
83.58781781781781,1.4090789630519003,1.8702342726832188,0.7146991364694142
83.65177177177176,1.6623870863151518,1.8549502165144982,0.5507486703835166
83.71572572572572,2.0000844232234845,1.7255567907736837,0.6372567987300102
83.77967967967967,1.583533654156425,1.9814057668628917,0.6187236003090459
83.84363363363363,1.4844514514530103,1.6259458095664687,0.6823495765448887
83.90758758758759,1.3100340542772781,1.9693175813500787,0.9371503934836577
83.97154154154154,1.9132661544306302,1.4486771400882907,0.9605394608742073
84.0354954954955,1.4374982466945967,1.7384810620513078,0.7422332337256491
84.09944944944945,1.5705826499263669,2.058955093424355,0.6663413234986225
84.1634034034034,1.1490359147370581,1.9650303271638225,0.5749518167399014
84.22735735735735,1.6559416828962918,2.0095140285030535,0.7668207257100339
84.2913113113113,1.9943839793458293,1.8076402251886163,0.5590253994221182
84.35526526526526,1.5155180313506933,1.6573039200842261,0.6240759832788731
84.41921921921922,1.0780290662406355,2.0688635698834936,0.6677535933940446
84.48317317317317,1.5194172439436209,1.9678805188536543,0.9216391543145459
84.54712712712713,1.5995345303378559,2.161621799016538,0.5768219582970965
84.61108108108108,1.080220836554346,2.099970383650244,0.7399173673675792
84.67503503503504,1.9716803203085744,1.7521517678727017,0.8803525123221304
84.73898898898898,1.8473752237627192,1.6275320454670172,0.5473836954515496
84.80294294294293,1.3683482152338313,1.8251962033601228,0.7418118035883066
84.86689689689689,1.5512631709835516,2.1121397384040335,0.5343095637260331
84.93085085085085,1.2748656289288094,2.2141746651147995,0.6624850329299474
84.9948048048048,1.1639057164216937,2.0600576356861824,1.0314816289796973
85.05875875875876,1.0930309636468611,1.7338839227778262,0.7577799100371243
85.12271271271271,1.2028745391186098,1.604085041695898,0.9502211946011174
85.18666666666667,1.419187392290418,2.069615480039107,1.0653331618284732
85.25062062062062,1.4360287432421328,1.8701673221461268,0.6302747402726967
85.31457457457456,1.8943666358085827,1.9487860852812438,0.9259013278351562
85.37852852852852,1.4475123619172319,1.7806774169388764,0.8359125018813436
85.44248248248248,1.4579120116059427,1.5943616971585246,1.045668362470975
85.50643643643643,1.4047485975580984,1.9159909045682486,0.7053953860220823
85.57039039039039,1.0950422549945011,2.0620856909130185,0.7317136534714167
85.63434434434434,1.4211171702246204,1.887783122779272,0.9382304010160954
85.6982982982983,1.482225649981696,1.7776999914474032,0.9374943561645865
85.76225225225225,0.8521382501194561,1.7851669881955865,0.7670152199026639
85.82620620620621,1.137414110801765,1.966152855660362,0.6033883954236625
85.89016016016015,1.7897308597860588,1.5794426204232626,0.6303549109082797
85.9541141141141,1.705674623493725,1.646863236777401,0.7962575514132157
86.01806806806806,1.373248297055818,1.9851483421860845,0.8889555016269394
86.08202202202202,1.5132753786301545,1.9082677823419822,0.675762987413729
86.14597597597597,1.1904863909893049,1.6957001539375116,0.8180119954978837
86.20992992992993,1.4410813434962824,1.9033763164902475,0.6799279950098966
86.27388388388388,1.3795294351175975,2.2920809971937057,0.8095414596948932
86.33783783783784,1.0785765153301479,1.7931868801029471,0.6726710018051826
86.4017917917918,1.4769023876917338,2.022807665417871,0.9058273705183411
86.46574574574574,1.6444788247034916,1.8017478120714947,0.9233258134475495
86.52969969969969,1.0360344317066046,1.7589365149294975,0.8026707943214701
86.59365365365365,1.6769549903394048,1.5329387849465497,0.8896561258024553
86.6576076076076,1.7875924439051656,1.7547521913924173,1.118522530551816
86.72156156156156,1.2964090579021756,1.982237784876917,0.7417840608003353
86.78551551551551,1.1047656579469196,1.455809468892686,0.9060521097608432
86.84946946946947,1.739330558182456,1.6238316676236884,0.834399999094759
86.91342342342342,1.0911168439812973,1.6316402734385307,0.6415201649203672
86.97737737737738,1.0900259432580313,1.5460107549866176,0.7473583619978479
87.04133133133132,1.6890175503126144,1.5944893684688948,0.6238897044025276
87.10528528528528,1.515631917762541,2.1381439510801257,1.3044798226965133
87.16923923923923,1.332415513406418,2.1795873913756227,0.7375130254653309
87.23319319319319,1.3868812693846087,2.005648251080589,0.8863840011230045
87.29714714714714,1.5799833362843034,1.7295276873686116,0.8034490110105124
87.3611011011011,1.220896959626856,1.8846643633015419,1.151074222640167
87.42505505505505,1.6158453420927246,2.1620083136007917,1.0970736188206323
87.48900900900901,1.3658938304996122,1.4077737215113473,0.4536273064014416
87.55296296296297,1.371866445651873,1.8218096581658192,0.7745505351799751
87.6169169169169,1.346506035533235,1.8291904160169024,0.7265533660478647
87.68087087087086,1.237460062537117,1.9396626421519745,0.9701486960906223
87.74482482482482,1.5606480829918628,1.8765020068164606,0.9212281988420007
87.80877877877877,1.0613817502450067,1.6856728301354706,0.7080976664451712
87.87273273273273,1.7245384492942417,2.222398484028135,0.6685629208887175
87.93668668668668,0.7966832536977446,2.1229729789692926,1.0120865500237848
88.00064064064064,1.5525392448495567,1.707660177453963,0.8080967038659221
88.0645945945946,1.5446601924762235,1.5895992278846898,0.9320956788772121
88.12854854854855,1.5230702544194452,2.0550895773992153,0.872261609519877
88.19250250250249,1.5838411379993473,1.8886164778436132,0.7257794086697088
88.25645645645645,1.9639465688755053,1.7872477088219283,0.9328891486110241
88.3204104104104,1.4834985914537229,1.9191359144065163,0.7161033311618589
88.38436436436436,1.7262765472115476,1.5655059279728532,0.8064748109044891
88.44831831831831,1.5508294505093567,1.3856533699187352,0.6753089068974478
88.51227227227227,1.7170662799906389,2.126257957031216,0.9310865047189609
88.57622622622623,1.2814284379175298,2.0522385535491856,1.023701137127754
88.64018018018018,1.5268343002469227,2.114428378503992,0.9151694663091544
88.70413413413414,1.3282266199435662,1.391084724608315,0.7503179756869951
88.76808808808808,1.3744329286861723,1.936027445150214,0.7039300092173645
88.83204204204203,1.477153220581737,1.7729893245466364,1.0596866050359255
88.89599599599599,1.6833549667399257,1.737786483483824,0.6730570817330851
88.95994994994994,1.727823285076806,1.9156183379224356,0.7049207721846283
89.0239039039039,1.3874270885735978,1.8848138523772018,1.1507933264247285
89.08785785785786,1.9564809220226784,1.900594289476308,0.6356895267154663
89.15181181181181,1.6606577027960456,2.263812787072962,0.6815554062219821
89.21576576576577,1.4317530759135586,1.863073865955796,0.8221037937369179
89.27971971971972,1.3244380895221766,2.0334888607925854,0.7262551267942643
89.34367367367366,1.2822768835362544,1.3196111977262803,0.8894352129274447
89.40762762762762,1.7185389306298307,1.8103229906404286,1.060650847552347
89.47158158158157,1.5146703194572801,1.8687691855968573,0.9168648103235607
89.53553553553553,1.2632603209247475,1.5468783025640829,1.4043789814776737
89.59948948948949,1.6876851613054318,2.022442353877416,0.45761365475550675
89.66344344344344,1.144283302088317,1.5386674949465722,0.7370080293431231
89.7273973973974,1.6477310469564972,1.9820244381829877,0.8522685097323064
89.79135135135135,1.5911703299677478,1.6275103542719613,0.8349583408896581
89.85530530530531,1.5826832159004913,2.0401350273163317,0.6264418956960007
89.91925925925925,1.4537369383052114,1.5587943987994424,0.8733947448160101
89.9832132132132,1.1256292961930858,1.9715088789744974,1.1059019423218428
90.04716716716716,1.4962123046492346,1.7442422713035113,0.6970090365981926
90.11112112112112,1.334433490814037,1.6407226858828048,0.6412521125703419
90.17507507507507,1.2022592762052742,1.7326164574779197,0.542060513590052
90.23902902902903,1.3802598670424417,1.7054554509299253,0.9069688829834645
90.30298298298298,1.1729287675498175,1.6727018603850818,1.0260650162724856
90.36693693693694,1.3215735261382857,2.0755112739341737,0.989355335721336
90.4308908908909,1.0399657348912876,1.7507642838474091,1.1745460736266242
90.49484484484483,1.265015328905866,1.938082050276556,0.9069657259539048
90.55879879879879,1.4327302879596266,1.7121175113140206,0.7917775056968552
90.62275275275275,1.3415634126036964,1.7774380471043256,0.9084259254037237
90.6867067067067,1.587363739460431,1.6938816329392885,0.46193217881346443
90.75066066066066,0.9334261366841768,1.7010805594257115,0.8987756946632254
90.81461461461461,1.2089438732393836,2.2451315331315262,0.7621945011643823
90.87856856856857,1.2038316254474153,1.7109211414394068,0.7309091265524367
90.94252252252252,1.480972176247198,1.2626444513756143,1.1481620097373013
91.00647647647648,1.1366209945991037,1.7287710697406682,0.759384255295516
91.07043043043042,1.29073693265804,1.7278098942118105,1.0204859714397119
91.13438438438438,1.241535050467991,2.0101256800388034,0.7808829934098565
91.19833833833833,2.063292442646932,1.5042190130464475,0.7493147387518397
91.26229229229229,1.0472705323856735,1.7768793595133774,0.7937873334822859
91.32624624624624,1.5635625222043483,1.9532136833890792,0.6043011384226278
91.3902002002002,1.1859200431266388,1.9004028145604428,0.8737007468034218
91.45415415415415,1.1014830290202706,1.8789310536676416,0.7226048261814824
91.51810810810811,1.2504382096494788,2.0688641657211075,0.7214573176394159
91.58206206206206,1.5712365317205368,1.7434213624662813,1.0247716388732404
91.646016016016,0.9976515689900785,1.5134524226323895,0.8215839220038659
91.70996996996996,0.8491618461214957,2.115667492283956,0.7489423047383602
91.77392392392392,1.2319999332494898,2.2103254516293465,0.8845581474027039
91.83787787787787,1.8906466140077485,1.6942668968707062,0.7766548633271396
91.90183183183183,1.7348646507277905,1.5426779520370562,0.6571932530102469
91.96578578578578,1.3817834272383975,1.7001410073725958,1.1504575925619998
92.02973973973974,1.374590846663397,1.3172504651557024,0.8584745800640593
92.0936936936937,1.212676884610295,1.5735819103122002,0.7736811046526771
92.15764764764765,1.2645733917262543,2.025883583526689,0.8880500089189889
92.22160160160159,1.4971192147273147,2.0205018502271033,0.7013367131413262
92.28555555555555,1.5400288846222492,2.0717145159566557,0.7669286735012363
92.3495095095095,1.693902317480253,1.7384757679273872,0.857441937710461
92.41346346346346,1.3362726425515108,1.6093784871751369,0.7875316105169392
92.47741741741741,1.6158574566755335,2.116978942368093,0.4975368506731454
92.54137137137137,0.9898011998689208,1.5144305841030814,0.8406829444171825
92.60532532532532,0.5029389471628424,2.1945895520457026,1.0479069487165273
92.66927927927928,1.1093791852956887,2.1009902172182726,0.930991722767821
92.73323323323324,1.2530684548099855,1.315121159718645,0.7155199911485214
92.79718718718718,1.1906865005050398,2.1576450551875075,0.2957018007044666
92.86114114114113,1.1569540027029233,2.0162754350688705,1.0329711302378977
92.92509509509509,1.0386776674565004,1.9663325286781002,0.783107941953391
92.98904904904904,1.2267425706120547,2.312735365454026,0.9265527484993535
93.053003003003,1.4498875207904962,1.7531657675669003,0.9040962473193586
93.11695695695695,1.416182111063519,1.8520414708477122,0.7812896990146745
93.18091091091091,1.1626239649593015,2.291606683163932,1.1874384397400306
93.24486486486487,1.2559938016425782,2.196159322470796,0.7098102113194068
93.30881881881882,1.6212317420955673,1.479085350570183,1.0883897325139311
93.37277277277276,1.3961002118172592,2.0019854110175035,0.9843915797371261
93.43672672672672,2.2568642243460255,1.617801717540206,0.9091254611044078
93.50068068068067,1.3620650892186073,2.32792594476115,1.0428819900948578
93.56463463463463,1.1330916906384219,1.6216305140115992,0.8399519118711928
93.62858858858858,1.690237820700253,1.5847937912622743,0.7760446855413261
93.69254254254254,1.5675671356228007,1.8049501470918152,0.9965908601114363
93.7564964964965,1.4719159798154053,1.9477162385537037,1.1402622678059169
93.82045045045045,1.5220751886852606,1.2705751568417276,1.0625692869029741
93.8844044044044,1.643605677232207,1.7789724350549025,1.0533195065294145
93.94835835835835,1.384249785653184,1.8516871150138074,1.0675643740717011
94.0123123123123,1.3480012074215264,1.5906770708387317,1.0843258399436315
94.07626626626626,1.1683742977476106,1.5037861872543374,0.6269673950589035
94.14022022022021,1.5752405475216837,1.636534189755832,0.8596943180585929
94.20417417417417,1.4246732082502587,1.7661854237784733,0.487366668739217
94.26812812812813,1.4792906837222501,1.5871973463240738,0.8653982294059716
94.33208208208208,1.575305936759999,1.9017534162400083,1.0453725852353555
94.39603603603604,1.8118867398771827,2.149249568220791,0.7143705135778005
94.45998998998999,0.9939761781848535,1.779658230128348,0.9144822623858321
94.52394394394393,1.4857750705149095,1.830816157541062,0.6619631793324569
94.58789789789789,1.0968042784530754,1.9746711698743944,0.8494754520325709
94.65185185185184,1.383317956055371,1.8493981283328023,1.1391309855365692
94.7158058058058,1.4908049548856857,1.989012523973233,0.9341217155781872
94.77975975975976,1.1337902338745336,1.5828333710681095,0.9847395357556947
94.84371371371371,1.5861541334125644,1.8350005853782856,0.7828745146814476
94.90766766766767,1.4064853449271484,1.8249621185389562,0.6987039064032434
94.97162162162162,1.3808415256720776,2.1751873021677914,1.0827082451963834
95.03557557557558,1.291422171951856,1.8152300383866518,0.9328770084745728
95.09952952952952,1.7011975990398855,1.463984806505629,0.9658461708646138
95.16348348348347,1.2409391191873185,2.044739853447066,0.7434776575848402
95.22743743743743,1.47046793585242,1.6738295600252788,0.7409242902843606
95.29139139139139,1.3181769701081907,1.6320678089263143,0.9690633089617074
95.35534534534534,1.0982478224388597,1.8929879908490843,1.1182740603948258
95.4192992992993,1.5007554730711978,1.7495582603341249,1.0370535108923935
95.48325325325325,1.1678334660928793,2.129265084189017,1.1220954746939693
95.54720720720721,1.7606561892125707,1.7091552573466964,0.8502994666947525
95.61116116116116,0.9264040599238129,1.7657606682804108,0.7009619202639679
95.6751151151151,1.6689577224019265,2.1370584637004786,0.8814462231762212
95.73906906906906,1.2103837353048887,2.0300930663022134,1.0875328778432543
95.80302302302302,1.2235321355411015,1.7901821873308346,0.8018831723899764
95.86697697697697,1.4665898893681741,1.8576045012739624,1.158809839915016
95.93093093093093,1.4073861503260732,1.2488680913897716,0.9694330853297927
95.99488488488488,1.4818600444182526,2.3535211166272365,1.104377081490823
96.05883883883884,1.619839428453131,1.8788654345725424,1.2702915628887708
96.1227927927928,0.8564106546239426,1.665143408303692,0.7490295334894043
96.18674674674675,1.3251714894085853,2.0580403759308723,1.1995036501902656
96.25070070070069,1.215232955389027,1.7436927097942567,1.1135700295534354
96.31465465465465,1.7089931889498582,1.67225969308736,0.7529924185073593
96.3786086086086,0.7169519811239744,1.556542957461856,1.0581259584150893
96.44256256256256,1.0608811249316532,1.825461505914568,0.9048229703336992
96.50651651651651,1.7169728533251853,2.0067474581698654,1.0808622328435527
96.57047047047047,1.8008952193042982,1.7669100055404425,1.0890394943709636
96.63442442442442,1.4903106487174291,2.391922232179378,1.1334447585167675
96.69837837837838,1.5088411893605627,1.7372561614194952,0.9770139186365518
96.76233233233233,1.3884605411412534,1.9307357327077639,0.9733185232161216
96.82628628628628,1.0460752908694144,1.7271184529785342,0.6920556615004989
96.89024024024023,1.1311022484980917,1.7025374133569582,0.9755799692317683
96.95419419419419,1.2846535480566468,1.7254493536533113,1.3491455087201154
97.01814814814814,0.6423237322602333,1.5182638155124775,0.4461417322128031
97.0821021021021,1.4548685201843075,2.160794453673927,0.8021012380828215
97.14605605605605,1.2949962684009337,1.4591852400817307,0.8975807753602382
97.21001001001001,1.6198790997482742,1.8176580616618507,0.778649883385139
97.27396396396396,1.3252741142789064,2.2804887229261057,0.9506511992776803
97.33791791791792,1.3348632537534457,1.4884341672571362,0.940441631598066
97.40187187187186,1.3829066427843955,2.097391560154537,0.8400676046061883
97.46582582582582,0.7798933548959943,2.221618254951882,0.8790615449682315
97.52977977977977,1.2750959854257795,1.6688163422523146,0.5205366086550107
97.59373373373373,1.0362127556553056,1.9020844031713002,1.082327120897442
97.65768768768768,1.9374652145247115,1.96847117160305,1.0314804168912257
97.72164164164164,1.5885312994642866,1.7436426792100956,0.971845651306809
97.7855955955956,1.3145492294442631,2.1009548858298124,1.0292207525837074
97.84954954954955,1.4747844465557978,1.7459122416214226,1.028197782413735
97.9135035035035,1.764363164559543,2.109843316918602,1.2052607714023416
97.97745745745745,0.9708463499182389,1.8335409329001173,0.9181232552188141
98.0414114114114,1.1422322763176012,1.9821278710360626,0.8651671801544408
98.10536536536536,1.2737580626883809,1.8527084659303046,1.0911045448707022
98.16931931931931,1.6826642033870396,1.9810549637769301,0.6934268549152067
98.23327327327327,1.1889357004860934,2.0073193648083714,1.2868445520606606
98.29722722722722,1.382507280691004,2.0192847568338634,1.1710842680117166
98.36118118118118,1.1200270930054712,2.0082992491165332,0.8687803348377621
98.42513513513514,1.634201651127444,1.5729763978181965,0.9827299188721984
98.48908908908909,1.6170603976988465,1.7792515149231558,1.0060899531414593
98.55304304304303,1.2495510539882584,2.0622651415601085,1.3199417320009488
98.61699699699699,1.785118405328639,1.841454960928102,1.0748687111525748
98.68095095095094,1.118488013001083,1.4069507676533317,0.765032513624873
98.7449049049049,0.9224487470599418,1.6835437176959003,0.873843387421527
98.80885885885886,1.0212253124556239,1.7028660501105701,0.6714974471282207
98.87281281281281,1.0675767670524383,1.9510140356004342,1.1115696178209191
98.93676676676677,1.158484335445111,2.5031859104827157,1.1507202796709095
99.00072072072072,1.6366166763146521,1.8153506874302907,0.8500401962337093
99.06467467467468,1.3946733935674962,2.172907088765796,0.9657740408913241
99.12862862862862,1.5645206028519967,1.7451073698886495,1.0911019416306735
99.19258258258257,1.1847027130408254,1.9874136111158867,1.0078518647649148
99.25653653653653,1.4643239875770846,1.5550395192308288,1.0358827180361163
99.32049049049049,1.6610932407454455,1.947890638781114,0.9055760981379437
99.38444444444444,1.1161956883146735,2.049978549673298,0.9504669509654113
99.4483983983984,1.520451380947839,2.35834250958471,0.7892832596088948
99.51235235235235,0.7206644029218777,1.7894793274489285,1.0147247089968112
99.57630630630631,1.8897640248409937,2.095529258469825,0.9920227604348866
99.64026026026026,1.3314892489336025,2.2679970822930815,0.9381849747574309
99.7042142142142,1.564888111132683,1.8301107974992736,0.9103618030065375
99.76816816816816,1.3214075586954255,1.7332722094602477,1.3513651093558747
99.83212212212212,1.2719669043805057,1.8265535083457018,0.9263072452391848
99.89607607607607,1.871398136869372,1.876303819769363,0.9139730391059917
99.96003003003003,1.3995745286493237,1.8807730820809485,1.1082159977406336
100.02398398398398,1.3500788025388837,1.7036760517004161,0.854425424840857
100.08793793793794,1.3128375967873946,2.0732853698569254,1.0537397517176608
100.15189189189189,1.4396908662504848,2.048122772152037,1.0326703053410158
100.21584584584585,1.393843207480645,1.5571978419942205,0.9099614010509132
100.27979979979979,1.1864261464350578,1.8673185328035689,0.92262545093183
100.34375375375375,2.0276901916634626,1.8686713751525394,1.331764685673018
100.4077077077077,1.3952538993671275,2.371410873162694,1.4156796333618091
100.47166166166166,1.5229490987088297,1.1611864654264124,1.153442311969291
100.53561561561561,1.6584866212261962,1.9958548825446718,1.005078302266905
100.59956956956957,1.1285482598211352,1.8474535981002904,0.7470606177184322
100.66352352352352,1.4936327502576192,1.837870188237134,1.0636042617332722
100.72747747747748,1.4858332126499396,1.976195248802738,0.8187993976628605
100.79143143143143,1.4438693462339336,2.004273473770286,0.6872660804987536
100.85538538538538,1.427361697207484,1.9914342059994345,0.9941707362987607
100.91933933933933,2.04804307969958,2.1008611551473124,0.7612197968428768
100.98329329329329,1.3184041596919027,1.7773067852007791,0.6600004606388999
101.04724724724724,1.9643655745176782,1.9918546599677664,1.016701014537856
101.1112012012012,1.9555368784372846,1.6481997203163505,1.0412512626393509
101.17515515515515,1.1412512838136892,2.138989384032937,1.190994659009552
101.23910910910911,1.941897411109736,1.9778230066712295,0.6182647975685657
101.30306306306306,1.3783907692936306,1.9512282927962272,0.879141359693833
101.36701701701702,1.660498137200179,1.9227065299813912,0.754268770839032
101.43097097097096,1.294847773388401,1.582849776187799,0.7918943248200631
101.49492492492492,1.5027847387316922,2.056868800253379,1.1416098274817683
101.55887887887887,1.5082061249254815,1.8724797461899452,1.4489618661829562
101.62283283283283,1.1052842351539744,1.8674654829840212,1.119526761683686
101.68678678678678,1.5525788450418991,2.0029325191575924,1.1977839328249045
101.75074074074074,1.7240277258301187,2.066769343882142,1.150184956662371
101.8146946946947,1.2697085989626877,1.8544128218019187,1.3114287354873506
101.87864864864865,1.4873768196780728,1.9908748822360547,1.1115820116980997
101.9426026026026,1.4224600229642879,1.8017043979917335,1.0746130556958389
102.00655655655655,0.9082878333667056,1.5204339285493704,0.9396734638618677
102.0705105105105,1.6712598524452371,1.9466678177329175,0.9665070965180688
102.13446446446446,1.3286369549537556,1.7319901350713465,1.1063536253475805
102.19841841841841,1.5728220198456677,2.1211160295764953,0.9559657212445185
102.26237237237237,1.0432842562456996,1.6858117339358933,1.0963621066073932
102.32632632632632,1.3934482150559129,1.6408677481631022,0.7187676907498088
102.39028028028028,1.4323564221269878,1.6480089969968956,1.1467224973318855
102.45423423423424,1.0788974974146064,1.836834059926857,0.9336423002430506
102.51818818818819,1.5158376523055963,1.9812294988829076,0.941091407685388
102.58214214214213,1.4080302457418585,1.4895543567664324,1.0629074848738116
102.64609609609609,1.3931036687131855,1.7932599368571314,0.9870214768014013
102.71005005005004,1.151648256041848,2.132271455129218,0.9637723751247387
102.774004004004,1.5282976670531772,1.6108403147758454,1.1817544082782163
102.83795795795795,1.770868144190149,1.8282917239277443,0.8177000285613988
102.90191191191191,1.393259874183337,1.5513199916399834,1.1255424797675575
102.96586586586587,1.4170380528190551,2.1897436097795913,0.7109246058756186
103.02981981981982,1.3242428448100394,1.324383606457327,1.0403266506897408
103.09377377377378,1.3166410376035091,1.6902357807383308,0.9297991129062323
103.15772772772772,1.1603818107345623,1.9036191387879027,1.0316273945458596
103.22168168168167,1.6082869416062628,1.7547372026962662,1.1274273097683327
103.28563563563563,2.0126127013885853,1.8685420922397233,0.7986943672041893
103.34958958958958,1.6609849516094408,1.7515806820798987,0.7388440411760947
103.41354354354354,1.553565769924158,1.6516051738852864,0.9936460126560622
103.4774974974975,1.2124262778794463,1.4472540831373393,0.9886806294390696
103.54145145145145,1.6535400329475254,1.56785364882564,0.6785209737022186
103.6054054054054,1.371418008924897,2.1503709023184983,1.0039429668954793
103.66935935935936,1.7081846401106384,1.7210034812999333,0.9506325194475409
103.7333133133133,1.4685387587049705,2.197744231844236,1.2299799105456022
103.79726726726726,1.4727187257000813,1.899106438004084,1.215539988777844
103.86122122122121,1.3674935544383118,1.5807265579681309,1.152937508632157
103.92517517517517,1.4930739305434009,1.800588966783501,0.816619570273234
103.98912912912913,1.2452667203014234,2.0200272918158992,1.1614488024309155
104.05308308308308,1.324839486203686,2.1620338693139534,0.9164777462506735
104.11703703703704,1.2014786680281873,1.903174404686225,0.8544247864324308
104.18099099099099,1.3865241618792075,1.9044069877621954,1.0441139593548616
104.24494494494495,1.2668903250669499,1.9166492465831717,1.0503866665058312
104.30889889889889,1.02432538139007,1.732607131052883,0.841867744110463
104.37285285285284,1.3072005340673967,2.366936736326545,1.0669733301215876
104.4368068068068,1.7960233255926188,1.5334352303725731,1.2093044411627618
104.50076076076076,1.4068266954726654,2.071269380335128,1.2449117557322524
104.56471471471471,1.3352160670527886,1.9246257574208938,1.0138184580953817
104.62866866866867,1.1613239831185997,1.9077589726575046,0.8183514669079968
104.69262262262262,1.290792908170466,2.214413784136627,0.9853332174658919
104.75657657657658,1.2629248938878188,2.176936909536471,0.964615772830952
104.82053053053053,1.672007877428175,1.9469522500065632,1.0747700964098907
104.88448448448447,1.2188227172983928,2.2066784885687087,0.7449079994829195
104.94843843843843,1.2697120354830695,1.9941841603883523,1.0072088660657903
105.01239239239239,1.758222292845384,1.8035830495629344,1.020556790010334
105.07634634634634,1.7494805065310532,1.6109596511880016,0.883250126266479
105.1403003003003,1.4031447455717052,2.3421909357551494,0.9429604631455054
105.20425425425425,1.2530724057163116,2.0319091658850685,1.2049411222583708
105.26820820820821,1.7325028792602915,2.056321005011169,1.136521575494464
105.33216216216216,1.4424161049771111,2.204124457722801,0.9140215400667866
105.39611611611612,0.9515229923200694,1.98392385621305,1.1379380102952321
105.46007007007006,1.3042647856186111,1.6697119208552667,1.1057703565143808
105.52402402402402,1.5500287814452762,1.8220431161605135,0.9140786711917673
105.58797797797797,1.5428532527066123,1.7415292126728346,0.9667333778330798
105.65193193193193,1.31135653487097,2.0161667184353016,1.1065330420684427
105.71588588588588,1.0948434941542737,2.037868991083266,1.05916143917311
105.77983983983984,1.1494651042584438,2.154810665395524,0.9776499549305723
105.8437937937938,1.7697968952516532,2.089445091724063,0.7148787268663179
105.90774774774775,1.3113522269372204,1.9654523319651103,0.9641838816239117
105.9717017017017,0.9773944035993195,2.0958176316791572,1.175693125883432
106.03565565565565,1.2989854128696114,1.890810539904223,1.0255142440860965
106.0996096096096,1.8694111210963613,2.0045280905739484,0.9598540965103896
106.16356356356356,1.1695049068576893,1.8917514417884589,0.7638530933887872
106.22751751751751,1.68930931486384,1.9255526026770946,1.2518836354960292
106.29147147147147,1.522996138681799,1.8459253987795428,1.196556673702801
106.35542542542542,1.534208733660007,1.4810589727546768,1.220771146682084
106.41937937937938,1.214897958927939,2.3098176748730923,1.1117761380600146
106.48333333333333,1.608966612090784,1.928602246776697,1.0050369469803104
106.54728728728729,1.1692699690128316,1.9689405877623851,1.232428104178066
106.61124124124123,1.4593234167894416,2.131402602192358,1.0306694691196443
106.67519519519519,1.527370768610052,2.310118009973788,0.9296243955583533
106.73914914914914,1.517812816662912,1.966727604503087,0.803450028837965
106.8031031031031,1.445127149976943,2.011801338019944,0.8622748704048453
106.86705705705705,1.7206803474611587,1.959445572740118,1.0916280467774235
106.93101101101101,1.7448826776898296,1.9605367104487283,1.0867876528093363
106.99496496496496,1.0087725758942716,1.804495866723896,0.8356355156304602
107.05891891891892,1.4263494225691302,1.9563195602120311,1.119644507281754
107.12287287287288,1.5452246368017926,1.7056760589645739,0.7819274366854112
107.18682682682682,1.6779095331161353,1.7760897221400995,1.1169975995619827
107.25078078078077,1.5987522110273755,1.7434419449356784,1.0374408183317547
107.31473473473473,1.4603463924863498,1.5582793160579642,0.7487618132222982
107.37868868868868,1.4634051034665077,1.7495744212102506,1.1841974193911917
107.44264264264264,1.3300921213407386,1.9152867051679388,1.0571301335028174
107.5065965965966,1.3447443806091997,1.665862587739332,1.2698668607106574
107.57055055055055,1.7212982830746928,1.7516877549755987,1.1893148936601183
107.6345045045045,1.486251866600665,2.08132767621105,1.0541243046416782
107.69845845845846,1.5141319911439157,2.095879513873915,0.6489150071294981
107.7624124124124,1.203806939893357,2.1226463513968437,1.1998597780489655
107.82636636636636,1.585071024063886,1.999263045438719,1.2840191560871133
107.89032032032031,1.7511988951168385,1.9168913315445344,1.058105009741431
107.95427427427427,2.051395125656404,1.915844092657106,0.6503917350538144
108.01822822822822,1.7811115702459182,1.9595244306151365,1.336909488030062
108.08218218218218,1.7954725491813996,1.9199369979613121,0.9272156613872572
108.14613613613614,1.8660514992244135,2.3544622752579882,1.0884292827928963
108.21009009009009,1.2715844379232588,2.022298477830284,1.2188619885453165
108.27404404404405,1.2519324321087542,2.0904122752591547,1.35537782962585
108.33799799799799,1.8565431850568623,2.217340348770107,0.9672776804506746
108.40195195195194,1.651234086967135,2.0494756179117477,0.6263511812503721
108.4659059059059,1.5820733150233115,1.7827733402404666,1.0295162908856252
108.52985985985985,1.6595820282949254,1.5330751146746904,0.990736000323464
108.59381381381381,1.463694687541106,2.045066222945131,1.1925460803482357
108.65776776776777,1.6891855863808884,1.9039220198407556,1.0964479118826953
108.72172172172172,1.5642368749661115,1.8725620346677903,0.9719989068279432
108.78567567567568,1.4434017566944906,2.063142982363592,1.2151871128040022
108.84962962962963,1.3793504422973006,1.97527286650309,1.060028259476068
108.91358358358357,1.6865766076036584,1.7282261962723604,0.7325797879105226
108.97753753753753,1.3342173428861532,1.8638450543927592,1.137236729664864
109.04149149149148,1.5905822602953636,2.1697015568864253,1.5192159846661768
109.10544544544544,1.5849417699310695,2.1690688152323814,0.7371500781949588
109.1693993993994,1.8261745452863365,2.308313268883155,1.0288667861161267
109.23335335335335,1.515627105624658,2.5597060770421587,1.1415703239048274
109.2973073073073,1.6569439405941788,1.945739565490146,1.4503781430485092
109.36126126126126,1.628310875448778,2.1860587610530158,1.1283368396344298
109.42521521521522,1.5466097844070352,1.5626209657145973,0.9519249166224512
109.48916916916916,1.5101711789060785,1.9223415416897083,0.785745539286298
109.55312312312311,1.2879126759022206,2.3212162017577147,0.9194095062613148
109.61707707707707,1.2891369828474464,1.888511386007114,1.1021037496612711
109.68103103103103,1.0810183063839096,1.7300494927630252,0.789071077371776
109.74498498498498,1.5801583982981326,1.8712075307509075,1.0577202726140214
109.80893893893894,1.7343087645880306,1.9973381030147712,1.3413947791755907
109.87289289289289,1.4478375268802728,2.368650265231688,1.3376231614040048
109.93684684684685,1.385794132839064,1.832022073127364,0.9608613570496689
110.0008008008008,1.2936963834361965,1.7141963173704475,1.2197897743495134
110.06475475475474,1.3503621618570292,1.9154542440077407,1.3102473695828971
110.1287087087087,1.683188389637732,2.1577893792162213,1.1158802413022195
110.19266266266266,1.4788464840506916,2.1110703426619395,0.8654664592727644
110.25661661661661,1.3462588920563006,1.9107456318184803,1.2621665176305263
110.32057057057057,1.0866664565104749,1.9845647836236997,1.0826101676172093
110.38452452452452,1.6050578551943298,2.2227390963962663,1.132024561269557
110.44847847847848,1.366781881963775,1.8465487228106274,1.1087004007078374
110.51243243243243,1.3624929686974872,1.7868059099282565,1.1172840678380085
110.57638638638639,1.6487798632894857,2.11906282251318,1.1484843439819807
110.64034034034033,1.8447675536312784,1.930385234260563,1.2248864653929479
110.70429429429429,1.852761824056657,1.9280665241615826,0.9794160074659782
110.76824824824824,1.5598438792988136,1.6591937569123179,1.336887897259928
110.8322022022022,1.6633403660249395,1.9704274932530992,1.2810089791250134
110.89615615615615,1.3208893675136566,1.5229500919317958,1.2739050292083571
110.96011011011011,1.6507820774523925,2.1728155925126837,0.8375959307557774
111.02406406406406,1.034946965339231,1.670412215796832,1.2975464869094526
111.08801801801802,0.8442369990546442,1.8785442534055217,1.2559269435538407
111.15197197197197,1.4130571081152454,1.8676204747289344,1.281768235227653
111.21592592592592,1.9179214655194163,1.7625503481778786,1.3107339008630252
111.27987987987987,1.7755582129415572,2.2995447224055705,1.3017740335353967
111.34383383383383,1.203243871430443,2.166461686092148,0.7353865458541128
111.40778778778778,1.2123071926028932,1.9988680143551938,1.2192990426919676
111.47174174174174,1.5241383877326848,1.8468042188840947,1.2081933718249063
111.5356956956957,1.778998727042731,1.7244388473440684,1.210251017331633
111.59964964964965,1.5599762241013395,1.8939512014641169,1.4522759121266213
111.6636036036036,1.8321220125176771,2.394496658126252,0.9926236545881079
111.72755755755756,0.8878964426692139,1.830828516667387,1.251103277925544
111.7915115115115,1.3270293309591543,2.0285457669765785,1.0811332294242972
111.85546546546546,1.5561631874289537,2.210818106089889,0.8565792481155681
111.91941941941941,1.6923916172350266,1.9462567783846003,1.0652217941145399
111.98337337337337,1.6016870117272524,2.072051491909105,0.9579701476755331
112.04732732732732,1.753090918994754,1.8967241162193857,1.0885441300979544
112.11128128128128,1.6253938700750694,2.262022377028133,0.7998497846795849
112.17523523523523,1.7456223494834329,2.2465260979115693,1.046329464282288
112.23918918918919,1.9178803500936663,2.27708232985917,0.904677262760383
112.30314314314315,1.826151033889609,1.933059565442045,1.3365777185200283
112.36709709709709,1.179278331591432,2.08441804333254,0.9562555288348095
112.43105105105104,1.326192984985976,2.077780242116982,1.2345978883200859
112.495005005005,1.7090556156494978,2.2391657272954113,1.1538894038662542
112.55895895895895,1.866001414759697,1.882894776555952,1.182800335070557
112.62291291291291,1.522825442919461,1.8548220413890204,1.4130096475087426
112.68686686686686,1.5218940606079827,2.107441396898015,1.0070001716307015
112.75082082082082,1.637549426707329,1.853753174849272,1.0693128763344535
112.81477477477478,1.7769124457445147,2.17164058079735,1.2070743213104067
112.87872872872873,1.6997784074862554,2.1677073219946053,1.112073274849213
112.94268268268267,1.5194158351475409,2.2183945259626388,0.9894607962516218
113.00663663663663,1.5229168744914556,1.9125608368884648,0.9926047528382483
113.07059059059058,1.5801276132885145,2.1269916442999226,1.1565181614467186
113.13454454454454,1.4880809510528417,2.145640167420232,1.2354541481229553
113.1984984984985,1.6093159079486312,1.8227603560825718,1.165949897675177
113.26245245245245,1.6031583688228297,2.238847396248586,1.0642223885299056
113.3264064064064,1.9318870288747267,1.720804815938208,1.0691968149912137
113.39036036036036,1.6594237261398854,2.0155828531637874,1.5253243417117686
113.45431431431432,1.4691759855816093,1.7836331409836157,0.9579972544463723
113.51826826826826,1.6528256693580288,1.751368890434824,0.9374192294476001
113.58222222222221,1.7681219562294799,1.993976906580841,0.8735944244023102
113.64617617617617,1.2958311971532694,1.8545386560777657,0.9644053791481582
113.71013013013012,1.0104057524741776,2.172745184015254,0.9878478906065463
113.77408408408408,1.3509120083452981,2.105262086932849,1.1503771165457644
113.83803803803804,1.943097423935211,1.8341099274728796,1.008938473514496
113.90199199199199,1.8541259799212744,1.4822745525083194,1.0689531801742524
113.96594594594595,1.5861512272755287,1.6732323410032457,1.2595261292778497
114.0298998998999,1.6647957905312372,2.205088579967124,1.0864424831741528
114.09385385385384,1.7635794761324466,2.0726372305727985,1.2018468552030903
114.1578078078078,0.8699721453979271,2.267236113345899,1.013007669833172
114.22176176176175,1.9592044954837848,2.269811938436142,1.3878972284622166
114.28571571571571,1.4111663840647062,2.221817443261009,1.1152314236049192
114.34966966966967,1.5722956659416532,1.985843636482283,1.0852836795961767
114.41362362362362,1.1920700556415396,1.9191435102054553,1.0572665177329996
114.47757757757758,1.8699241927686998,1.8765592859857345,1.136521613443444
114.54153153153153,1.5403892660931655,2.330303478081868,0.8889432782370214
114.60548548548547,1.6812458435868654,2.038813732479006,1.2370226735045944
114.66943943943943,1.8111247797548455,1.9777696811572028,1.1284389999198956
114.73339339339338,1.9187753797918283,2.305027962683625,0.8536719325345887
114.79734734734734,1.6129643917040026,2.0502375713683936,1.0825491142593293
114.8613013013013,2.015692788558291,1.7080513492185,1.2915964889824685
114.92525525525525,1.1453143208168848,2.3251494855611403,1.0833903481076206
114.9892092092092,1.497272475279722,1.876016834149376,1.1831484095262332
115.05316316316316,1.2300420419464948,2.038505882396878,1.3411956400170926
115.11711711711712,1.3908730567783436,1.8669125842791947,1.1310566851808797
115.18107107107106,1.7819574119500292,2.16018257020727,1.1012927428166692
115.24502502502501,1.195070448172118,2.01193388990702,1.0891808700582881
115.30897897897897,1.1971883938772145,2.347572158375952,0.8836706098613915
115.37293293293293,1.508156595940383,2.342954926753071,0.9914871725575854
115.43688688688688,1.4813209934774598,2.406893275472639,1.098838300224987
115.50084084084084,1.8184820156210089,2.357157820710038,0.9912767154158223
115.56479479479479,1.9233313603967788,2.27000735233152,0.6664122700844148
115.62874874874875,1.3651541837387586,2.185970572864003,1.0028103150756214
115.6927027027027,1.7454220038634558,2.383904017789745,1.176190352693692
115.75665665665665,1.4697861190612465,2.084990980853179,1.0978174754449037
115.8206106106106,1.5403559380629426,1.998018664576416,0.9896130500564497
115.88456456456456,1.5876960276249,2.4757604420893924,0.9323296650862508
115.94851851851851,1.8220385989295311,2.451348942997263,0.9054807924955444
116.01247247247247,1.751359763119931,1.821673891826353,1.3317905685239275
116.07642642642642,1.4819240199983639,2.093819807609974,0.8533891611896527
116.14038038038038,1.5521404546911461,2.2697277597919627,1.3207548391340624
116.20433433433433,1.692253837038524,2.04607946595266,0.9657682511035492
116.26828828828829,1.1444455595691658,2.046188922556442,1.1292774435987987
116.33224224224223,1.5318451891450757,2.0620114425675853,0.7144833514730106
116.39619619619619,1.651030526477898,1.9042099848118743,1.5856358235221975
116.46015015015014,1.7206393905606205,2.04166543934461,1.2372738300762907
116.5241041041041,1.695344462064206,2.038609707637165,1.234246188414794
116.58805805805805,1.7595056873979782,2.455419396514066,1.1560269504950622
116.65201201201201,1.1405384977922863,2.096070728119212,1.0057918059959547
116.71596596596596,1.40862355015317,2.5135552577649127,1.2394600655637913
116.77991991991992,2.30039999971741,2.229941155412742,1.0192117057955612
116.84387387387387,1.6885235059861583,1.855760507433551,0.6640388075624191
116.90782782782782,1.3497804990060696,1.6458190355139173,0.9292996509561104
116.97178178178177,2.0424155246696447,2.600575128448507,1.2266625781800546
117.03573573573573,1.4185934366126856,1.8474925551641859,0.957383198100176
117.09968968968968,1.7742708085286627,1.8611090812679707,1.1816001359370176
117.16364364364364,1.570144921792501,2.3263709309604743,1.1401361707299755
117.2275975975976,1.4486298697269087,2.1256565810178074,1.1398191326138984
117.29155155155155,1.3027749064609635,1.703722277882366,1.2138073791763928
117.3555055055055,1.5677399665420042,1.5067299616981258,1.12528244000479
117.41945945945946,1.5582092986364948,1.9331177492613774,1.1964928423880072
117.4834134134134,1.5035265383383873,2.325656279990417,1.2037277950290235
117.54736736736736,1.293583719188316,2.0345614603853193,1.0704197613034798
117.61132132132131,1.4388399954568714,2.1236889319273997,1.0228708606333892
117.67527527527527,2.0102545531793354,1.9921456787469378,1.3056994700198845
117.73922922922922,1.6614369239690192,2.6379547282243356,1.0218703075903361
117.80318318318318,1.713464935046025,2.1525989651324013,0.8772622020407717
117.86713713713714,1.24224772420671,2.421192424841296,1.4326895474062349
117.93109109109109,2.118369874587369,1.7455006942882594,1.0072772992621375
117.99504504504505,1.7430374613168644,1.8424292021397524,0.9700014067859855
118.05899899899899,1.6830702743972465,2.034795851894019,1.1629604181249438
118.12295295295294,1.8012174574505544,2.1721599191530694,1.2084376391713512
118.1869069069069,1.6840096048464135,2.5248649826264815,0.9620237825082436
118.25086086086085,1.5721511372523462,2.4189151549845938,1.1912059201890925
118.31481481481481,1.3263387137789167,2.1408043974973823,1.2092126742320917
118.37876876876877,1.50157655306491,2.759868353551223,0.8586686421662633
118.44272272272272,1.371385716921817,1.8980043769623618,1.2316361388499815
118.50667667667668,1.9835418422564972,2.2091819240988135,0.8740507524576803
118.57063063063063,1.5039804725704102,2.190806537244433,1.385996054606164
118.63458458458457,1.3104407638051918,2.0576365178851153,0.8986541711939315
118.69853853853853,1.8228271754652432,2.059247316996256,1.2001605852104695
118.76249249249248,1.8700300313229732,1.886084540324825,1.0844521140081391
118.82644644644644,1.6790081469248042,1.9970927561606497,1.3986587855737171
118.8904004004004,1.6080058169783653,2.30178363520414,1.200629278187465
118.95435435435435,1.7223706259976195,2.321901075456077,1.3122177026124924
119.0183083083083,1.5944766433830448,1.7522343478477111,1.130995591358269
119.08226226226226,1.7426139772787455,1.9997489839441085,1.1138992574124502
119.14621621621622,1.2475727790734328,1.8975720550954078,1.2367170104266205
119.21017017017016,1.734205111908021,1.5948070100666472,1.0767822713646462
119.27412412412411,1.5815546829412834,1.8417874390701772,1.0837658763390758
119.33807807807807,1.5679690305920237,2.0428006613298515,1.1682495218054154
119.40203203203203,1.5475547830522196,2.3154841496573737,1.0772335422544312
119.46598598598598,1.4821303108605597,2.216814320905325,0.9745953685637792
119.52993993993994,1.5151284353383139,2.3580726641771856,0.8632252186999128
119.59389389389389,1.137187472607173,2.32879433912505,1.3033630958266538
119.65784784784785,1.9640639193111644,2.2678924630029735,1.1539542714272202
119.7218018018018,1.8589959312674527,1.884783574439661,1.2360756843435197
119.78575575575574,2.0477294390140415,2.0097175297187975,1.1523367709706531
119.8497097097097,1.4481864796956407,2.041993376495075,1.2939045352161156
119.91366366366366,0.9967199417556789,2.3562360033578478,1.201395913325944
119.97761761761761,1.7496149277709976,1.9733453319777352,0.9953537168495401
120.04157157157157,1.5460319614488125,1.7582916705134202,1.142963630904947
120.10552552552552,1.936991058687048,2.0627367411450743,1.2770620553698084
120.16947947947948,2.1230599355144206,1.8908414176769648,0.9552838640305047
120.23343343343343,1.9137552482265574,2.102057293658219,1.2044186257174134
120.29738738738739,1.5902126418292553,1.798932633423594,1.3481633359013339
120.36134134134133,1.6553828469830205,2.517219351581099,1.3388267120025241
120.42529529529529,1.6308244457421135,2.214799597008861,1.2732739896577614
120.48924924924924,1.6964438049047756,1.9779878127380106,1.4272159861794511
120.5532032032032,1.4554473314687708,2.4801932205498662,1.1533093113640944
120.61715715715715,1.1077284856252099,2.1347427822893152,1.0641556386117763
120.68111111111111,1.4594088134802858,1.8125836564403035,1.3385061736056567
120.74506506506506,1.5598022061027865,2.0699098262550635,1.0923124320134034
120.80901901901902,1.5973475751821467,2.0653792247090377,1.220463556086059
120.87297297297297,1.6261054934199897,1.8976044032941142,0.9521570859330636
120.93692692692692,1.4559804524510014,2.34061346180471,1.127540019894275
121.00088088088087,1.3068294337073512,2.179172084178526,1.0451502506159538
121.06483483483483,1.6378224822754277,2.1364747494253753,1.1797200615430592
121.12878878878878,1.6068355641913439,2.175983718441407,1.3504819077438632
121.19274274274274,1.9371553572004157,2.336519964756652,0.7170283226782764
121.2566966966967,1.6623313558229178,2.1423220549556996,1.1368838327112092
121.32065065065065,2.106227795824938,2.2215309577804616,1.25750904653036
121.3846046046046,2.02217081498276,1.9381899292928486,0.7888219070073905
121.44855855855856,1.4818939928246504,2.176326818249487,1.1367584024402593
121.5125125125125,1.7336553240670545,2.031922911692455,1.3084619696291042
121.57646646646646,2.259237970903781,2.2360942400313664,0.9407553751471236
121.64042042042041,1.5728223862161423,2.13368918982965,0.9742188400817833
121.70437437437437,1.7850952681251548,2.333937983486408,1.1515224696134785
121.76832832832832,2.2986742036622063,2.441660271225197,0.8680461377284187
121.83228228228228,1.745850439711065,1.8258400696855657,0.948824974888766
121.89623623623623,1.9428957927096353,1.9882731783794687,1.0519929402997823
121.96019019019019,1.8536597593239308,2.161501903555791,1.5325853982160813
122.02414414414415,2.525312138662424,1.9621676550330756,0.982326034950187
122.08809809809809,1.6928127779654114,1.8755638923972113,1.1972949573266065
122.15205205205204,1.94227452903207,2.0906552800283675,1.2305129611576875
122.216006006006,1.5062741315754185,1.8348768638606638,1.0857912103337541
122.27995995995995,2.0607495926791346,2.3588180644404813,1.2573769731374151
122.34391391391391,1.5372617855036548,2.0221726814343013,1.6094068425777017
122.40786786786786,1.6945292267342167,2.1112165056499164,1.3258309703868034
122.47182182182182,1.7961420839004405,2.0339266799336544,1.0281221698863807
122.53577577577578,1.4095423071024071,2.206787293000693,0.9462503272761572
122.59972972972973,1.8718976699302226,2.117751511823463,0.9610842238084656
122.66368368368367,2.0001797347643784,1.9038838590801543,1.1724351852341568
122.72763763763763,1.436906727990552,2.0441159613362623,1.0613720024354374
122.79159159159158,1.602830756867477,2.530934179012291,1.0797475544353599
122.85554554554554,1.8062229103625569,1.9165829540233545,1.302103162722012
122.9194994994995,1.527478158037805,2.0793250678706485,1.2045707990202772
122.98345345345345,1.9223281145543607,2.0989845759096775,0.8783855461707539
123.0474074074074,1.4723348461674175,2.0117438807547154,0.9287329583437639
123.11136136136136,1.9635057461106216,2.1223890504457628,1.2848103762103558
123.17531531531532,1.7372346027282863,2.2354181693116546,1.1415227443566842
123.23926926926926,1.9325868673029896,2.314135580593349,1.0889400146501436
123.30322322322321,1.7860425762233068,2.2735370679279967,1.0263193646717639
123.36717717717717,1.7043939741232232,2.171624864940833,1.3724005979469562
123.43113113113112,1.1154711803498047,2.264037098937391,1.151521162443455
123.49508508508508,2.3741864001806485,2.22018861823206,1.0073503876769938
123.55903903903904,1.891946544267445,2.1719726587501893,1.0317056635936455
123.62299299299299,1.7017510284890196,2.4742086119525712,1.1406070249509566
123.68694694694695,1.5699954068702282,1.979741742629969,1.2263039161396267
123.7509009009009,1.7737306268314759,2.0229710458079064,1.1909739162593924
123.81485485485484,2.0894801157745637,1.9075277511933053,1.1442419081395452
123.8788088088088,1.8828396351782397,2.2657546990826676,0.9385588937580959
123.94276276276275,1.7815429805478415,2.796538597505909,0.9060371019789883
124.00671671671671,1.636847167261368,2.020934190061802,1.0914720712295773
124.07067067067067,1.6118929135653168,2.3470044851557335,0.9642808283046714
124.13462462462462,1.7360341009792513,2.309583847045584,0.9761098948407674
124.19857857857858,2.1113593593074143,2.0952797332529616,1.1417295616227625
124.26253253253253,1.6930805362339763,2.2244559744141017,1.0558294922567577
124.32648648648649,2.3465412641082684,2.1896516939236577,1.699368052019179
124.39044044044043,1.689921625532787,2.2871223935574894,0.9992938945933796
124.45439439439438,2.2891502601357856,2.221796392956049,1.147355856513691
124.51834834834834,1.4398460115464626,2.468774542632473,1.1966317231915249
124.5823023023023,1.5832722817126483,2.225488049000716,1.2589372060557893
124.64625625625625,1.7127060216781,2.4150623179514414,0.976461775769677
124.7102102102102,1.2690101341439077,1.8984040365051795,1.1126399127769528
124.77416416416416,1.8494086411559787,2.4432460819732937,1.3028620121502668
124.83811811811812,1.2927132463565072,1.864032391683933,0.809381929925218
124.90207207207207,1.109148134994239,1.9676207059900286,1.0400883225320323
124.96602602602601,1.4447261149417252,2.3691465920759645,1.1696033022772014
125.02997997997997,1.6992195849230283,1.9614063597708185,0.9362638080315975
125.09393393393393,1.2155805364323942,2.19903105299939,1.0266543375278672
125.15788788788788,1.9190016699673378,2.2759999591065174,1.2820935818805934
125.22184184184184,1.817662066834332,2.44115855252098,1.1618676031130606
125.28579579579579,1.5244961775621435,2.3258454053609787,0.92933003737401
125.34974974974975,1.500265834288519,2.2783858666153574,1.2684201695559292
125.4137037037037,1.7661247069724944,2.0929593615745397,1.2460368899990784
125.47765765765766,2.094876520427749,2.21375922464107,1.1325197040468236
125.5416116116116,1.4182370257394765,2.0449863098176104,1.0302614091825661
125.60556556556556,2.00195664678658,2.3891568192874106,1.0890649332472602
125.66951951951951,2.0941144054811947,1.9210696423105196,1.1453419330079928
125.73347347347347,1.2686194148286902,2.2021954976819584,0.6151364538678565
125.79742742742742,1.450456410055958,2.628849841981364,1.1959653136754549
125.86138138138138,1.9582377610230997,2.1124106926292083,1.2441016627692025
125.92533533533533,1.7218121126441004,2.1927573434816345,0.9636991403492672
125.98928928928929,1.9469791989278686,2.0323146015494875,1.0101154856004781
126.05324324324324,1.4647768967415868,2.386354187308722,1.2298491219529513
126.11719719719719,1.8041988315868311,2.1344357589433,1.033195455830574
126.18115115115114,2.33363267902267,2.189965085342561,1.2096560507251104
126.2451051051051,1.9839605174622803,1.5746857287909584,1.168485630341844
126.30905905905905,1.9048819513646549,2.238240718439675,0.8137957752174381
126.37301301301301,1.2867266066320662,2.278961652160509,1.165183297024063
126.43696696696696,1.8271241836461662,2.3977459120942197,1.3598928565383748
126.50092092092092,1.5745612894918946,2.3377496459149625,1.1395546079246226
126.56487487487487,1.804038661803186,1.7266918390797645,1.116224833669878
126.62882882882883,1.8230855749079058,2.2132584210959516,0.9219337830362069
126.69278278278277,1.7695974701480606,1.8650827414276336,0.9203656260904324
126.75673673673673,1.9446572343414061,2.3096919722374762,0.9061376060459703
126.82069069069068,1.1942726201765912,2.36539754821892,0.8563941264658219
126.88464464464464,1.7624189059859354,2.1166680618597606,1.116699656840891
126.9485985985986,1.9740802867600786,2.5369388818820537,1.1130294893670045
127.01255255255255,1.4462812885889311,2.286330779830042,1.3797167772681151
127.0765065065065,1.541236627548585,1.79875962141119,1.097924854495586
127.14046046046046,1.4262612808858677,2.25338548981862,0.7017631222031295
127.20441441441442,1.8505832154267758,2.2633971522082286,0.8744472689498756
127.26836836836836,1.8709185498943173,2.2400861779607015,0.7908462831689016
127.33232232232231,1.4950471509812713,2.0785594001730767,0.9541487919169533
127.39627627627627,1.9333918756682205,1.9907192946148455,1.1911923632905455
127.46023023023022,1.9094097695196068,2.5026258452018117,0.8809158458097525
127.52418418418418,2.1773224683075054,2.164515238300885,0.9452162745576228
127.58813813813813,1.9395520433953697,1.8375792828897661,0.9015833926773834
127.65209209209209,1.6116685680741605,2.4460053558091004,1.000844079143374
127.71604604604605,1.6925739102065405,2.4824193628252247,1.051192565899908
127.78,1.9269039702164037,1.997047579870861,0.9160650739741969
