Catalog_Rank	Accession	Cohort_Tier	Organism	Sequence_Type	Phylogroup	Source_or_Role	FTP_or_SRA_Path
1	SRR39314025 (QA5221)	Focal Clinical Query Isolate	Escherichia coli	ST354	F	Human Clinical (Wound) / Index Genome	https://www.ncbi.nlm.nih.gov/sra/SRR39314025
2	GCA_012905885.1	ST354 Lineage Cohort (Local Clinical Peer)	Escherichia coli	ST354	F	ST354 Cohort Representative	ftp://ftp.ncbi.nlm.nih.gov/genomes/all/GCA/012/905/885/GCA_012905885.1_PDT000704979.1
3	GCA_014690305.1	ST354 Lineage Cohort (Local Clinical Peer)	Escherichia coli	ST354	F	ST354 Cohort Representative	ftp://ftp.ncbi.nlm.nih.gov/genomes/all/GCA/014/690/305/GCA_014690305.1_PDT000840981.1
4	GCA_014690645.1	ST354 Lineage Cohort (Local Clinical Peer)	Escherichia coli	ST354	F	ST354 Cohort Representative	ftp://ftp.ncbi.nlm.nih.gov/genomes/all/GCA/014/690/645/GCA_014690645.1_PDT000841122.1
5	GCA_014691585.1	ST354 Lineage Cohort (Local Clinical Peer)	Escherichia coli	ST354	F	ST354 Cohort Representative	ftp://ftp.ncbi.nlm.nih.gov/genomes/all/GCA/014/691/585/GCA_014691585.1_PDT000840987.1
6	GCA_018050285.1	ST354 Lineage Cohort (Local Clinical Peer)	Escherichia coli	ST354	F	ST354 Cohort Representative	ftp://ftp.ncbi.nlm.nih.gov/genomes/all/GCA/018/050/285/GCA_018050285.1_PDT000841008.1
7	GCA_032184565.1	ST354 Lineage Cohort (Local Clinical Peer)	Escherichia coli	ST354	F	ST354 Cohort Representative	ftp://ftp.ncbi.nlm.nih.gov/genomes/all/GCA/032/184/565/GCA_032184565.1_PDT001809331.1
8	GCA_032184605.1	ST354 Lineage Cohort (Local Clinical Peer)	Escherichia coli	ST354	F	ST354 Cohort Representative	ftp://ftp.ncbi.nlm.nih.gov/genomes/all/GCA/032/184/605/GCA_032184605.1_PDT001809330.1
9	GCA_032184625.1	ST354 Lineage Cohort (Local Clinical Peer)	Escherichia coli	ST354	F	ST354 Cohort Representative	ftp://ftp.ncbi.nlm.nih.gov/genomes/all/GCA/032/184/625/GCA_032184625.1_PDT001809328.1
10	GCA_032184645.1	ST354 Lineage Cohort (Local Clinical Peer)	Escherichia coli	ST354	F	ST354 Cohort Representative	ftp://ftp.ncbi.nlm.nih.gov/genomes/all/GCA/032/184/645/GCA_032184645.1_PDT001809327.1
11	GCA_032184665.1	ST354 Lineage Cohort (Local Clinical Peer)	Escherichia coli	ST354	F	ST354 Cohort Representative	ftp://ftp.ncbi.nlm.nih.gov/genomes/all/GCA/032/184/665/GCA_032184665.1_PDT001809326.1
12	GCA_032184685.1	ST354 Lineage Cohort (Local Clinical Peer)	Escherichia coli	ST354	F	ST354 Cohort Representative	ftp://ftp.ncbi.nlm.nih.gov/genomes/all/GCA/032/184/685/GCA_032184685.1_PDT001809329.1
13	GCA_032184705.1	ST354 Lineage Cohort (Local Clinical Peer)	Escherichia coli	ST354	F	ST354 Cohort Representative	ftp://ftp.ncbi.nlm.nih.gov/genomes/all/GCA/032/184/705/GCA_032184705.1_PDT001809325.1
14	GCA_032184725.1	ST354 Lineage Cohort (Local Clinical Peer)	Escherichia coli	ST354	F	ST354 Cohort Representative	ftp://ftp.ncbi.nlm.nih.gov/genomes/all/GCA/032/184/725/GCA_032184725.1_PDT001809324.1
15	GCA_032184745.1	ST354 Lineage Cohort (Local Clinical Peer)	Escherichia coli	ST354	F	ST354 Cohort Representative	ftp://ftp.ncbi.nlm.nih.gov/genomes/all/GCA/032/184/745/GCA_032184745.1_PDT001809322.1
16	GCA_032184765.1	ST354 Lineage Cohort (Local Clinical Peer)	Escherichia coli	ST354	F	ST354 Cohort Representative	ftp://ftp.ncbi.nlm.nih.gov/genomes/all/GCA/032/184/765/GCA_032184765.1_PDT001809321.1
17	GCA_032184785.1	ST354 Lineage Cohort (Local Clinical Peer)	Escherichia coli	ST354	F	ST354 Cohort Representative	ftp://ftp.ncbi.nlm.nih.gov/genomes/all/GCA/032/184/785/GCA_032184785.1_PDT001809317.1
18	GCA_032184805.1	ST354 Lineage Cohort (Local Clinical Peer)	Escherichia coli	ST354	F	ST354 Cohort Representative	ftp://ftp.ncbi.nlm.nih.gov/genomes/all/GCA/032/184/805/GCA_032184805.1_PDT001809315.1
19	GCA_032184815.1	ST354 Lineage Cohort (Local Clinical Peer)	Escherichia coli	ST354	F	ST354 Cohort Representative	ftp://ftp.ncbi.nlm.nih.gov/genomes/all/GCA/032/184/815/GCA_032184815.1_PDT001809318.1
20	GCA_032184845.1	ST354 Lineage Cohort (Local Clinical Peer)	Escherichia coli	ST354	F	ST354 Cohort Representative	ftp://ftp.ncbi.nlm.nih.gov/genomes/all/GCA/032/184/845/GCA_032184845.1_PDT001809316.1
21	GCA_032184865.1	ST354 Lineage Cohort (Local Clinical Peer)	Escherichia coli	ST354	F	ST354 Cohort Representative	ftp://ftp.ncbi.nlm.nih.gov/genomes/all/GCA/032/184/865/GCA_032184865.1_PDT001809320.1
22	GCA_032184885.1	ST354 Lineage Cohort (Local Clinical Peer)	Escherichia coli	ST354	F	ST354 Cohort Representative	ftp://ftp.ncbi.nlm.nih.gov/genomes/all/GCA/032/184/885/GCA_032184885.1_PDT001809314.1
23	GCA_032184905.1	ST354 Lineage Cohort (Local Clinical Peer)	Escherichia coli	ST354	F	ST354 Cohort Representative	ftp://ftp.ncbi.nlm.nih.gov/genomes/all/GCA/032/184/905/GCA_032184905.1_PDT001809323.1
24	GCA_032184925.1	ST354 Lineage Cohort (Local Clinical Peer)	Escherichia coli	ST354	F	ST354 Cohort Representative	ftp://ftp.ncbi.nlm.nih.gov/genomes/all/GCA/032/184/925/GCA_032184925.1_PDT001809313.1
25	GCA_032184945.1	ST354 Lineage Cohort (Local Clinical Peer)	Escherichia coli	ST354	F	ST354 Cohort Representative	ftp://ftp.ncbi.nlm.nih.gov/genomes/all/GCA/032/184/945/GCA_032184945.1_PDT001809332.1
26	GCA_032184965.1	ST354 Lineage Cohort (Local Clinical Peer)	Escherichia coli	ST354	F	ST354 Cohort Representative	ftp://ftp.ncbi.nlm.nih.gov/genomes/all/GCA/032/184/965/GCA_032184965.1_PDT001809319.1
27	GCA_032184985.1	ST354 Lineage Cohort (Local Clinical Peer)	Escherichia coli	ST354	F	ST354 Cohort Representative	ftp://ftp.ncbi.nlm.nih.gov/genomes/all/GCA/032/184/985/GCA_032184985.1_PDT001809312.1
28	GCA_032185025.1	ST354 Lineage Cohort (Local Clinical Peer)	Escherichia coli	ST354	F	ST354 Cohort Representative	ftp://ftp.ncbi.nlm.nih.gov/genomes/all/GCA/032/185/025/GCA_032185025.1_PDT001809311.1
29	GCA_057529195.1	ST354 Lineage Cohort	Escherichia coli	ST354 / Clonal Complex	F	NCBI Lineage Representative Assembly	ftp://ftp.ncbi.nlm.nih.gov/genomes/all/GCA/057/529/195/GCA_057529195.1_ASM5752919v1
30	GCF_057374305.1	ST354 Lineage Cohort	Escherichia coli	ST354 / Clonal Complex	F	NCBI Lineage Representative Assembly	ftp://ftp.ncbi.nlm.nih.gov/genomes/all/GCF/057/374/305/GCF_057374305.1_ASM5737430v1
31	GCF_056867925.1	ST354 Lineage Cohort	Escherichia coli	ST354 / Clonal Complex	F	NCBI Lineage Representative Assembly	ftp://ftp.ncbi.nlm.nih.gov/genomes/all/GCF/056/867/925/GCF_056867925.1_ASM5686792v1
32	GCF_055381515.1	ST354 Lineage Cohort	Escherichia coli	ST354 / Clonal Complex	F	NCBI Lineage Representative Assembly	ftp://ftp.ncbi.nlm.nih.gov/genomes/all/GCF/055/381/515/GCF_055381515.1_ASM5538151v1
33	GCF_055381085.1	ST354 Lineage Cohort	Escherichia coli	ST354 / Clonal Complex	F	NCBI Lineage Representative Assembly	ftp://ftp.ncbi.nlm.nih.gov/genomes/all/GCF/055/381/085/GCF_055381085.1_ASM5538108v1
34	GCF_055382375.1	ST354 Lineage Cohort	Escherichia coli	ST354 / Clonal Complex	F	NCBI Lineage Representative Assembly	ftp://ftp.ncbi.nlm.nih.gov/genomes/all/GCF/055/382/375/GCF_055382375.1_ASM5538237v1
35	GCF_055381915.1	ST354 Lineage Cohort	Escherichia coli	ST354 / Clonal Complex	F	NCBI Lineage Representative Assembly	ftp://ftp.ncbi.nlm.nih.gov/genomes/all/GCF/055/381/915/GCF_055381915.1_ASM5538191v1
36	GCF_055380265.1	ST354 Lineage Cohort	Escherichia coli	ST354 / Clonal Complex	F	NCBI Lineage Representative Assembly	ftp://ftp.ncbi.nlm.nih.gov/genomes/all/GCF/055/380/265/GCF_055380265.1_ASM5538026v1
37	GCF_056502095.1	ST354 Lineage Cohort	Escherichia coli	ST354 / Clonal Complex	F	NCBI Lineage Representative Assembly	ftp://ftp.ncbi.nlm.nih.gov/genomes/all/GCF/056/502/095/GCF_056502095.1_ASM5650209v1
38	GCF_056495855.1	ST354 Lineage Cohort	Escherichia coli	ST354 / Clonal Complex	F	NCBI Lineage Representative Assembly	ftp://ftp.ncbi.nlm.nih.gov/genomes/all/GCF/056/495/855/GCF_056495855.1_ASM5649585v1
39	GCF_056237465.1	ST354 Lineage Cohort	Escherichia coli	ST354 / Clonal Complex	F	NCBI Lineage Representative Assembly	ftp://ftp.ncbi.nlm.nih.gov/genomes/all/GCF/056/237/465/GCF_056237465.1_ASM5623746v1
40	GCF_055814395.1	ST354 Lineage Cohort	Escherichia coli	ST354 / Clonal Complex	F	NCBI Lineage Representative Assembly	ftp://ftp.ncbi.nlm.nih.gov/genomes/all/GCF/055/814/395/GCF_055814395.1_ASM5581439v1
41	GCF_055814385.1	ST354 Lineage Cohort	Escherichia coli	ST354 / Clonal Complex	F	NCBI Lineage Representative Assembly	ftp://ftp.ncbi.nlm.nih.gov/genomes/all/GCF/055/814/385/GCF_055814385.1_ASM5581438v1
42	GCF_055814375.1	ST354 Lineage Cohort	Escherichia coli	ST354 / Clonal Complex	F	NCBI Lineage Representative Assembly	ftp://ftp.ncbi.nlm.nih.gov/genomes/all/GCF/055/814/375/GCF_055814375.1_ASM5581437v1
43	GCF_055814365.1	ST354 Lineage Cohort	Escherichia coli	ST354 / Clonal Complex	F	NCBI Lineage Representative Assembly	ftp://ftp.ncbi.nlm.nih.gov/genomes/all/GCF/055/814/365/GCF_055814365.1_ASM5581436v1
44	GCF_055814355.1	ST354 Lineage Cohort	Escherichia coli	ST354 / Clonal Complex	F	NCBI Lineage Representative Assembly	ftp://ftp.ncbi.nlm.nih.gov/genomes/all/GCF/055/814/355/GCF_055814355.1_ASM5581435v1
45	GCF_055814345.1	ST354 Lineage Cohort	Escherichia coli	ST354 / Clonal Complex	F	NCBI Lineage Representative Assembly	ftp://ftp.ncbi.nlm.nih.gov/genomes/all/GCF/055/814/345/GCF_055814345.1_ASM5581434v1
46	GCF_055698215.1	ST354 Lineage Cohort	Escherichia coli	ST354 / Clonal Complex	F	NCBI Lineage Representative Assembly	ftp://ftp.ncbi.nlm.nih.gov/genomes/all/GCF/055/698/215/GCF_055698215.1_ASM5569821v1
47	GCF_055698205.1	ST354 Lineage Cohort	Escherichia coli	ST354 / Clonal Complex	F	NCBI Lineage Representative Assembly	ftp://ftp.ncbi.nlm.nih.gov/genomes/all/GCF/055/698/205/GCF_055698205.1_ASM5569820v1
48	GCF_055698195.1	ST354 Lineage Cohort	Escherichia coli	ST354 / Clonal Complex	F	NCBI Lineage Representative Assembly	ftp://ftp.ncbi.nlm.nih.gov/genomes/all/GCF/055/698/195/GCF_055698195.1_ASM5569819v1
49	GCF_055698185.1	ST354 Lineage Cohort	Escherichia coli	ST354 / Clonal Complex	F	NCBI Lineage Representative Assembly	ftp://ftp.ncbi.nlm.nih.gov/genomes/all/GCF/055/698/185/GCF_055698185.1_ASM5569818v1
50	GCF_055698175.1	ST354 Lineage Cohort	Escherichia coli	ST354 / Clonal Complex	F	NCBI Lineage Representative Assembly	ftp://ftp.ncbi.nlm.nih.gov/genomes/all/GCF/055/698/175/GCF_055698175.1_ASM5569817v1
51	GCF_055698065.1	ST354 Lineage Cohort	Escherichia coli	ST354 / Clonal Complex	F	NCBI Lineage Representative Assembly	ftp://ftp.ncbi.nlm.nih.gov/genomes/all/GCF/055/698/065/GCF_055698065.1_ASM5569806v1
52	GCF_055698055.1	ST354 Lineage Cohort	Escherichia coli	ST354 / Clonal Complex	F	NCBI Lineage Representative Assembly	ftp://ftp.ncbi.nlm.nih.gov/genomes/all/GCF/055/698/055/GCF_055698055.1_ASM5569805v1
53	GCF_055697635.1	ST354 Lineage Cohort	Escherichia coli	ST354 / Clonal Complex	F	NCBI Lineage Representative Assembly	ftp://ftp.ncbi.nlm.nih.gov/genomes/all/GCF/055/697/635/GCF_055697635.1_ASM5569763v1
54	GCF_055697625.1	ST354 Lineage Cohort	Escherichia coli	ST354 / Clonal Complex	F	NCBI Lineage Representative Assembly	ftp://ftp.ncbi.nlm.nih.gov/genomes/all/GCF/055/697/625/GCF_055697625.1_ASM5569762v1
55	GCF_055697285.1	ST354 Lineage Cohort	Escherichia coli	ST354 / Clonal Complex	F	NCBI Lineage Representative Assembly	ftp://ftp.ncbi.nlm.nih.gov/genomes/all/GCF/055/697/285/GCF_055697285.1_ASM5569728v1
56	GCF_055697265.1	ST354 Lineage Cohort	Escherichia coli	ST354 / Clonal Complex	F	NCBI Lineage Representative Assembly	ftp://ftp.ncbi.nlm.nih.gov/genomes/all/GCF/055/697/265/GCF_055697265.1_ASM5569726v1
57	GCF_055661535.1	ST354 Lineage Cohort	Escherichia coli	ST354 / Clonal Complex	F	NCBI Lineage Representative Assembly	ftp://ftp.ncbi.nlm.nih.gov/genomes/all/GCF/055/661/535/GCF_055661535.1_ASM5566153v1
58	GCF_055661525.1	ST354 Lineage Cohort	Escherichia coli	ST354 / Clonal Complex	F	NCBI Lineage Representative Assembly	ftp://ftp.ncbi.nlm.nih.gov/genomes/all/GCF/055/661/525/GCF_055661525.1_ASM5566152v1
59	GCF_055661515.1	ST354 Lineage Cohort	Escherichia coli	ST354 / Clonal Complex	F	NCBI Lineage Representative Assembly	ftp://ftp.ncbi.nlm.nih.gov/genomes/all/GCF/055/661/515/GCF_055661515.1_ASM5566151v1
60	GCF_055661485.1	ST354 Lineage Cohort	Escherichia coli	ST354 / Clonal Complex	F	NCBI Lineage Representative Assembly	ftp://ftp.ncbi.nlm.nih.gov/genomes/all/GCF/055/661/485/GCF_055661485.1_ASM5566148v1
61	GCF_055661475.1	ST354 Lineage Cohort	Escherichia coli	ST354 / Clonal Complex	F	NCBI Lineage Representative Assembly	ftp://ftp.ncbi.nlm.nih.gov/genomes/all/GCF/055/661/475/GCF_055661475.1_ASM5566147v1
62	GCF_055661465.1	ST354 Lineage Cohort	Escherichia coli	ST354 / Clonal Complex	F	NCBI Lineage Representative Assembly	ftp://ftp.ncbi.nlm.nih.gov/genomes/all/GCF/055/661/465/GCF_055661465.1_ASM5566146v1
63	GCF_055661455.1	ST354 Lineage Cohort	Escherichia coli	ST354 / Clonal Complex	F	NCBI Lineage Representative Assembly	ftp://ftp.ncbi.nlm.nih.gov/genomes/all/GCF/055/661/455/GCF_055661455.1_ASM5566145v1
64	GCF_055661445.1	ST354 Lineage Cohort	Escherichia coli	ST354 / Clonal Complex	F	NCBI Lineage Representative Assembly	ftp://ftp.ncbi.nlm.nih.gov/genomes/all/GCF/055/661/445/GCF_055661445.1_ASM5566144v1
65	GCF_055661435.1	ST354 Lineage Cohort	Escherichia coli	ST354 / Clonal Complex	F	NCBI Lineage Representative Assembly	ftp://ftp.ncbi.nlm.nih.gov/genomes/all/GCF/055/661/435/GCF_055661435.1_ASM5566143v1
66	GCF_055661425.1	ST354 Lineage Cohort	Escherichia coli	ST354 / Clonal Complex	F	NCBI Lineage Representative Assembly	ftp://ftp.ncbi.nlm.nih.gov/genomes/all/GCF/055/661/425/GCF_055661425.1_ASM5566142v1
67	GCF_055661415.1	ST354 Lineage Cohort	Escherichia coli	ST354 / Clonal Complex	F	NCBI Lineage Representative Assembly	ftp://ftp.ncbi.nlm.nih.gov/genomes/all/GCF/055/661/415/GCF_055661415.1_ASM5566141v1
68	GCF_055661405.1	ST354 Lineage Cohort	Escherichia coli	ST354 / Clonal Complex	F	NCBI Lineage Representative Assembly	ftp://ftp.ncbi.nlm.nih.gov/genomes/all/GCF/055/661/405/GCF_055661405.1_ASM5566140v1
69	GCF_055661395.1	ST354 Lineage Cohort	Escherichia coli	ST354 / Clonal Complex	F	NCBI Lineage Representative Assembly	ftp://ftp.ncbi.nlm.nih.gov/genomes/all/GCF/055/661/395/GCF_055661395.1_ASM5566139v1
70	GCF_055661385.1	ST354 Lineage Cohort	Escherichia coli	ST354 / Clonal Complex	F	NCBI Lineage Representative Assembly	ftp://ftp.ncbi.nlm.nih.gov/genomes/all/GCF/055/661/385/GCF_055661385.1_ASM5566138v1
71	GCF_055597155.1	ST354 Lineage Cohort	Escherichia coli	ST354 / Clonal Complex	F	NCBI Lineage Representative Assembly	ftp://ftp.ncbi.nlm.nih.gov/genomes/all/GCF/055/597/155/GCF_055597155.1_ASM5559715v1
72	GCA_977946905.1	ST354 Lineage Cohort	Escherichia coli	ST354 / Clonal Complex	F	NCBI Lineage Representative Assembly	ftp://ftp.ncbi.nlm.nih.gov/genomes/all/GCA/977/946/905/GCA_977946905.1_ERS22549440_ASM
73	GCA_977947805.1	ST354 Lineage Cohort	Escherichia coli	ST354 / Clonal Complex	F	NCBI Lineage Representative Assembly	ftp://ftp.ncbi.nlm.nih.gov/genomes/all/GCA/977/947/805/GCA_977947805.1_ERS22549460_ASM
74	GCA_977946735.1	ST354 Lineage Cohort	Escherichia coli	ST354 / Clonal Complex	F	NCBI Lineage Representative Assembly	ftp://ftp.ncbi.nlm.nih.gov/genomes/all/GCA/977/946/735/GCA_977946735.1_ERS22549441_ASM
75	GCA_977946935.1	ST354 Lineage Cohort	Escherichia coli	ST354 / Clonal Complex	F	NCBI Lineage Representative Assembly	ftp://ftp.ncbi.nlm.nih.gov/genomes/all/GCA/977/946/935/GCA_977946935.1_ERS22549442_ASM
76	GCA_977946685.1	ST354 Lineage Cohort	Escherichia coli	ST354 / Clonal Complex	F	NCBI Lineage Representative Assembly	ftp://ftp.ncbi.nlm.nih.gov/genomes/all/GCA/977/946/685/GCA_977946685.1_ERS22549443_ASM
77	GCA_977947735.1	ST354 Lineage Cohort	Escherichia coli	ST354 / Clonal Complex	F	NCBI Lineage Representative Assembly	ftp://ftp.ncbi.nlm.nih.gov/genomes/all/GCA/977/947/735/GCA_977947735.1_ERS22549466_ASM
78	GCA_977946405.1	ST354 Lineage Cohort	Escherichia coli	ST354 / Clonal Complex	F	NCBI Lineage Representative Assembly	ftp://ftp.ncbi.nlm.nih.gov/genomes/all/GCA/977/946/405/GCA_977946405.1_ERS22549437_ASM
79	GCA_977947505.1	ST354 Lineage Cohort	Escherichia coli	ST354 / Clonal Complex	F	NCBI Lineage Representative Assembly	ftp://ftp.ncbi.nlm.nih.gov/genomes/all/GCA/977/947/505/GCA_977947505.1_ERS22549415_ASM
80	GCA_977946665.1	ST354 Lineage Cohort	Escherichia coli	ST354 / Clonal Complex	F	NCBI Lineage Representative Assembly	ftp://ftp.ncbi.nlm.nih.gov/genomes/all/GCA/977/946/665/GCA_977946665.1_ERS22549472_ASM
81	GCA_977946285.1	ST354 Lineage Cohort	Escherichia coli	ST354 / Clonal Complex	F	NCBI Lineage Representative Assembly	ftp://ftp.ncbi.nlm.nih.gov/genomes/all/GCA/977/946/285/GCA_977946285.1_ERS22549432_ASM
82	GCA_977947375.1	ST354 Lineage Cohort	Escherichia coli	ST354 / Clonal Complex	F	NCBI Lineage Representative Assembly	ftp://ftp.ncbi.nlm.nih.gov/genomes/all/GCA/977/947/375/GCA_977947375.1_ERS22549450_ASM
83	GCA_977946295.1	ST354 Lineage Cohort	Escherichia coli	ST354 / Clonal Complex	F	NCBI Lineage Representative Assembly	ftp://ftp.ncbi.nlm.nih.gov/genomes/all/GCA/977/946/295/GCA_977946295.1_ERS22549469_ASM
84	GCA_977947145.1	ST354 Lineage Cohort	Escherichia coli	ST354 / Clonal Complex	F	NCBI Lineage Representative Assembly	ftp://ftp.ncbi.nlm.nih.gov/genomes/all/GCA/977/947/145/GCA_977947145.1_ERS22549467_ASM
85	GCA_977947395.1	ST354 Lineage Cohort	Escherichia coli	ST354 / Clonal Complex	F	NCBI Lineage Representative Assembly	ftp://ftp.ncbi.nlm.nih.gov/genomes/all/GCA/977/947/395/GCA_977947395.1_ERS22549473_ASM
86	GCA_977947155.1	ST354 Lineage Cohort	Escherichia coli	ST354 / Clonal Complex	F	NCBI Lineage Representative Assembly	ftp://ftp.ncbi.nlm.nih.gov/genomes/all/GCA/977/947/155/GCA_977947155.1_ERS22549427_ASM
87	GCA_977947105.1	ST354 Lineage Cohort	Escherichia coli	ST354 / Clonal Complex	F	NCBI Lineage Representative Assembly	ftp://ftp.ncbi.nlm.nih.gov/genomes/all/GCA/977/947/105/GCA_977947105.1_ERS22549411_ASM
88	GCA_977947585.1	ST354 Lineage Cohort	Escherichia coli	ST354 / Clonal Complex	F	NCBI Lineage Representative Assembly	ftp://ftp.ncbi.nlm.nih.gov/genomes/all/GCA/977/947/585/GCA_977947585.1_ERS22549414_ASM
89	GCA_977946605.1	ST354 Lineage Cohort	Escherichia coli	ST354 / Clonal Complex	F	NCBI Lineage Representative Assembly	ftp://ftp.ncbi.nlm.nih.gov/genomes/all/GCA/977/946/605/GCA_977946605.1_ERS22549438_ASM
90	GCA_977947945.1	ST354 Lineage Cohort	Escherichia coli	ST354 / Clonal Complex	F	NCBI Lineage Representative Assembly	ftp://ftp.ncbi.nlm.nih.gov/genomes/all/GCA/977/947/945/GCA_977947945.1_ERS22549422_ASM
91	GCA_977947955.1	ST354 Lineage Cohort	Escherichia coli	ST354 / Clonal Complex	F	NCBI Lineage Representative Assembly	ftp://ftp.ncbi.nlm.nih.gov/genomes/all/GCA/977/947/955/GCA_977947955.1_ERS22549428_ASM
92	GCA_977946625.1	ST354 Lineage Cohort	Escherichia coli	ST354 / Clonal Complex	F	NCBI Lineage Representative Assembly	ftp://ftp.ncbi.nlm.nih.gov/genomes/all/GCA/977/946/625/GCA_977946625.1_ERS22549429_ASM
93	GCA_977946875.1	ST354 Lineage Cohort	Escherichia coli	ST354 / Clonal Complex	F	NCBI Lineage Representative Assembly	ftp://ftp.ncbi.nlm.nih.gov/genomes/all/GCA/977/946/875/GCA_977946875.1_ERS22549425_ASM
94	GCA_977946635.1	ST354 Lineage Cohort	Escherichia coli	ST354 / Clonal Complex	F	NCBI Lineage Representative Assembly	ftp://ftp.ncbi.nlm.nih.gov/genomes/all/GCA/977/946/635/GCA_977946635.1_ERS22549435_ASM
95	GCA_977946825.1	ST354 Lineage Cohort	Escherichia coli	ST354 / Clonal Complex	F	NCBI Lineage Representative Assembly	ftp://ftp.ncbi.nlm.nih.gov/genomes/all/GCA/977/946/825/GCA_977946825.1_ERS22549448_ASM
96	GCA_977947915.1	ST354 Lineage Cohort	Escherichia coli	ST354 / Clonal Complex	F	NCBI Lineage Representative Assembly	ftp://ftp.ncbi.nlm.nih.gov/genomes/all/GCA/977/947/915/GCA_977947915.1_ERS22549423_ASM
97	GCA_977946325.1	ST354 Lineage Cohort	Escherichia coli	ST354 / Clonal Complex	F	NCBI Lineage Representative Assembly	ftp://ftp.ncbi.nlm.nih.gov/genomes/all/GCA/977/946/325/GCA_977946325.1_ERS22549433_ASM
98	GCA_977946575.1	ST354 Lineage Cohort	Escherichia coli	ST354 / Clonal Complex	F	NCBI Lineage Representative Assembly	ftp://ftp.ncbi.nlm.nih.gov/genomes/all/GCA/977/946/575/GCA_977946575.1_ERS22549439_ASM
99	GCA_977946345.1	ST354 Lineage Cohort	Escherichia coli	ST354 / Clonal Complex	F	NCBI Lineage Representative Assembly	ftp://ftp.ncbi.nlm.nih.gov/genomes/all/GCA/977/946/345/GCA_977946345.1_ERS22549430_ASM
100	GCA_977947205.1	ST354 Lineage Cohort	Escherichia coli	ST354 / Clonal Complex	F	NCBI Lineage Representative Assembly	ftp://ftp.ncbi.nlm.nih.gov/genomes/all/GCA/977/947/205/GCA_977947205.1_ERS22549455_ASM
101	GCA_977946355.1	ST354 Lineage Cohort	Escherichia coli	ST354 / Clonal Complex	F	NCBI Lineage Representative Assembly	ftp://ftp.ncbi.nlm.nih.gov/genomes/all/GCA/977/946/355/GCA_977946355.1_ERS22549416_ASM
102	GCA_977946545.1	ST354 Lineage Cohort	Escherichia coli	ST354 / Clonal Complex	F	NCBI Lineage Representative Assembly	ftp://ftp.ncbi.nlm.nih.gov/genomes/all/GCA/977/946/545/GCA_977946545.1_ERS22549421_ASM
103	GCA_977946555.1	ST354 Lineage Cohort	Escherichia coli	ST354 / Clonal Complex	F	NCBI Lineage Representative Assembly	ftp://ftp.ncbi.nlm.nih.gov/genomes/all/GCA/977/946/555/GCA_977946555.1_ERS22549459_ASM
104	GCA_977947645.1	ST354 Lineage Cohort	Escherichia coli	ST354 / Clonal Complex	F	NCBI Lineage Representative Assembly	ftp://ftp.ncbi.nlm.nih.gov/genomes/all/GCA/977/947/645/GCA_977947645.1_ERS22549468_ASM
105	GCA_977946795.1	ST354 Lineage Cohort	Escherichia coli	ST354 / Clonal Complex	F	NCBI Lineage Representative Assembly	ftp://ftp.ncbi.nlm.nih.gov/genomes/all/GCA/977/946/795/GCA_977946795.1_ERS22549447_ASM
106	GCA_977947035.1	ST354 Lineage Cohort	Escherichia coli	ST354 / Clonal Complex	F	NCBI Lineage Representative Assembly	ftp://ftp.ncbi.nlm.nih.gov/genomes/all/GCA/977/947/035/GCA_977947035.1_ERS22549413_ASM
107	GCA_977946365.1	ST354 Lineage Cohort	Escherichia coli	ST354 / Clonal Complex	F	NCBI Lineage Representative Assembly	ftp://ftp.ncbi.nlm.nih.gov/genomes/all/GCA/977/946/365/GCA_977946365.1_ERS22549434_ASM
108	GCA_977946375.1	ST354 Lineage Cohort	Escherichia coli	ST354 / Clonal Complex	F	NCBI Lineage Representative Assembly	ftp://ftp.ncbi.nlm.nih.gov/genomes/all/GCA/977/946/375/GCA_977946375.1_ERS22549419_ASM
109	GCA_977946385.1	ST354 Lineage Cohort	Escherichia coli	ST354 / Clonal Complex	F	NCBI Lineage Representative Assembly	ftp://ftp.ncbi.nlm.nih.gov/genomes/all/GCA/977/946/385/GCA_977946385.1_ERS22549461_ASM
110	GCA_977946395.1	ST354 Lineage Cohort	Escherichia coli	ST354 / Clonal Complex	F	NCBI Lineage Representative Assembly	ftp://ftp.ncbi.nlm.nih.gov/genomes/all/GCA/977/946/395/GCA_977946395.1_ERS22549463_ASM
111	GCA_977947245.1	ST354 Lineage Cohort	Escherichia coli	ST354 / Clonal Complex	F	NCBI Lineage Representative Assembly	ftp://ftp.ncbi.nlm.nih.gov/genomes/all/GCA/977/947/245/GCA_977947245.1_ERS22549409_ASM
112	GCA_977947365.1	ST354 Lineage Cohort	Escherichia coli	ST354 / Clonal Complex	F	NCBI Lineage Representative Assembly	ftp://ftp.ncbi.nlm.nih.gov/genomes/all/GCA/977/947/365/GCA_977947365.1_ERS22549436_ASM
113	GCA_977946865.1	ST354 Lineage Cohort	Escherichia coli	ST354 / Clonal Complex	F	NCBI Lineage Representative Assembly	ftp://ftp.ncbi.nlm.nih.gov/genomes/all/GCA/977/946/865/GCA_977946865.1_ERS22549424_ASM
114	GCA_977947905.1	ST354 Lineage Cohort	Escherichia coli	ST354 / Clonal Complex	F	NCBI Lineage Representative Assembly	ftp://ftp.ncbi.nlm.nih.gov/genomes/all/GCA/977/947/905/GCA_977947905.1_ERS22549426_ASM
115	GCA_977947695.1	ST354 Lineage Cohort	Escherichia coli	ST354 / Clonal Complex	F	NCBI Lineage Representative Assembly	ftp://ftp.ncbi.nlm.nih.gov/genomes/all/GCA/977/947/695/GCA_977947695.1_ERS22549464_ASM
116	GCA_977947185.1	ST354 Lineage Cohort	Escherichia coli	ST354 / Clonal Complex	F	NCBI Lineage Representative Assembly	ftp://ftp.ncbi.nlm.nih.gov/genomes/all/GCA/977/947/185/GCA_977947185.1_ERS22549456_ASM
117	GCA_977947195.1	ST354 Lineage Cohort	Escherichia coli	ST354 / Clonal Complex	F	NCBI Lineage Representative Assembly	ftp://ftp.ncbi.nlm.nih.gov/genomes/all/GCA/977/947/195/GCA_977947195.1_ERS22549457_ASM
118	GCA_977947815.1	ST354 Lineage Cohort	Escherichia coli	ST354 / Clonal Complex	F	NCBI Lineage Representative Assembly	ftp://ftp.ncbi.nlm.nih.gov/genomes/all/GCA/977/947/815/GCA_977947815.1_ERS22549462_ASM
119	GCA_977946505.1	ST354 Lineage Cohort	Escherichia coli	ST354 / Clonal Complex	F	NCBI Lineage Representative Assembly	ftp://ftp.ncbi.nlm.nih.gov/genomes/all/GCA/977/946/505/GCA_977946505.1_ERS22549465_ASM
120	GCA_977946755.1	ST354 Lineage Cohort	Escherichia coli	ST354 / Clonal Complex	F	NCBI Lineage Representative Assembly	ftp://ftp.ncbi.nlm.nih.gov/genomes/all/GCA/977/946/755/GCA_977946755.1_ERS22549471_ASM
121	GCA_977946915.1	ST354 Lineage Cohort	Escherichia coli	ST354 / Clonal Complex	F	NCBI Lineage Representative Assembly	ftp://ftp.ncbi.nlm.nih.gov/genomes/all/GCA/977/946/915/GCA_977946915.1_ERS22549453_ASM
122	GCA_977946705.1	ST354 Lineage Cohort	Escherichia coli	ST354 / Clonal Complex	F	NCBI Lineage Representative Assembly	ftp://ftp.ncbi.nlm.nih.gov/genomes/all/GCA/977/946/705/GCA_977946705.1_ERS22549446_ASM
123	GCA_977946695.1	ST354 Lineage Cohort	Escherichia coli	ST354 / Clonal Complex	F	NCBI Lineage Representative Assembly	ftp://ftp.ncbi.nlm.nih.gov/genomes/all/GCA/977/946/695/GCA_977946695.1_ERS22549474_ASM
124	GCA_977946475.1	ST354 Lineage Cohort	Escherichia coli	ST354 / Clonal Complex	F	NCBI Lineage Representative Assembly	ftp://ftp.ncbi.nlm.nih.gov/genomes/all/GCA/977/946/475/GCA_977946475.1_ERS22549454_ASM
125	GCA_977946655.1	ST354 Lineage Cohort	Escherichia coli	ST354 / Clonal Complex	F	NCBI Lineage Representative Assembly	ftp://ftp.ncbi.nlm.nih.gov/genomes/all/GCA/977/946/655/GCA_977946655.1_ERS22549444_ASM
126	GCA_977946895.1	ST354 Lineage Cohort	Escherichia coli	ST354 / Clonal Complex	F	NCBI Lineage Representative Assembly	ftp://ftp.ncbi.nlm.nih.gov/genomes/all/GCA/977/946/895/GCA_977946895.1_ERS22549451_ASM
127	GCA_977946425.1	ST354 Lineage Cohort	Escherichia coli	ST354 / Clonal Complex	F	NCBI Lineage Representative Assembly	ftp://ftp.ncbi.nlm.nih.gov/genomes/all/GCA/977/946/425/GCA_977946425.1_ERS22549431_ASM
128	GCA_977947765.1	ST354 Lineage Cohort	Escherichia coli	ST354 / Clonal Complex	F	NCBI Lineage Representative Assembly	ftp://ftp.ncbi.nlm.nih.gov/genomes/all/GCA/977/947/765/GCA_977947765.1_ERS22549470_ASM
129	GCA_977947135.1	ST354 Lineage Cohort	Escherichia coli	ST354 / Clonal Complex	F	NCBI Lineage Representative Assembly	ftp://ftp.ncbi.nlm.nih.gov/genomes/all/GCA/977/947/135/GCA_977947135.1_ERS22549452_ASM
130	GCA_977947575.1	ST354 Lineage Cohort	Escherichia coli	ST354 / Clonal Complex	F	NCBI Lineage Representative Assembly	ftp://ftp.ncbi.nlm.nih.gov/genomes/all/GCA/977/947/575/GCA_977947575.1_ERS22549410_ASM
131	GCA_977946495.1	ST354 Lineage Cohort	Escherichia coli	ST354 / Clonal Complex	F	NCBI Lineage Representative Assembly	ftp://ftp.ncbi.nlm.nih.gov/genomes/all/GCA/977/946/495/GCA_977946495.1_ERS22549458_ASM
132	GCA_977947595.1	ST354 Lineage Cohort	Escherichia coli	ST354 / Clonal Complex	F	NCBI Lineage Representative Assembly	ftp://ftp.ncbi.nlm.nih.gov/genomes/all/GCA/977/947/595/GCA_977947595.1_ERS22549412_ASM
133	GCA_977947085.1	ST354 Lineage Cohort	Escherichia coli	ST354 / Clonal Complex	F	NCBI Lineage Representative Assembly	ftp://ftp.ncbi.nlm.nih.gov/genomes/all/GCA/977/947/085/GCA_977947085.1_ERS22549407_ASM
134	GCA_977947715.1	ST354 Lineage Cohort	Escherichia coli	ST354 / Clonal Complex	F	NCBI Lineage Representative Assembly	ftp://ftp.ncbi.nlm.nih.gov/genomes/all/GCA/977/947/715/GCA_977947715.1_ERS22549408_ASM
135	GCA_977947965.1	ST354 Lineage Cohort	Escherichia coli	ST354 / Clonal Complex	F	NCBI Lineage Representative Assembly	ftp://ftp.ncbi.nlm.nih.gov/genomes/all/GCA/977/947/965/GCA_977947965.1_ERS22549420_ASM
136	GCA_977947665.1	ST354 Lineage Cohort	Escherichia coli	ST354 / Clonal Complex	F	NCBI Lineage Representative Assembly	ftp://ftp.ncbi.nlm.nih.gov/genomes/all/GCA/977/947/665/GCA_977947665.1_ERS22549417_ASM
137	GCA_977946775.1	ST354 Lineage Cohort	Escherichia coli	ST354 / Clonal Complex	F	NCBI Lineage Representative Assembly	ftp://ftp.ncbi.nlm.nih.gov/genomes/all/GCA/977/946/775/GCA_977946775.1_ERS22549445_ASM
138	GCA_977947875.1	ST354 Lineage Cohort	Escherichia coli	ST354 / Clonal Complex	F	NCBI Lineage Representative Assembly	ftp://ftp.ncbi.nlm.nih.gov/genomes/all/GCA/977/947/875/GCA_977947875.1_ERS22549418_ASM
139	GCA_977947275.1	ST354 Lineage Cohort	Escherichia coli	ST354 / Clonal Complex	F	NCBI Lineage Representative Assembly	ftp://ftp.ncbi.nlm.nih.gov/genomes/all/GCA/977/947/275/GCA_977947275.1_ERS22549449_ASM
140	GCF_055556605.1	ST354 Lineage Cohort	Escherichia coli	ST354 / Clonal Complex	F	NCBI Lineage Representative Assembly	ftp://ftp.ncbi.nlm.nih.gov/genomes/all/GCF/055/556/605/GCF_055556605.1_ASM5555660v1
141	GCF_055556595.1	ST354 Lineage Cohort	Escherichia coli	ST354 / Clonal Complex	F	NCBI Lineage Representative Assembly	ftp://ftp.ncbi.nlm.nih.gov/genomes/all/GCF/055/556/595/GCF_055556595.1_ASM5555659v1
142	GCF_055556585.1	ST354 Lineage Cohort	Escherichia coli	ST354 / Clonal Complex	F	NCBI Lineage Representative Assembly	ftp://ftp.ncbi.nlm.nih.gov/genomes/all/GCF/055/556/585/GCF_055556585.1_ASM5555658v1
143	GCF_055556575.1	ST354 Lineage Cohort	Escherichia coli	ST354 / Clonal Complex	F	NCBI Lineage Representative Assembly	ftp://ftp.ncbi.nlm.nih.gov/genomes/all/GCF/055/556/575/GCF_055556575.1_ASM5555657v1
144	GCF_055556565.1	ST354 Lineage Cohort	Escherichia coli	ST354 / Clonal Complex	F	NCBI Lineage Representative Assembly	ftp://ftp.ncbi.nlm.nih.gov/genomes/all/GCF/055/556/565/GCF_055556565.1_ASM5555656v1
145	GCF_055556555.1	ST354 Lineage Cohort	Escherichia coli	ST354 / Clonal Complex	F	NCBI Lineage Representative Assembly	ftp://ftp.ncbi.nlm.nih.gov/genomes/all/GCF/055/556/555/GCF_055556555.1_ASM5555655v1
146	GCF_055556545.1	ST354 Lineage Cohort	Escherichia coli	ST354 / Clonal Complex	F	NCBI Lineage Representative Assembly	ftp://ftp.ncbi.nlm.nih.gov/genomes/all/GCF/055/556/545/GCF_055556545.1_ASM5555654v1
147	GCF_055556535.1	ST354 Lineage Cohort	Escherichia coli	ST354 / Clonal Complex	F	NCBI Lineage Representative Assembly	ftp://ftp.ncbi.nlm.nih.gov/genomes/all/GCF/055/556/535/GCF_055556535.1_ASM5555653v1
148	GCF_055556525.1	ST354 Lineage Cohort	Escherichia coli	ST354 / Clonal Complex	F	NCBI Lineage Representative Assembly	ftp://ftp.ncbi.nlm.nih.gov/genomes/all/GCF/055/556/525/GCF_055556525.1_ASM5555652v1
149	GCF_055556515.1	ST354 Lineage Cohort	Escherichia coli	ST354 / Clonal Complex	F	NCBI Lineage Representative Assembly	ftp://ftp.ncbi.nlm.nih.gov/genomes/all/GCF/055/556/515/GCF_055556515.1_ASM5555651v1
150	GCF_055556505.1	ST354 Lineage Cohort	Escherichia coli	ST354 / Clonal Complex	F	NCBI Lineage Representative Assembly	ftp://ftp.ncbi.nlm.nih.gov/genomes/all/GCF/055/556/505/GCF_055556505.1_ASM5555650v1
151	GCF_055556495.1	ST354 Lineage Cohort	Escherichia coli	ST354 / Clonal Complex	F	NCBI Lineage Representative Assembly	ftp://ftp.ncbi.nlm.nih.gov/genomes/all/GCF/055/556/495/GCF_055556495.1_ASM5555649v1
152	GCF_055556485.1	ST354 Lineage Cohort	Escherichia coli	ST354 / Clonal Complex	F	NCBI Lineage Representative Assembly	ftp://ftp.ncbi.nlm.nih.gov/genomes/all/GCF/055/556/485/GCF_055556485.1_ASM5555648v1
153	GCF_055556475.1	ST354 Lineage Cohort	Escherichia coli	ST354 / Clonal Complex	F	NCBI Lineage Representative Assembly	ftp://ftp.ncbi.nlm.nih.gov/genomes/all/GCF/055/556/475/GCF_055556475.1_ASM5555647v1
154	GCF_055556465.1	ST354 Lineage Cohort	Escherichia coli	ST354 / Clonal Complex	F	NCBI Lineage Representative Assembly	ftp://ftp.ncbi.nlm.nih.gov/genomes/all/GCF/055/556/465/GCF_055556465.1_ASM5555646v1
155	GCF_055556455.1	ST354 Lineage Cohort	Escherichia coli	ST354 / Clonal Complex	F	NCBI Lineage Representative Assembly	ftp://ftp.ncbi.nlm.nih.gov/genomes/all/GCF/055/556/455/GCF_055556455.1_ASM5555645v1
156	GCF_055556445.1	ST354 Lineage Cohort	Escherichia coli	ST354 / Clonal Complex	F	NCBI Lineage Representative Assembly	ftp://ftp.ncbi.nlm.nih.gov/genomes/all/GCF/055/556/445/GCF_055556445.1_ASM5555644v1
157	GCF_055556435.1	ST354 Lineage Cohort	Escherichia coli	ST354 / Clonal Complex	F	NCBI Lineage Representative Assembly	ftp://ftp.ncbi.nlm.nih.gov/genomes/all/GCF/055/556/435/GCF_055556435.1_ASM5555643v1
158	GCF_055542835.1	ST354 Lineage Cohort	Escherichia coli	ST354 / Clonal Complex	F	NCBI Lineage Representative Assembly	ftp://ftp.ncbi.nlm.nih.gov/genomes/all/GCF/055/542/835/GCF_055542835.1_ASM5554283v1
159	GCF_055542725.1	ST354 Lineage Cohort	Escherichia coli	ST354 / Clonal Complex	F	NCBI Lineage Representative Assembly	ftp://ftp.ncbi.nlm.nih.gov/genomes/all/GCF/055/542/725/GCF_055542725.1_ASM5554272v1
160	GCF_965282715.1	ST354 Lineage Cohort	Escherichia coli	ST354 / Clonal Complex	F	NCBI Lineage Representative Assembly	ftp://ftp.ncbi.nlm.nih.gov/genomes/all/GCF/965/282/715/GCF_965282715.1_ECA64_version2
161	GCF_965282895.1	ST354 Lineage Cohort	Escherichia coli	ST354 / Clonal Complex	F	NCBI Lineage Representative Assembly	ftp://ftp.ncbi.nlm.nih.gov/genomes/all/GCF/965/282/895/GCF_965282895.1_KK19-02_version2
162	GCF_965282905.1	ST354 Lineage Cohort	Escherichia coli	ST354 / Clonal Complex	F	NCBI Lineage Representative Assembly	ftp://ftp.ncbi.nlm.nih.gov/genomes/all/GCF/965/282/905/GCF_965282905.1_KK05-19_version2
163	GCF_965282735.1	ST354 Lineage Cohort	Escherichia coli	ST354 / Clonal Complex	F	NCBI Lineage Representative Assembly	ftp://ftp.ncbi.nlm.nih.gov/genomes/all/GCF/965/282/735/GCF_965282735.1_DG351-2_version2
164	GCF_965282725.1	ST354 Lineage Cohort	Escherichia coli	ST354 / Clonal Complex	F	NCBI Lineage Representative Assembly	ftp://ftp.ncbi.nlm.nih.gov/genomes/all/GCF/965/282/725/GCF_965282725.1_DG343-1_version2
165	GCF_965282755.1	ST354 Lineage Cohort	Escherichia coli	ST354 / Clonal Complex	F	NCBI Lineage Representative Assembly	ftp://ftp.ncbi.nlm.nih.gov/genomes/all/GCF/965/282/755/GCF_965282755.1_DG342-2_version2
166	GCF_965282745.1	ST354 Lineage Cohort	Escherichia coli	ST354 / Clonal Complex	F	NCBI Lineage Representative Assembly	ftp://ftp.ncbi.nlm.nih.gov/genomes/all/GCF/965/282/745/GCF_965282745.1_DG341-1_version2
167	GCF_965282765.1	ST354 Lineage Cohort	Escherichia coli	ST354 / Clonal Complex	F	NCBI Lineage Representative Assembly	ftp://ftp.ncbi.nlm.nih.gov/genomes/all/GCF/965/282/765/GCF_965282765.1_CB8671_version2
168	GCF_965282805.1	ST354 Lineage Cohort	Escherichia coli	ST354 / Clonal Complex	F	NCBI Lineage Representative Assembly	ftp://ftp.ncbi.nlm.nih.gov/genomes/all/GCF/965/282/805/GCF_965282805.1_CB7453_version2
169	GCF_965282775.1	ST354 Lineage Cohort	Escherichia coli	ST354 / Clonal Complex	F	NCBI Lineage Representative Assembly	ftp://ftp.ncbi.nlm.nih.gov/genomes/all/GCF/965/282/775/GCF_965282775.1_CB7286_version2
170	GCF_965282995.1	ST354 Lineage Cohort	Escherichia coli	ST354 / Clonal Complex	F	NCBI Lineage Representative Assembly	ftp://ftp.ncbi.nlm.nih.gov/genomes/all/GCF/965/282/995/GCF_965282995.1_CB6886_version2
171	GCF_965282935.1	ST354 Lineage Cohort	Escherichia coli	ST354 / Clonal Complex	F	NCBI Lineage Representative Assembly	ftp://ftp.ncbi.nlm.nih.gov/genomes/all/GCF/965/282/935/GCF_965282935.1_CB6837_version2
172	GCF_965283005.1	ST354 Lineage Cohort	Escherichia coli	ST354 / Clonal Complex	F	NCBI Lineage Representative Assembly	ftp://ftp.ncbi.nlm.nih.gov/genomes/all/GCF/965/283/005/GCF_965283005.1_CB209_version2
173	GCF_965282885.1	ST354 Lineage Cohort	Escherichia coli	ST354 / Clonal Complex	F	NCBI Lineage Representative Assembly	ftp://ftp.ncbi.nlm.nih.gov/genomes/all/GCF/965/282/885/GCF_965282885.1_LP26-E1-261_version2
174	GCF_965282825.1	ST354 Lineage Cohort	Escherichia coli	ST354 / Clonal Complex	F	NCBI Lineage Representative Assembly	ftp://ftp.ncbi.nlm.nih.gov/genomes/all/GCF/965/282/825/GCF_965282825.1_K12a
175	GCF_055504875.1	ST354 Lineage Cohort	Escherichia coli	ST354 / Clonal Complex	F	NCBI Lineage Representative Assembly	ftp://ftp.ncbi.nlm.nih.gov/genomes/all/GCF/055/504/875/GCF_055504875.1_ASM5550487v1
176	GCF_055504825.1	ST354 Lineage Cohort	Escherichia coli	ST354 / Clonal Complex	F	NCBI Lineage Representative Assembly	ftp://ftp.ncbi.nlm.nih.gov/genomes/all/GCF/055/504/825/GCF_055504825.1_ASM5550482v1
177	GCF_055398305.1	ST354 Lineage Cohort	Escherichia coli	ST354 / Clonal Complex	F	NCBI Lineage Representative Assembly	ftp://ftp.ncbi.nlm.nih.gov/genomes/all/GCF/055/398/305/GCF_055398305.1_ASM5539830v1
178	GCF_055398225.1	ST354 Lineage Cohort	Escherichia coli	ST354 / Clonal Complex	F	NCBI Lineage Representative Assembly	ftp://ftp.ncbi.nlm.nih.gov/genomes/all/GCF/055/398/225/GCF_055398225.1_ASM5539822v1
179	GCF_055398185.1	ST354 Lineage Cohort	Escherichia coli	ST354 / Clonal Complex	F	NCBI Lineage Representative Assembly	ftp://ftp.ncbi.nlm.nih.gov/genomes/all/GCF/055/398/185/GCF_055398185.1_ASM5539818v1
180	GCF_055398125.1	ST354 Lineage Cohort	Escherichia coli	ST354 / Clonal Complex	F	NCBI Lineage Representative Assembly	ftp://ftp.ncbi.nlm.nih.gov/genomes/all/GCF/055/398/125/GCF_055398125.1_ASM5539812v1
181	GCF_055398045.1	ST354 Lineage Cohort	Escherichia coli	ST354 / Clonal Complex	F	NCBI Lineage Representative Assembly	ftp://ftp.ncbi.nlm.nih.gov/genomes/all/GCF/055/398/045/GCF_055398045.1_ASM5539804v1
182	GCF_055398005.1	ST354 Lineage Cohort	Escherichia coli	ST354 / Clonal Complex	F	NCBI Lineage Representative Assembly	ftp://ftp.ncbi.nlm.nih.gov/genomes/all/GCF/055/398/005/GCF_055398005.1_ASM5539800v1
183	GCF_055397875.1	ST354 Lineage Cohort	Escherichia coli	ST354 / Clonal Complex	F	NCBI Lineage Representative Assembly	ftp://ftp.ncbi.nlm.nih.gov/genomes/all/GCF/055/397/875/GCF_055397875.1_ASM5539787v1
184	GCF_055397645.1	ST354 Lineage Cohort	Escherichia coli	ST354 / Clonal Complex	F	NCBI Lineage Representative Assembly	ftp://ftp.ncbi.nlm.nih.gov/genomes/all/GCF/055/397/645/GCF_055397645.1_ASM5539764v1
185	GCF_055397575.1	ST354 Lineage Cohort	Escherichia coli	ST354 / Clonal Complex	F	NCBI Lineage Representative Assembly	ftp://ftp.ncbi.nlm.nih.gov/genomes/all/GCF/055/397/575/GCF_055397575.1_ASM5539757v1
186	GCF_055397265.1	ST354 Lineage Cohort	Escherichia coli	ST354 / Clonal Complex	F	NCBI Lineage Representative Assembly	ftp://ftp.ncbi.nlm.nih.gov/genomes/all/GCF/055/397/265/GCF_055397265.1_ASM5539726v1
187	GCF_055397005.1	ST354 Lineage Cohort	Escherichia coli	ST354 / Clonal Complex	F	NCBI Lineage Representative Assembly	ftp://ftp.ncbi.nlm.nih.gov/genomes/all/GCF/055/397/005/GCF_055397005.1_ASM5539700v1
188	GCF_055396745.1	ST354 Lineage Cohort	Escherichia coli	ST354 / Clonal Complex	F	NCBI Lineage Representative Assembly	ftp://ftp.ncbi.nlm.nih.gov/genomes/all/GCF/055/396/745/GCF_055396745.1_ASM5539674v1
189	GCA_055396735.1	ST354 Lineage Cohort	Escherichia coli	ST354 / Clonal Complex	F	NCBI Lineage Representative Assembly	ftp://ftp.ncbi.nlm.nih.gov/genomes/all/GCA/055/396/735/GCA_055396735.1_ASM5539673v1
190	GCF_055396635.1	ST354 Lineage Cohort	Escherichia coli	ST354 / Clonal Complex	F	NCBI Lineage Representative Assembly	ftp://ftp.ncbi.nlm.nih.gov/genomes/all/GCF/055/396/635/GCF_055396635.1_ASM5539663v1
191	GCF_055396125.1	ST354 Lineage Cohort	Escherichia coli	ST354 / Clonal Complex	F	NCBI Lineage Representative Assembly	ftp://ftp.ncbi.nlm.nih.gov/genomes/all/GCF/055/396/125/GCF_055396125.1_ASM5539612v1
192	GCF_055396075.1	ST354 Lineage Cohort	Escherichia coli	ST354 / Clonal Complex	F	NCBI Lineage Representative Assembly	ftp://ftp.ncbi.nlm.nih.gov/genomes/all/GCF/055/396/075/GCF_055396075.1_ASM5539607v1
193	GCF_055395815.1	ST354 Lineage Cohort	Escherichia coli	ST354 / Clonal Complex	F	NCBI Lineage Representative Assembly	ftp://ftp.ncbi.nlm.nih.gov/genomes/all/GCF/055/395/815/GCF_055395815.1_ASM5539581v1
194	GCF_055395685.1	ST354 Lineage Cohort	Escherichia coli	ST354 / Clonal Complex	F	NCBI Lineage Representative Assembly	ftp://ftp.ncbi.nlm.nih.gov/genomes/all/GCF/055/395/685/GCF_055395685.1_ASM5539568v1
195	GCF_055395575.1	ST354 Lineage Cohort	Escherichia coli	ST354 / Clonal Complex	F	NCBI Lineage Representative Assembly	ftp://ftp.ncbi.nlm.nih.gov/genomes/all/GCF/055/395/575/GCF_055395575.1_ASM5539557v1
196	GCF_055395405.1	ST354 Lineage Cohort	Escherichia coli	ST354 / Clonal Complex	F	NCBI Lineage Representative Assembly	ftp://ftp.ncbi.nlm.nih.gov/genomes/all/GCF/055/395/405/GCF_055395405.1_ASM5539540v1
197	GCF_055395175.1	ST354 Lineage Cohort	Escherichia coli	ST354 / Clonal Complex	F	NCBI Lineage Representative Assembly	ftp://ftp.ncbi.nlm.nih.gov/genomes/all/GCF/055/395/175/GCF_055395175.1_ASM5539517v1
198	GCF_055394955.1	ST354 Lineage Cohort	Escherichia coli	ST354 / Clonal Complex	F	NCBI Lineage Representative Assembly	ftp://ftp.ncbi.nlm.nih.gov/genomes/all/GCF/055/394/955/GCF_055394955.1_ASM5539495v1
199	GCF_055394805.1	ST354 Lineage Cohort	Escherichia coli	ST354 / Clonal Complex	F	NCBI Lineage Representative Assembly	ftp://ftp.ncbi.nlm.nih.gov/genomes/all/GCF/055/394/805/GCF_055394805.1_ASM5539480v1
200	GCF_055394425.1	ST354 Lineage Cohort	Escherichia coli	ST354 / Clonal Complex	F	NCBI Lineage Representative Assembly	ftp://ftp.ncbi.nlm.nih.gov/genomes/all/GCF/055/394/425/GCF_055394425.1_ASM5539442v1
201	GCF_055394315.1	ST354 Lineage Cohort	Escherichia coli	ST354 / Clonal Complex	F	NCBI Lineage Representative Assembly	ftp://ftp.ncbi.nlm.nih.gov/genomes/all/GCF/055/394/315/GCF_055394315.1_ASM5539431v1
202	GCF_055393995.1	ST354 Lineage Cohort	Escherichia coli	ST354 / Clonal Complex	F	NCBI Lineage Representative Assembly	ftp://ftp.ncbi.nlm.nih.gov/genomes/all/GCF/055/393/995/GCF_055393995.1_ASM5539399v1
203	GCF_055393585.1	ST354 Lineage Cohort	Escherichia coli	ST354 / Clonal Complex	F	NCBI Lineage Representative Assembly	ftp://ftp.ncbi.nlm.nih.gov/genomes/all/GCF/055/393/585/GCF_055393585.1_ASM5539358v1
204	GCF_055393375.1	ST354 Lineage Cohort	Escherichia coli	ST354 / Clonal Complex	F	NCBI Lineage Representative Assembly	ftp://ftp.ncbi.nlm.nih.gov/genomes/all/GCF/055/393/375/GCF_055393375.1_ASM5539337v1
205	GCF_055393365.1	ST354 Lineage Cohort	Escherichia coli	ST354 / Clonal Complex	F	NCBI Lineage Representative Assembly	ftp://ftp.ncbi.nlm.nih.gov/genomes/all/GCF/055/393/365/GCF_055393365.1_ASM5539336v1
206	GCF_055392785.1	ST354 Lineage Cohort	Escherichia coli	ST354 / Clonal Complex	F	NCBI Lineage Representative Assembly	ftp://ftp.ncbi.nlm.nih.gov/genomes/all/GCF/055/392/785/GCF_055392785.1_ASM5539278v1
207	GCA_055392755.1	ST354 Lineage Cohort	Escherichia coli	ST354 / Clonal Complex	F	NCBI Lineage Representative Assembly	ftp://ftp.ncbi.nlm.nih.gov/genomes/all/GCA/055/392/755/GCA_055392755.1_ASM5539275v1
208	GCF_055392625.1	ST354 Lineage Cohort	Escherichia coli	ST354 / Clonal Complex	F	NCBI Lineage Representative Assembly	ftp://ftp.ncbi.nlm.nih.gov/genomes/all/GCF/055/392/625/GCF_055392625.1_ASM5539262v1
209	GCF_055392595.1	ST354 Lineage Cohort	Escherichia coli	ST354 / Clonal Complex	F	NCBI Lineage Representative Assembly	ftp://ftp.ncbi.nlm.nih.gov/genomes/all/GCF/055/392/595/GCF_055392595.1_ASM5539259v1
210	GCF_055392005.1	ST354 Lineage Cohort	Escherichia coli	ST354 / Clonal Complex	F	NCBI Lineage Representative Assembly	ftp://ftp.ncbi.nlm.nih.gov/genomes/all/GCF/055/392/005/GCF_055392005.1_ASM5539200v1
211	GCF_055391975.1	ST354 Lineage Cohort	Escherichia coli	ST354 / Clonal Complex	F	NCBI Lineage Representative Assembly	ftp://ftp.ncbi.nlm.nih.gov/genomes/all/GCF/055/391/975/GCF_055391975.1_ASM5539197v1
212	GCF_055391605.1	ST354 Lineage Cohort	Escherichia coli	ST354 / Clonal Complex	F	NCBI Lineage Representative Assembly	ftp://ftp.ncbi.nlm.nih.gov/genomes/all/GCF/055/391/605/GCF_055391605.1_ASM5539160v1
213	GCF_055391595.1	ST354 Lineage Cohort	Escherichia coli	ST354 / Clonal Complex	F	NCBI Lineage Representative Assembly	ftp://ftp.ncbi.nlm.nih.gov/genomes/all/GCF/055/391/595/GCF_055391595.1_ASM5539159v1
214	GCF_055391225.1	ST354 Lineage Cohort	Escherichia coli	ST354 / Clonal Complex	F	NCBI Lineage Representative Assembly	ftp://ftp.ncbi.nlm.nih.gov/genomes/all/GCF/055/391/225/GCF_055391225.1_ASM5539122v1
215	GCF_055391195.1	ST354 Lineage Cohort	Escherichia coli	ST354 / Clonal Complex	F	NCBI Lineage Representative Assembly	ftp://ftp.ncbi.nlm.nih.gov/genomes/all/GCF/055/391/195/GCF_055391195.1_ASM5539119v1
216	GCF_055390865.1	ST354 Lineage Cohort	Escherichia coli	ST354 / Clonal Complex	F	NCBI Lineage Representative Assembly	ftp://ftp.ncbi.nlm.nih.gov/genomes/all/GCF/055/390/865/GCF_055390865.1_ASM5539086v1
217	GCF_055390465.1	ST354 Lineage Cohort	Escherichia coli	ST354 / Clonal Complex	F	NCBI Lineage Representative Assembly	ftp://ftp.ncbi.nlm.nih.gov/genomes/all/GCF/055/390/465/GCF_055390465.1_ASM5539046v1
218	GCF_055390455.1	ST354 Lineage Cohort	Escherichia coli	ST354 / Clonal Complex	F	NCBI Lineage Representative Assembly	ftp://ftp.ncbi.nlm.nih.gov/genomes/all/GCF/055/390/455/GCF_055390455.1_ASM5539045v1
219	GCF_055390215.1	ST354 Lineage Cohort	Escherichia coli	ST354 / Clonal Complex	F	NCBI Lineage Representative Assembly	ftp://ftp.ncbi.nlm.nih.gov/genomes/all/GCF/055/390/215/GCF_055390215.1_ASM5539021v1
220	GCF_055390125.1	ST354 Lineage Cohort	Escherichia coli	ST354 / Clonal Complex	F	NCBI Lineage Representative Assembly	ftp://ftp.ncbi.nlm.nih.gov/genomes/all/GCF/055/390/125/GCF_055390125.1_ASM5539012v1
221	GCF_055390095.1	ST354 Lineage Cohort	Escherichia coli	ST354 / Clonal Complex	F	NCBI Lineage Representative Assembly	ftp://ftp.ncbi.nlm.nih.gov/genomes/all/GCF/055/390/095/GCF_055390095.1_ASM5539009v1
222	GCF_055389895.1	ST354 Lineage Cohort	Escherichia coli	ST354 / Clonal Complex	F	NCBI Lineage Representative Assembly	ftp://ftp.ncbi.nlm.nih.gov/genomes/all/GCF/055/389/895/GCF_055389895.1_ASM5538989v1
223	GCF_055389835.1	ST354 Lineage Cohort	Escherichia coli	ST354 / Clonal Complex	F	NCBI Lineage Representative Assembly	ftp://ftp.ncbi.nlm.nih.gov/genomes/all/GCF/055/389/835/GCF_055389835.1_ASM5538983v1
224	GCF_055389705.1	ST354 Lineage Cohort	Escherichia coli	ST354 / Clonal Complex	F	NCBI Lineage Representative Assembly	ftp://ftp.ncbi.nlm.nih.gov/genomes/all/GCF/055/389/705/GCF_055389705.1_ASM5538970v1
225	GCF_055389625.1	ST354 Lineage Cohort	Escherichia coli	ST354 / Clonal Complex	F	NCBI Lineage Representative Assembly	ftp://ftp.ncbi.nlm.nih.gov/genomes/all/GCF/055/389/625/GCF_055389625.1_ASM5538962v1
226	GCF_055389575.1	ST354 Lineage Cohort	Escherichia coli	ST354 / Clonal Complex	F	NCBI Lineage Representative Assembly	ftp://ftp.ncbi.nlm.nih.gov/genomes/all/GCF/055/389/575/GCF_055389575.1_ASM5538957v1
227	GCF_055389445.1	ST354 Lineage Cohort	Escherichia coli	ST354 / Clonal Complex	F	NCBI Lineage Representative Assembly	ftp://ftp.ncbi.nlm.nih.gov/genomes/all/GCF/055/389/445/GCF_055389445.1_ASM5538944v1
228	GCF_055389315.1	ST354 Lineage Cohort	Escherichia coli	ST354 / Clonal Complex	F	NCBI Lineage Representative Assembly	ftp://ftp.ncbi.nlm.nih.gov/genomes/all/GCF/055/389/315/GCF_055389315.1_ASM5538931v1
229	GCF_055389265.1	ST354 Lineage Cohort	Escherichia coli	ST354 / Clonal Complex	F	NCBI Lineage Representative Assembly	ftp://ftp.ncbi.nlm.nih.gov/genomes/all/GCF/055/389/265/GCF_055389265.1_ASM5538926v1
230	GCF_055389235.1	ST354 Lineage Cohort	Escherichia coli	ST354 / Clonal Complex	F	NCBI Lineage Representative Assembly	ftp://ftp.ncbi.nlm.nih.gov/genomes/all/GCF/055/389/235/GCF_055389235.1_ASM5538923v1
231	GCF_055389165.1	ST354 Lineage Cohort	Escherichia coli	ST354 / Clonal Complex	F	NCBI Lineage Representative Assembly	ftp://ftp.ncbi.nlm.nih.gov/genomes/all/GCF/055/389/165/GCF_055389165.1_ASM5538916v1
232	GCF_055389055.1	ST354 Lineage Cohort	Escherichia coli	ST354 / Clonal Complex	F	NCBI Lineage Representative Assembly	ftp://ftp.ncbi.nlm.nih.gov/genomes/all/GCF/055/389/055/GCF_055389055.1_ASM5538905v1
233	GCF_055388945.1	ST354 Lineage Cohort	Escherichia coli	ST354 / Clonal Complex	F	NCBI Lineage Representative Assembly	ftp://ftp.ncbi.nlm.nih.gov/genomes/all/GCF/055/388/945/GCF_055388945.1_ASM5538894v1
234	GCF_055388915.1	ST354 Lineage Cohort	Escherichia coli	ST354 / Clonal Complex	F	NCBI Lineage Representative Assembly	ftp://ftp.ncbi.nlm.nih.gov/genomes/all/GCF/055/388/915/GCF_055388915.1_ASM5538891v1
235	GCF_055388845.1	ST354 Lineage Cohort	Escherichia coli	ST354 / Clonal Complex	F	NCBI Lineage Representative Assembly	ftp://ftp.ncbi.nlm.nih.gov/genomes/all/GCF/055/388/845/GCF_055388845.1_ASM5538884v1
236	GCF_055388565.1	ST354 Lineage Cohort	Escherichia coli	ST354 / Clonal Complex	F	NCBI Lineage Representative Assembly	ftp://ftp.ncbi.nlm.nih.gov/genomes/all/GCF/055/388/565/GCF_055388565.1_ASM5538856v1
237	GCF_055388375.1	ST354 Lineage Cohort	Escherichia coli	ST354 / Clonal Complex	F	NCBI Lineage Representative Assembly	ftp://ftp.ncbi.nlm.nih.gov/genomes/all/GCF/055/388/375/GCF_055388375.1_ASM5538837v1
238	GCF_055387985.1	ST354 Lineage Cohort	Escherichia coli	ST354 / Clonal Complex	F	NCBI Lineage Representative Assembly	ftp://ftp.ncbi.nlm.nih.gov/genomes/all/GCF/055/387/985/GCF_055387985.1_ASM5538798v1
239	GCF_055387785.1	ST354 Lineage Cohort	Escherichia coli	ST354 / Clonal Complex	F	NCBI Lineage Representative Assembly	ftp://ftp.ncbi.nlm.nih.gov/genomes/all/GCF/055/387/785/GCF_055387785.1_ASM5538778v1
240	GCF_055387425.1	ST354 Lineage Cohort	Escherichia coli	ST354 / Clonal Complex	F	NCBI Lineage Representative Assembly	ftp://ftp.ncbi.nlm.nih.gov/genomes/all/GCF/055/387/425/GCF_055387425.1_ASM5538742v1
241	GCF_055386975.1	ST354 Lineage Cohort	Escherichia coli	ST354 / Clonal Complex	F	NCBI Lineage Representative Assembly	ftp://ftp.ncbi.nlm.nih.gov/genomes/all/GCF/055/386/975/GCF_055386975.1_ASM5538697v1
242	GCF_055386715.1	ST354 Lineage Cohort	Escherichia coli	ST354 / Clonal Complex	F	NCBI Lineage Representative Assembly	ftp://ftp.ncbi.nlm.nih.gov/genomes/all/GCF/055/386/715/GCF_055386715.1_ASM5538671v1
243	GCF_055386455.1	ST354 Lineage Cohort	Escherichia coli	ST354 / Clonal Complex	F	NCBI Lineage Representative Assembly	ftp://ftp.ncbi.nlm.nih.gov/genomes/all/GCF/055/386/455/GCF_055386455.1_ASM5538645v1
244	GCF_055385795.1	ST354 Lineage Cohort	Escherichia coli	ST354 / Clonal Complex	F	NCBI Lineage Representative Assembly	ftp://ftp.ncbi.nlm.nih.gov/genomes/all/GCF/055/385/795/GCF_055385795.1_ASM5538579v1
245	GCF_055385445.1	ST354 Lineage Cohort	Escherichia coli	ST354 / Clonal Complex	F	NCBI Lineage Representative Assembly	ftp://ftp.ncbi.nlm.nih.gov/genomes/all/GCF/055/385/445/GCF_055385445.1_ASM5538544v1
246	GCF_055385155.1	ST354 Lineage Cohort	Escherichia coli	ST354 / Clonal Complex	F	NCBI Lineage Representative Assembly	ftp://ftp.ncbi.nlm.nih.gov/genomes/all/GCF/055/385/155/GCF_055385155.1_ASM5538515v1
247	GCF_055384925.1	ST354 Lineage Cohort	Escherichia coli	ST354 / Clonal Complex	F	NCBI Lineage Representative Assembly	ftp://ftp.ncbi.nlm.nih.gov/genomes/all/GCF/055/384/925/GCF_055384925.1_ASM5538492v1
248	GCF_055384695.1	ST354 Lineage Cohort	Escherichia coli	ST354 / Clonal Complex	F	NCBI Lineage Representative Assembly	ftp://ftp.ncbi.nlm.nih.gov/genomes/all/GCF/055/384/695/GCF_055384695.1_ASM5538469v1
249	GCF_055384265.1	ST354 Lineage Cohort	Escherichia coli	ST354 / Clonal Complex	F	NCBI Lineage Representative Assembly	ftp://ftp.ncbi.nlm.nih.gov/genomes/all/GCF/055/384/265/GCF_055384265.1_ASM5538426v1
250	GCF_055383885.1	ST354 Lineage Cohort	Escherichia coli	ST354 / Clonal Complex	F	NCBI Lineage Representative Assembly	ftp://ftp.ncbi.nlm.nih.gov/genomes/all/GCF/055/383/885/GCF_055383885.1_ASM5538388v1
251	GCF_055383715.1	ST354 Lineage Cohort	Escherichia coli	ST354 / Clonal Complex	F	NCBI Lineage Representative Assembly	ftp://ftp.ncbi.nlm.nih.gov/genomes/all/GCF/055/383/715/GCF_055383715.1_ASM5538371v1
252	GCF_055383355.1	ST354 Lineage Cohort	Escherichia coli	ST354 / Clonal Complex	F	NCBI Lineage Representative Assembly	ftp://ftp.ncbi.nlm.nih.gov/genomes/all/GCF/055/383/355/GCF_055383355.1_ASM5538335v1
253	GCF_055382975.1	ST354 Lineage Cohort	Escherichia coli	ST354 / Clonal Complex	F	NCBI Lineage Representative Assembly	ftp://ftp.ncbi.nlm.nih.gov/genomes/all/GCF/055/382/975/GCF_055382975.1_ASM5538297v1
254	GCF_055382605.1	ST354 Lineage Cohort	Escherichia coli	ST354 / Clonal Complex	F	NCBI Lineage Representative Assembly	ftp://ftp.ncbi.nlm.nih.gov/genomes/all/GCF/055/382/605/GCF_055382605.1_ASM5538260v1
255	GCA_055382495.1	ST354 Lineage Cohort	Escherichia coli	ST354 / Clonal Complex	F	NCBI Lineage Representative Assembly	ftp://ftp.ncbi.nlm.nih.gov/genomes/all/GCA/055/382/495/GCA_055382495.1_ASM5538249v1
256	GCF_055382035.1	ST354 Lineage Cohort	Escherichia coli	ST354 / Clonal Complex	F	NCBI Lineage Representative Assembly	ftp://ftp.ncbi.nlm.nih.gov/genomes/all/GCF/055/382/035/GCF_055382035.1_ASM5538203v1
257	GCF_055381655.1	ST354 Lineage Cohort	Escherichia coli	ST354 / Clonal Complex	F	NCBI Lineage Representative Assembly	ftp://ftp.ncbi.nlm.nih.gov/genomes/all/GCF/055/381/655/GCF_055381655.1_ASM5538165v1
258	GCF_055381535.1	ST354 Lineage Cohort	Escherichia coli	ST354 / Clonal Complex	F	NCBI Lineage Representative Assembly	ftp://ftp.ncbi.nlm.nih.gov/genomes/all/GCF/055/381/535/GCF_055381535.1_ASM5538153v1
259	GCF_055381465.1	ST354 Lineage Cohort	Escherichia coli	ST354 / Clonal Complex	F	NCBI Lineage Representative Assembly	ftp://ftp.ncbi.nlm.nih.gov/genomes/all/GCF/055/381/465/GCF_055381465.1_ASM5538146v1
260	GCF_055381235.1	ST354 Lineage Cohort	Escherichia coli	ST354 / Clonal Complex	F	NCBI Lineage Representative Assembly	ftp://ftp.ncbi.nlm.nih.gov/genomes/all/GCF/055/381/235/GCF_055381235.1_ASM5538123v1
261	GCF_055381155.1	ST354 Lineage Cohort	Escherichia coli	ST354 / Clonal Complex	F	NCBI Lineage Representative Assembly	ftp://ftp.ncbi.nlm.nih.gov/genomes/all/GCF/055/381/155/GCF_055381155.1_ASM5538115v1
262	GCF_055380845.1	ST354 Lineage Cohort	Escherichia coli	ST354 / Clonal Complex	F	NCBI Lineage Representative Assembly	ftp://ftp.ncbi.nlm.nih.gov/genomes/all/GCF/055/380/845/GCF_055380845.1_ASM5538084v1
263	GCF_055380745.1	ST354 Lineage Cohort	Escherichia coli	ST354 / Clonal Complex	F	NCBI Lineage Representative Assembly	ftp://ftp.ncbi.nlm.nih.gov/genomes/all/GCF/055/380/745/GCF_055380745.1_ASM5538074v1
264	GCF_055380675.1	ST354 Lineage Cohort	Escherichia coli	ST354 / Clonal Complex	F	NCBI Lineage Representative Assembly	ftp://ftp.ncbi.nlm.nih.gov/genomes/all/GCF/055/380/675/GCF_055380675.1_ASM5538067v1
265	GCF_055380415.1	ST354 Lineage Cohort	Escherichia coli	ST354 / Clonal Complex	F	NCBI Lineage Representative Assembly	ftp://ftp.ncbi.nlm.nih.gov/genomes/all/GCF/055/380/415/GCF_055380415.1_ASM5538041v1
266	GCF_055380315.1	ST354 Lineage Cohort	Escherichia coli	ST354 / Clonal Complex	F	NCBI Lineage Representative Assembly	ftp://ftp.ncbi.nlm.nih.gov/genomes/all/GCF/055/380/315/GCF_055380315.1_ASM5538031v1
267	GCF_055380025.1	ST354 Lineage Cohort	Escherichia coli	ST354 / Clonal Complex	F	NCBI Lineage Representative Assembly	ftp://ftp.ncbi.nlm.nih.gov/genomes/all/GCF/055/380/025/GCF_055380025.1_ASM5538002v1
268	GCF_055379925.1	ST354 Lineage Cohort	Escherichia coli	ST354 / Clonal Complex	F	NCBI Lineage Representative Assembly	ftp://ftp.ncbi.nlm.nih.gov/genomes/all/GCF/055/379/925/GCF_055379925.1_ASM5537992v1
269	GCF_055379815.1	ST354 Lineage Cohort	Escherichia coli	ST354 / Clonal Complex	F	NCBI Lineage Representative Assembly	ftp://ftp.ncbi.nlm.nih.gov/genomes/all/GCF/055/379/815/GCF_055379815.1_ASM5537981v1
270	GCF_055379685.1	ST354 Lineage Cohort	Escherichia coli	ST354 / Clonal Complex	F	NCBI Lineage Representative Assembly	ftp://ftp.ncbi.nlm.nih.gov/genomes/all/GCF/055/379/685/GCF_055379685.1_ASM5537968v1
271	GCF_055379405.1	ST354 Lineage Cohort	Escherichia coli	ST354 / Clonal Complex	F	NCBI Lineage Representative Assembly	ftp://ftp.ncbi.nlm.nih.gov/genomes/all/GCF/055/379/405/GCF_055379405.1_ASM5537940v1
272	GCF_055379305.1	ST354 Lineage Cohort	Escherichia coli	ST354 / Clonal Complex	F	NCBI Lineage Representative Assembly	ftp://ftp.ncbi.nlm.nih.gov/genomes/all/GCF/055/379/305/GCF_055379305.1_ASM5537930v1
273	GCF_055379255.1	ST354 Lineage Cohort	Escherichia coli	ST354 / Clonal Complex	F	NCBI Lineage Representative Assembly	ftp://ftp.ncbi.nlm.nih.gov/genomes/all/GCF/055/379/255/GCF_055379255.1_ASM5537925v1
274	GCF_055379175.1	ST354 Lineage Cohort	Escherichia coli	ST354 / Clonal Complex	F	NCBI Lineage Representative Assembly	ftp://ftp.ncbi.nlm.nih.gov/genomes/all/GCF/055/379/175/GCF_055379175.1_ASM5537917v1
275	GCF_055378845.1	ST354 Lineage Cohort	Escherichia coli	ST354 / Clonal Complex	F	NCBI Lineage Representative Assembly	ftp://ftp.ncbi.nlm.nih.gov/genomes/all/GCF/055/378/845/GCF_055378845.1_ASM5537884v1
276	GCF_055378805.1	ST354 Lineage Cohort	Escherichia coli	ST354 / Clonal Complex	F	NCBI Lineage Representative Assembly	ftp://ftp.ncbi.nlm.nih.gov/genomes/all/GCF/055/378/805/GCF_055378805.1_ASM5537880v1
277	GCF_055378635.1	ST354 Lineage Cohort	Escherichia coli	ST354 / Clonal Complex	F	NCBI Lineage Representative Assembly	ftp://ftp.ncbi.nlm.nih.gov/genomes/all/GCF/055/378/635/GCF_055378635.1_ASM5537863v1
278	GCF_055378535.1	ST354 Lineage Cohort	Escherichia coli	ST354 / Clonal Complex	F	NCBI Lineage Representative Assembly	ftp://ftp.ncbi.nlm.nih.gov/genomes/all/GCF/055/378/535/GCF_055378535.1_ASM5537853v1
279	GCF_055378415.1	ST354 Lineage Cohort	Escherichia coli	ST354 / Clonal Complex	F	NCBI Lineage Representative Assembly	ftp://ftp.ncbi.nlm.nih.gov/genomes/all/GCF/055/378/415/GCF_055378415.1_ASM5537841v1
280	GCF_055378215.1	ST354 Lineage Cohort	Escherichia coli	ST354 / Clonal Complex	F	NCBI Lineage Representative Assembly	ftp://ftp.ncbi.nlm.nih.gov/genomes/all/GCF/055/378/215/GCF_055378215.1_ASM5537821v1
281	GCF_055378115.1	ST354 Lineage Cohort	Escherichia coli	ST354 / Clonal Complex	F	NCBI Lineage Representative Assembly	ftp://ftp.ncbi.nlm.nih.gov/genomes/all/GCF/055/378/115/GCF_055378115.1_ASM5537811v1
282	GCF_979243125.1	ST354 Lineage Cohort	Escherichia coli	ST354 / Clonal Complex	F	NCBI Lineage Representative Assembly	ftp://ftp.ncbi.nlm.nih.gov/genomes/all/GCF/979/243/125/GCF_979243125.1_51243816-SK1A
283	GCF_054999165.1	ST354 Lineage Cohort	Escherichia coli	ST354 / Clonal Complex	F	NCBI Lineage Representative Assembly	ftp://ftp.ncbi.nlm.nih.gov/genomes/all/GCF/054/999/165/GCF_054999165.1_ASM5499916v1
284	GCA_054926025.1	ST354 Lineage Cohort	Escherichia coli	ST354 / Clonal Complex	F	NCBI Lineage Representative Assembly	ftp://ftp.ncbi.nlm.nih.gov/genomes/all/GCA/054/926/025/GCA_054926025.1_ASM5492602v1
285	GCA_054912625.1	ST354 Lineage Cohort	Escherichia coli	ST354 / Clonal Complex	F	NCBI Lineage Representative Assembly	ftp://ftp.ncbi.nlm.nih.gov/genomes/all/GCA/054/912/625/GCA_054912625.1_ASM5491262v1
286	GCA_054912175.1	ST354 Lineage Cohort	Escherichia coli	ST354 / Clonal Complex	F	NCBI Lineage Representative Assembly	ftp://ftp.ncbi.nlm.nih.gov/genomes/all/GCA/054/912/175/GCA_054912175.1_ASM5491217v1
287	GCA_054912125.1	ST354 Lineage Cohort	Escherichia coli	ST354 / Clonal Complex	F	NCBI Lineage Representative Assembly	ftp://ftp.ncbi.nlm.nih.gov/genomes/all/GCA/054/912/125/GCA_054912125.1_ASM5491212v1
288	GCA_054911455.1	ST354 Lineage Cohort	Escherichia coli	ST354 / Clonal Complex	F	NCBI Lineage Representative Assembly	ftp://ftp.ncbi.nlm.nih.gov/genomes/all/GCA/054/911/455/GCA_054911455.1_ASM5491145v1
289	GCF_054898235.1	ST354 Lineage Cohort	Escherichia coli	ST354 / Clonal Complex	F	NCBI Lineage Representative Assembly	ftp://ftp.ncbi.nlm.nih.gov/genomes/all/GCF/054/898/235/GCF_054898235.1_ASM5489823v1
290	GCF_054898225.1	ST354 Lineage Cohort	Escherichia coli	ST354 / Clonal Complex	F	NCBI Lineage Representative Assembly	ftp://ftp.ncbi.nlm.nih.gov/genomes/all/GCF/054/898/225/GCF_054898225.1_ASM5489822v1
291	GCA_054790445.1	ST354 Lineage Cohort	Escherichia coli	ST354 / Clonal Complex	F	NCBI Lineage Representative Assembly	ftp://ftp.ncbi.nlm.nih.gov/genomes/all/GCA/054/790/445/GCA_054790445.1_ASM5479044v1
292	GCF_054696555.1	ST354 Lineage Cohort	Escherichia coli	ST354 / Clonal Complex	F	NCBI Lineage Representative Assembly	ftp://ftp.ncbi.nlm.nih.gov/genomes/all/GCF/054/696/555/GCF_054696555.1_ASM5469655v1
293	GCF_054696535.1	ST354 Lineage Cohort	Escherichia coli	ST354 / Clonal Complex	F	NCBI Lineage Representative Assembly	ftp://ftp.ncbi.nlm.nih.gov/genomes/all/GCF/054/696/535/GCF_054696535.1_ASM5469653v1
294	GCF_054692125.1	ST354 Lineage Cohort	Escherichia coli	ST354 / Clonal Complex	F	NCBI Lineage Representative Assembly	ftp://ftp.ncbi.nlm.nih.gov/genomes/all/GCF/054/692/125/GCF_054692125.1_ASM5469212v1
295	GCF_054692075.1	ST354 Lineage Cohort	Escherichia coli	ST354 / Clonal Complex	F	NCBI Lineage Representative Assembly	ftp://ftp.ncbi.nlm.nih.gov/genomes/all/GCF/054/692/075/GCF_054692075.1_ASM5469207v1
296	GCF_054690845.1	ST354 Lineage Cohort	Escherichia coli	ST354 / Clonal Complex	F	NCBI Lineage Representative Assembly	ftp://ftp.ncbi.nlm.nih.gov/genomes/all/GCF/054/690/845/GCF_054690845.1_ASM5469084v1
297	GCF_054510735.1	ST354 Lineage Cohort	Escherichia coli	ST354 / Clonal Complex	F	NCBI Lineage Representative Assembly	ftp://ftp.ncbi.nlm.nih.gov/genomes/all/GCF/054/510/735/GCF_054510735.1_ASM5451073v1
298	GCF_054510725.1	ST354 Lineage Cohort	Escherichia coli	ST354 / Clonal Complex	F	NCBI Lineage Representative Assembly	ftp://ftp.ncbi.nlm.nih.gov/genomes/all/GCF/054/510/725/GCF_054510725.1_ASM5451072v1
299	GCF_054510715.1	ST354 Lineage Cohort	Escherichia coli	ST354 / Clonal Complex	F	NCBI Lineage Representative Assembly	ftp://ftp.ncbi.nlm.nih.gov/genomes/all/GCF/054/510/715/GCF_054510715.1_ASM5451071v1
300	GCF_053903025.1	ST354 Lineage Cohort	Escherichia coli	ST354 / Clonal Complex	F	NCBI Lineage Representative Assembly	ftp://ftp.ncbi.nlm.nih.gov/genomes/all/GCF/053/903/025/GCF_053903025.1_ASM5390302v1
301	GCF_053903015.1	ST354 Lineage Cohort	Escherichia coli	ST354 / Clonal Complex	F	NCBI Lineage Representative Assembly	ftp://ftp.ncbi.nlm.nih.gov/genomes/all/GCF/053/903/015/GCF_053903015.1_ASM5390301v1
302	GCF_053903005.1	ST354 Lineage Cohort	Escherichia coli	ST354 / Clonal Complex	F	NCBI Lineage Representative Assembly	ftp://ftp.ncbi.nlm.nih.gov/genomes/all/GCF/053/903/005/GCF_053903005.1_ASM5390300v1
303	GCF_053902995.1	ST354 Lineage Cohort	Escherichia coli	ST354 / Clonal Complex	F	NCBI Lineage Representative Assembly	ftp://ftp.ncbi.nlm.nih.gov/genomes/all/GCF/053/902/995/GCF_053902995.1_ASM5390299v1
304	GCF_053902985.1	ST354 Lineage Cohort	Escherichia coli	ST354 / Clonal Complex	F	NCBI Lineage Representative Assembly	ftp://ftp.ncbi.nlm.nih.gov/genomes/all/GCF/053/902/985/GCF_053902985.1_ASM5390298v1
305	GCF_053902975.1	ST354 Lineage Cohort	Escherichia coli	ST354 / Clonal Complex	F	NCBI Lineage Representative Assembly	ftp://ftp.ncbi.nlm.nih.gov/genomes/all/GCF/053/902/975/GCF_053902975.1_ASM5390297v1
306	GCA_053902965.1	ST354 Lineage Cohort	Escherichia coli	ST354 / Clonal Complex	F	NCBI Lineage Representative Assembly	ftp://ftp.ncbi.nlm.nih.gov/genomes/all/GCA/053/902/965/GCA_053902965.1_ASM5390296v1
307	GCF_053902955.1	ST354 Lineage Cohort	Escherichia coli	ST354 / Clonal Complex	F	NCBI Lineage Representative Assembly	ftp://ftp.ncbi.nlm.nih.gov/genomes/all/GCF/053/902/955/GCF_053902955.1_ASM5390295v1
308	GCF_053797035.1	ST354 Lineage Cohort	Escherichia coli	ST354 / Clonal Complex	F	NCBI Lineage Representative Assembly	ftp://ftp.ncbi.nlm.nih.gov/genomes/all/GCF/053/797/035/GCF_053797035.1_ASM5379703v1
309	GCF_053754825.1	ST354 Lineage Cohort	Escherichia coli	ST354 / Clonal Complex	F	NCBI Lineage Representative Assembly	ftp://ftp.ncbi.nlm.nih.gov/genomes/all/GCF/053/754/825/GCF_053754825.1_ASM5375482v1
310	GCF_053754815.1	ST354 Lineage Cohort	Escherichia coli	ST354 / Clonal Complex	F	NCBI Lineage Representative Assembly	ftp://ftp.ncbi.nlm.nih.gov/genomes/all/GCF/053/754/815/GCF_053754815.1_ASM5375481v1
311	GCF_977065515.1	ST354 Lineage Cohort	Escherichia coli	ST354 / Clonal Complex	F	NCBI Lineage Representative Assembly	ftp://ftp.ncbi.nlm.nih.gov/genomes/all/GCF/977/065/515/GCF_977065515.1_Esc28complete
312	GCF_977065255.1	ST354 Lineage Cohort	Escherichia coli	ST354 / Clonal Complex	F	NCBI Lineage Representative Assembly	ftp://ftp.ncbi.nlm.nih.gov/genomes/all/GCF/977/065/255/GCF_977065255.1_Esc29complete
313	GCF_977065475.1	ST354 Lineage Cohort	Escherichia coli	ST354 / Clonal Complex	F	NCBI Lineage Representative Assembly	ftp://ftp.ncbi.nlm.nih.gov/genomes/all/GCF/977/065/475/GCF_977065475.1_Esc16complete
314	GCF_977065135.1	ST354 Lineage Cohort	Escherichia coli	ST354 / Clonal Complex	F	NCBI Lineage Representative Assembly	ftp://ftp.ncbi.nlm.nih.gov/genomes/all/GCF/977/065/135/GCF_977065135.1_Esc14complete
315	GCF_977065275.1	ST354 Lineage Cohort	Escherichia coli	ST354 / Clonal Complex	F	NCBI Lineage Representative Assembly	ftp://ftp.ncbi.nlm.nih.gov/genomes/all/GCF/977/065/275/GCF_977065275.1_Esc20complete
316	GCF_977065495.1	ST354 Lineage Cohort	Escherichia coli	ST354 / Clonal Complex	F	NCBI Lineage Representative Assembly	ftp://ftp.ncbi.nlm.nih.gov/genomes/all/GCF/977/065/495/GCF_977065495.1_Esc4complete
317	GCF_977065155.1	ST354 Lineage Cohort	Escherichia coli	ST354 / Clonal Complex	F	NCBI Lineage Representative Assembly	ftp://ftp.ncbi.nlm.nih.gov/genomes/all/GCF/977/065/155/GCF_977065155.1_Esc13complete
318	GCF_977065375.1	ST354 Lineage Cohort	Escherichia coli	ST354 / Clonal Complex	F	NCBI Lineage Representative Assembly	ftp://ftp.ncbi.nlm.nih.gov/genomes/all/GCF/977/065/375/GCF_977065375.1_Esc31complete
319	GCF_977065215.1	ST354 Lineage Cohort	Escherichia coli	ST354 / Clonal Complex	F	NCBI Lineage Representative Assembly	ftp://ftp.ncbi.nlm.nih.gov/genomes/all/GCF/977/065/215/GCF_977065215.1_Esc3complete
320	GCF_977065315.1	ST354 Lineage Cohort	Escherichia coli	ST354 / Clonal Complex	F	NCBI Lineage Representative Assembly	ftp://ftp.ncbi.nlm.nih.gov/genomes/all/GCF/977/065/315/GCF_977065315.1_Esc18complete
321	GCF_977065535.1	ST354 Lineage Cohort	Escherichia coli	ST354 / Clonal Complex	F	NCBI Lineage Representative Assembly	ftp://ftp.ncbi.nlm.nih.gov/genomes/all/GCF/977/065/535/GCF_977065535.1_Esc11complete
322	GCF_977064565.1	ST354 Lineage Cohort	Escherichia coli	ST354 / Clonal Complex	F	NCBI Lineage Representative Assembly	ftp://ftp.ncbi.nlm.nih.gov/genomes/all/GCF/977/064/565/GCF_977064565.1_E2_LY2615_CNR20180903_complete
323	GCF_977065115.1	ST354 Lineage Cohort	Escherichia coli	ST354 / Clonal Complex	F	NCBI Lineage Representative Assembly	ftp://ftp.ncbi.nlm.nih.gov/genomes/all/GCF/977/065/115/GCF_977065115.1_Esc27complete
324	GCF_977065335.1	ST354 Lineage Cohort	Escherichia coli	ST354 / Clonal Complex	F	NCBI Lineage Representative Assembly	ftp://ftp.ncbi.nlm.nih.gov/genomes/all/GCF/977/065/335/GCF_977065335.1_Esc22complete
325	GCF_977065185.1	ST354 Lineage Cohort	Escherichia coli	ST354 / Clonal Complex	F	NCBI Lineage Representative Assembly	ftp://ftp.ncbi.nlm.nih.gov/genomes/all/GCF/977/065/185/GCF_977065185.1_Esc25complete
326	GCF_977065285.1	ST354 Lineage Cohort	Escherichia coli	ST354 / Clonal Complex	F	NCBI Lineage Representative Assembly	ftp://ftp.ncbi.nlm.nih.gov/genomes/all/GCF/977/065/285/GCF_977065285.1_Esc21complete
327	GCF_977065525.1	ST354 Lineage Cohort	Escherichia coli	ST354 / Clonal Complex	F	NCBI Lineage Representative Assembly	ftp://ftp.ncbi.nlm.nih.gov/genomes/all/GCF/977/065/525/GCF_977065525.1_Esc10complete
328	GCF_977065505.1	ST354 Lineage Cohort	Escherichia coli	ST354 / Clonal Complex	F	NCBI Lineage Representative Assembly	ftp://ftp.ncbi.nlm.nih.gov/genomes/all/GCF/977/065/505/GCF_977065505.1_Esc5complete
329	GCF_977065145.1	ST354 Lineage Cohort	Escherichia coli	ST354 / Clonal Complex	F	NCBI Lineage Representative Assembly	ftp://ftp.ncbi.nlm.nih.gov/genomes/all/GCF/977/065/145/GCF_977065145.1_Esc15complete
330	GCF_977065365.1	ST354 Lineage Cohort	Escherichia coli	ST354 / Clonal Complex	F	NCBI Lineage Representative Assembly	ftp://ftp.ncbi.nlm.nih.gov/genomes/all/GCF/977/065/365/GCF_977065365.1_Esc26complete
331	GCF_977065245.1	ST354 Lineage Cohort	Escherichia coli	ST354 / Clonal Complex	F	NCBI Lineage Representative Assembly	ftp://ftp.ncbi.nlm.nih.gov/genomes/all/GCF/977/065/245/GCF_977065245.1_Esc2complete
332	GCF_977065465.1	ST354 Lineage Cohort	Escherichia coli	ST354 / Clonal Complex	F	NCBI Lineage Representative Assembly	ftp://ftp.ncbi.nlm.nih.gov/genomes/all/GCF/977/065/465/GCF_977065465.1_Esc17complete
333	GCF_977065165.1	ST354 Lineage Cohort	Escherichia coli	ST354 / Clonal Complex	F	NCBI Lineage Representative Assembly	ftp://ftp.ncbi.nlm.nih.gov/genomes/all/GCF/977/065/165/GCF_977065165.1_Esc9complete
334	GCF_977065385.1	ST354 Lineage Cohort	Escherichia coli	ST354 / Clonal Complex	F	NCBI Lineage Representative Assembly	ftp://ftp.ncbi.nlm.nih.gov/genomes/all/GCF/977/065/385/GCF_977065385.1_Esc30complete
335	GCF_977065265.1	ST354 Lineage Cohort	Escherichia coli	ST354 / Clonal Complex	F	NCBI Lineage Representative Assembly	ftp://ftp.ncbi.nlm.nih.gov/genomes/all/GCF/977/065/265/GCF_977065265.1_Esc19complete
336	GCF_977065485.1	ST354 Lineage Cohort	Escherichia coli	ST354 / Clonal Complex	F	NCBI Lineage Representative Assembly	ftp://ftp.ncbi.nlm.nih.gov/genomes/all/GCF/977/065/485/GCF_977065485.1_Esc24complete
337	GCF_977064555.1	ST354 Lineage Cohort	Escherichia coli	ST354 / Clonal Complex	F	NCBI Lineage Representative Assembly	ftp://ftp.ncbi.nlm.nih.gov/genomes/all/GCF/977/064/555/GCF_977064555.1_E1_LY2458_CNR20191027_complete
338	GCF_977065105.1	ST354 Lineage Cohort	Escherichia coli	ST354 / Clonal Complex	F	NCBI Lineage Representative Assembly	ftp://ftp.ncbi.nlm.nih.gov/genomes/all/GCF/977/065/105/GCF_977065105.1_Esc23complete
339	GCF_977065325.1	ST354 Lineage Cohort	Escherichia coli	ST354 / Clonal Complex	F	NCBI Lineage Representative Assembly	ftp://ftp.ncbi.nlm.nih.gov/genomes/all/GCF/977/065/325/GCF_977065325.1_Esc7complete
340	GCF_977065205.1	ST354 Lineage Cohort	Escherichia coli	ST354 / Clonal Complex	F	NCBI Lineage Representative Assembly	ftp://ftp.ncbi.nlm.nih.gov/genomes/all/GCF/977/065/205/GCF_977065205.1_Esc8complete
341	GCF_977064575.1	ST354 Lineage Cohort	Escherichia coli	ST354 / Clonal Complex	F	NCBI Lineage Representative Assembly	ftp://ftp.ncbi.nlm.nih.gov/genomes/all/GCF/977/064/575/GCF_977064575.1_E3_LY2613_BLSE177-2012_complete
342	GCF_977065225.1	ST354 Lineage Cohort	Escherichia coli	ST354 / Clonal Complex	F	NCBI Lineage Representative Assembly	ftp://ftp.ncbi.nlm.nih.gov/genomes/all/GCF/977/065/225/GCF_977065225.1_Esc6complete
343	GCF_977065175.1	ST354 Lineage Cohort	Escherichia coli	ST354 / Clonal Complex	F	NCBI Lineage Representative Assembly	ftp://ftp.ncbi.nlm.nih.gov/genomes/all/GCF/977/065/175/GCF_977065175.1_Esc1complete
344	GCF_977065195.1	ST354 Lineage Cohort	Escherichia coli	ST354 / Clonal Complex	F	NCBI Lineage Representative Assembly	ftp://ftp.ncbi.nlm.nih.gov/genomes/all/GCF/977/065/195/GCF_977065195.1_Esc12complete
345	GCF_053238245.1	ST354 Lineage Cohort	Escherichia coli	ST354 / Clonal Complex	F	NCBI Lineage Representative Assembly	ftp://ftp.ncbi.nlm.nih.gov/genomes/all/GCF/053/238/245/GCF_053238245.1_ASM5323824v1
346	GCF_053238195.1	ST354 Lineage Cohort	Escherichia coli	ST354 / Clonal Complex	F	NCBI Lineage Representative Assembly	ftp://ftp.ncbi.nlm.nih.gov/genomes/all/GCF/053/238/195/GCF_053238195.1_ASM5323819v1
347	GCF_053238185.1	ST354 Lineage Cohort	Escherichia coli	ST354 / Clonal Complex	F	NCBI Lineage Representative Assembly	ftp://ftp.ncbi.nlm.nih.gov/genomes/all/GCF/053/238/185/GCF_053238185.1_ASM5323818v1
348	GCF_053238175.1	ST354 Lineage Cohort	Escherichia coli	ST354 / Clonal Complex	F	NCBI Lineage Representative Assembly	ftp://ftp.ncbi.nlm.nih.gov/genomes/all/GCF/053/238/175/GCF_053238175.1_ASM5323817v1
349	GCF_053238165.1	ST354 Lineage Cohort	Escherichia coli	ST354 / Clonal Complex	F	NCBI Lineage Representative Assembly	ftp://ftp.ncbi.nlm.nih.gov/genomes/all/GCF/053/238/165/GCF_053238165.1_ASM5323816v1
350	GCF_053194095.1	ST354 Lineage Cohort	Escherichia coli	ST354 / Clonal Complex	F	NCBI Lineage Representative Assembly	ftp://ftp.ncbi.nlm.nih.gov/genomes/all/GCF/053/194/095/GCF_053194095.1_ASM5319409v1
351	GCF_053194085.1	ST354 Lineage Cohort	Escherichia coli	ST354 / Clonal Complex	F	NCBI Lineage Representative Assembly	ftp://ftp.ncbi.nlm.nih.gov/genomes/all/GCF/053/194/085/GCF_053194085.1_ASM5319408v1
352	GCF_053170185.1	ST354 Lineage Cohort	Escherichia coli	ST354 / Clonal Complex	F	NCBI Lineage Representative Assembly	ftp://ftp.ncbi.nlm.nih.gov/genomes/all/GCF/053/170/185/GCF_053170185.1_ASM5317018v1
353	GCF_053170035.1	ST354 Lineage Cohort	Escherichia coli	ST354 / Clonal Complex	F	NCBI Lineage Representative Assembly	ftp://ftp.ncbi.nlm.nih.gov/genomes/all/GCF/053/170/035/GCF_053170035.1_ASM5317003v1
354	GCF_053170025.1	ST354 Lineage Cohort	Escherichia coli	ST354 / Clonal Complex	F	NCBI Lineage Representative Assembly	ftp://ftp.ncbi.nlm.nih.gov/genomes/all/GCF/053/170/025/GCF_053170025.1_ASM5317002v1
355	GCF_053169775.1	ST354 Lineage Cohort	Escherichia coli	ST354 / Clonal Complex	F	NCBI Lineage Representative Assembly	ftp://ftp.ncbi.nlm.nih.gov/genomes/all/GCF/053/169/775/GCF_053169775.1_ASM5316977v1
356	GCF_053169765.1	ST354 Lineage Cohort	Escherichia coli	ST354 / Clonal Complex	F	NCBI Lineage Representative Assembly	ftp://ftp.ncbi.nlm.nih.gov/genomes/all/GCF/053/169/765/GCF_053169765.1_ASM5316976v1
357	GCF_053169635.1	ST354 Lineage Cohort	Escherichia coli	ST354 / Clonal Complex	F	NCBI Lineage Representative Assembly	ftp://ftp.ncbi.nlm.nih.gov/genomes/all/GCF/053/169/635/GCF_053169635.1_ASM5316963v1
358	GCF_053169625.1	ST354 Lineage Cohort	Escherichia coli	ST354 / Clonal Complex	F	NCBI Lineage Representative Assembly	ftp://ftp.ncbi.nlm.nih.gov/genomes/all/GCF/053/169/625/GCF_053169625.1_ASM5316962v1
359	GCF_053169535.1	ST354 Lineage Cohort	Escherichia coli	ST354 / Clonal Complex	F	NCBI Lineage Representative Assembly	ftp://ftp.ncbi.nlm.nih.gov/genomes/all/GCF/053/169/535/GCF_053169535.1_ASM5316953v1
360	GCF_053169525.1	ST354 Lineage Cohort	Escherichia coli	ST354 / Clonal Complex	F	NCBI Lineage Representative Assembly	ftp://ftp.ncbi.nlm.nih.gov/genomes/all/GCF/053/169/525/GCF_053169525.1_ASM5316952v1
361	GCF_053169515.1	ST354 Lineage Cohort	Escherichia coli	ST354 / Clonal Complex	F	NCBI Lineage Representative Assembly	ftp://ftp.ncbi.nlm.nih.gov/genomes/all/GCF/053/169/515/GCF_053169515.1_ASM5316951v1
362	GCF_053169225.1	ST354 Lineage Cohort	Escherichia coli	ST354 / Clonal Complex	F	NCBI Lineage Representative Assembly	ftp://ftp.ncbi.nlm.nih.gov/genomes/all/GCF/053/169/225/GCF_053169225.1_ASM5316922v1
363	GCF_053169195.1	ST354 Lineage Cohort	Escherichia coli	ST354 / Clonal Complex	F	NCBI Lineage Representative Assembly	ftp://ftp.ncbi.nlm.nih.gov/genomes/all/GCF/053/169/195/GCF_053169195.1_ASM5316919v1
364	GCF_053169045.1	ST354 Lineage Cohort	Escherichia coli	ST354 / Clonal Complex	F	NCBI Lineage Representative Assembly	ftp://ftp.ncbi.nlm.nih.gov/genomes/all/GCF/053/169/045/GCF_053169045.1_ASM5316904v1
365	GCF_053169035.1	ST354 Lineage Cohort	Escherichia coli	ST354 / Clonal Complex	F	NCBI Lineage Representative Assembly	ftp://ftp.ncbi.nlm.nih.gov/genomes/all/GCF/053/169/035/GCF_053169035.1_ASM5316903v1
366	GCF_053165965.1	ST354 Lineage Cohort	Escherichia coli	ST354 / Clonal Complex	F	NCBI Lineage Representative Assembly	ftp://ftp.ncbi.nlm.nih.gov/genomes/all/GCF/053/165/965/GCF_053165965.1_ASM5316596v1
367	GCF_053165955.1	ST354 Lineage Cohort	Escherichia coli	ST354 / Clonal Complex	F	NCBI Lineage Representative Assembly	ftp://ftp.ncbi.nlm.nih.gov/genomes/all/GCF/053/165/955/GCF_053165955.1_ASM5316595v1
368	GCF_053165945.1	ST354 Lineage Cohort	Escherichia coli	ST354 / Clonal Complex	F	NCBI Lineage Representative Assembly	ftp://ftp.ncbi.nlm.nih.gov/genomes/all/GCF/053/165/945/GCF_053165945.1_ASM5316594v1
369	GCF_053165935.1	ST354 Lineage Cohort	Escherichia coli	ST354 / Clonal Complex	F	NCBI Lineage Representative Assembly	ftp://ftp.ncbi.nlm.nih.gov/genomes/all/GCF/053/165/935/GCF_053165935.1_ASM5316593v1
370	GCF_053165375.1	ST354 Lineage Cohort	Escherichia coli	ST354 / Clonal Complex	F	NCBI Lineage Representative Assembly	ftp://ftp.ncbi.nlm.nih.gov/genomes/all/GCF/053/165/375/GCF_053165375.1_ASM5316537v1
371	GCF_053165295.1	ST354 Lineage Cohort	Escherichia coli	ST354 / Clonal Complex	F	NCBI Lineage Representative Assembly	ftp://ftp.ncbi.nlm.nih.gov/genomes/all/GCF/053/165/295/GCF_053165295.1_ASM5316529v1
372	GCF_053164745.1	ST354 Lineage Cohort	Escherichia coli	ST354 / Clonal Complex	F	NCBI Lineage Representative Assembly	ftp://ftp.ncbi.nlm.nih.gov/genomes/all/GCF/053/164/745/GCF_053164745.1_ASM5316474v1
373	GCF_053078325.1	ST354 Lineage Cohort	Escherichia coli	ST354 / Clonal Complex	F	NCBI Lineage Representative Assembly	ftp://ftp.ncbi.nlm.nih.gov/genomes/all/GCF/053/078/325/GCF_053078325.1_ASM5307832v1
374	GCF_053078315.1	ST354 Lineage Cohort	Escherichia coli	ST354 / Clonal Complex	F	NCBI Lineage Representative Assembly	ftp://ftp.ncbi.nlm.nih.gov/genomes/all/GCF/053/078/315/GCF_053078315.1_ASM5307831v1
375	GCF_053078305.1	ST354 Lineage Cohort	Escherichia coli	ST354 / Clonal Complex	F	NCBI Lineage Representative Assembly	ftp://ftp.ncbi.nlm.nih.gov/genomes/all/GCF/053/078/305/GCF_053078305.1_ASM5307830v1
376	GCF_053048125.1	ST354 Lineage Cohort	Escherichia coli	ST354 / Clonal Complex	F	NCBI Lineage Representative Assembly	ftp://ftp.ncbi.nlm.nih.gov/genomes/all/GCF/053/048/125/GCF_053048125.1_ASM5304812v1
377	GCF_053048115.1	ST354 Lineage Cohort	Escherichia coli	ST354 / Clonal Complex	F	NCBI Lineage Representative Assembly	ftp://ftp.ncbi.nlm.nih.gov/genomes/all/GCF/053/048/115/GCF_053048115.1_ASM5304811v1
378	GCF_052975835.1	ST354 Lineage Cohort	Escherichia coli	ST354 / Clonal Complex	F	NCBI Lineage Representative Assembly	ftp://ftp.ncbi.nlm.nih.gov/genomes/all/GCF/052/975/835/GCF_052975835.1_ASM5297583v1
379	GCF_052975085.1	ST354 Lineage Cohort	Escherichia coli	ST354 / Clonal Complex	F	NCBI Lineage Representative Assembly	ftp://ftp.ncbi.nlm.nih.gov/genomes/all/GCF/052/975/085/GCF_052975085.1_ASM5297508v1
380	GCF_052974845.1	ST354 Lineage Cohort	Escherichia coli	ST354 / Clonal Complex	F	NCBI Lineage Representative Assembly	ftp://ftp.ncbi.nlm.nih.gov/genomes/all/GCF/052/974/845/GCF_052974845.1_ASM5297484v1
381	GCF_052954245.1	ST354 Lineage Cohort	Escherichia coli	ST354 / Clonal Complex	F	NCBI Lineage Representative Assembly	ftp://ftp.ncbi.nlm.nih.gov/genomes/all/GCF/052/954/245/GCF_052954245.1_ASM5295424v1
382	GCF_052888435.1	ST354 Lineage Cohort	Escherichia coli	ST354 / Clonal Complex	F	NCBI Lineage Representative Assembly	ftp://ftp.ncbi.nlm.nih.gov/genomes/all/GCF/052/888/435/GCF_052888435.1_ASM5288843v1
383	GCF_052888125.1	ST354 Lineage Cohort	Escherichia coli	ST354 / Clonal Complex	F	NCBI Lineage Representative Assembly	ftp://ftp.ncbi.nlm.nih.gov/genomes/all/GCF/052/888/125/GCF_052888125.1_ASM5288812v1
384	GCF_052888115.1	ST354 Lineage Cohort	Escherichia coli	ST354 / Clonal Complex	F	NCBI Lineage Representative Assembly	ftp://ftp.ncbi.nlm.nih.gov/genomes/all/GCF/052/888/115/GCF_052888115.1_ASM5288811v1
385	GCF_052887665.1	ST354 Lineage Cohort	Escherichia coli	ST354 / Clonal Complex	F	NCBI Lineage Representative Assembly	ftp://ftp.ncbi.nlm.nih.gov/genomes/all/GCF/052/887/665/GCF_052887665.1_ASM5288766v1
386	GCF_052887635.1	ST354 Lineage Cohort	Escherichia coli	ST354 / Clonal Complex	F	NCBI Lineage Representative Assembly	ftp://ftp.ncbi.nlm.nih.gov/genomes/all/GCF/052/887/635/GCF_052887635.1_ASM5288763v1
387	GCF_052887185.1	ST354 Lineage Cohort	Escherichia coli	ST354 / Clonal Complex	F	NCBI Lineage Representative Assembly	ftp://ftp.ncbi.nlm.nih.gov/genomes/all/GCF/052/887/185/GCF_052887185.1_ASM5288718v1
388	GCF_052887115.1	ST354 Lineage Cohort	Escherichia coli	ST354 / Clonal Complex	F	NCBI Lineage Representative Assembly	ftp://ftp.ncbi.nlm.nih.gov/genomes/all/GCF/052/887/115/GCF_052887115.1_ASM5288711v1
389	GCF_052886665.1	ST354 Lineage Cohort	Escherichia coli	ST354 / Clonal Complex	F	NCBI Lineage Representative Assembly	ftp://ftp.ncbi.nlm.nih.gov/genomes/all/GCF/052/886/665/GCF_052886665.1_ASM5288666v1
390	GCF_052886655.1	ST354 Lineage Cohort	Escherichia coli	ST354 / Clonal Complex	F	NCBI Lineage Representative Assembly	ftp://ftp.ncbi.nlm.nih.gov/genomes/all/GCF/052/886/655/GCF_052886655.1_ASM5288665v1
391	GCF_052886145.1	ST354 Lineage Cohort	Escherichia coli	ST354 / Clonal Complex	F	NCBI Lineage Representative Assembly	ftp://ftp.ncbi.nlm.nih.gov/genomes/all/GCF/052/886/145/GCF_052886145.1_ASM5288614v1
392	GCF_052886115.1	ST354 Lineage Cohort	Escherichia coli	ST354 / Clonal Complex	F	NCBI Lineage Representative Assembly	ftp://ftp.ncbi.nlm.nih.gov/genomes/all/GCF/052/886/115/GCF_052886115.1_ASM5288611v1
393	GCF_052885625.1	ST354 Lineage Cohort	Escherichia coli	ST354 / Clonal Complex	F	NCBI Lineage Representative Assembly	ftp://ftp.ncbi.nlm.nih.gov/genomes/all/GCF/052/885/625/GCF_052885625.1_ASM5288562v1
394	GCF_052885615.1	ST354 Lineage Cohort	Escherichia coli	ST354 / Clonal Complex	F	NCBI Lineage Representative Assembly	ftp://ftp.ncbi.nlm.nih.gov/genomes/all/GCF/052/885/615/GCF_052885615.1_ASM5288561v1
395	GCF_052885105.1	ST354 Lineage Cohort	Escherichia coli	ST354 / Clonal Complex	F	NCBI Lineage Representative Assembly	ftp://ftp.ncbi.nlm.nih.gov/genomes/all/GCF/052/885/105/GCF_052885105.1_ASM5288510v1
396	GCF_052885095.1	ST354 Lineage Cohort	Escherichia coli	ST354 / Clonal Complex	F	NCBI Lineage Representative Assembly	ftp://ftp.ncbi.nlm.nih.gov/genomes/all/GCF/052/885/095/GCF_052885095.1_ASM5288509v1
397	GCF_052884645.1	ST354 Lineage Cohort	Escherichia coli	ST354 / Clonal Complex	F	NCBI Lineage Representative Assembly	ftp://ftp.ncbi.nlm.nih.gov/genomes/all/GCF/052/884/645/GCF_052884645.1_ASM5288464v1
398	GCF_052884615.1	ST354 Lineage Cohort	Escherichia coli	ST354 / Clonal Complex	F	NCBI Lineage Representative Assembly	ftp://ftp.ncbi.nlm.nih.gov/genomes/all/GCF/052/884/615/GCF_052884615.1_ASM5288461v1
399	GCF_052884205.1	ST354 Lineage Cohort	Escherichia coli	ST354 / Clonal Complex	F	NCBI Lineage Representative Assembly	ftp://ftp.ncbi.nlm.nih.gov/genomes/all/GCF/052/884/205/GCF_052884205.1_ASM5288420v1
400	GCA_052884195.1	ST354 Lineage Cohort	Escherichia coli	ST354 / Clonal Complex	F	NCBI Lineage Representative Assembly	ftp://ftp.ncbi.nlm.nih.gov/genomes/all/GCA/052/884/195/GCA_052884195.1_ASM5288419v1
401	GCF_052692645.1	ST354 Lineage Cohort	Escherichia coli	ST354 / Clonal Complex	F	NCBI Lineage Representative Assembly	ftp://ftp.ncbi.nlm.nih.gov/genomes/all/GCF/052/692/645/GCF_052692645.1_ASM5269264v1
402	GCF_000007445.1	Species-Wide Reference Cohort	Escherichia coli	Reference Strain	Outgroup / Reference	Outgroup Reference Strain	https://www.ncbi.nlm.nih.gov/assembly/GCF_000007445.1
403	GCF_000005845.2	Species-Wide Reference Cohort	Escherichia coli	Reference Strain	Outgroup / Reference	Outgroup Reference Strain	https://www.ncbi.nlm.nih.gov/assembly/GCF_000005845.2
404	GCF_000008865.2	Species-Wide Reference Cohort	Escherichia coli	Reference Strain	Outgroup / Reference	Outgroup Reference Strain	https://www.ncbi.nlm.nih.gov/assembly/GCF_000008865.2
405	GCF_000013445.1	Species-Wide Reference Cohort	Escherichia coli	Reference Strain	Outgroup / Reference	Outgroup Reference Strain	https://www.ncbi.nlm.nih.gov/assembly/GCF_000013445.1
406	GCA_048680385.1	Species-Wide Reference Cohort	Escherichia coli	Reference Strain	Outgroup / Reference	Outgroup Reference Strain	https://www.ncbi.nlm.nih.gov/assembly/GCA_048680385.1
407	GCA_048680405.1	Species-Wide Reference Cohort	Escherichia coli	Reference Strain	Outgroup / Reference	Outgroup Reference Strain	https://www.ncbi.nlm.nih.gov/assembly/GCA_048680405.1
408	GCA_048680445.1	Species-Wide Reference Cohort	Escherichia coli	Reference Strain	Outgroup / Reference	Outgroup Reference Strain	https://www.ncbi.nlm.nih.gov/assembly/GCA_048680445.1
409	GCA_048680505.1	Species-Wide Reference Cohort	Escherichia coli	Reference Strain	Outgroup / Reference	Outgroup Reference Strain	https://www.ncbi.nlm.nih.gov/assembly/GCA_048680505.1
410	GCA_049003195.1	Species-Wide Reference Cohort	Escherichia coli	Reference Strain	Outgroup / Reference	Outgroup Reference Strain	https://www.ncbi.nlm.nih.gov/assembly/GCA_049003195.1
411	GCF_052692505.1	Species-Wide Reference Cohort	Escherichia coli	Complete Genome Reference	Stratified Clermont Phylogroup	NCBI Complete Genome Benchmark	ftp://ftp.ncbi.nlm.nih.gov/genomes/all/GCF/052/692/505/GCF_052692505.1_ASM5269250v1
412	GCF_052588805.1	Species-Wide Reference Cohort	Escherichia coli	Complete Genome Reference	Stratified Clermont Phylogroup	NCBI Complete Genome Benchmark	ftp://ftp.ncbi.nlm.nih.gov/genomes/all/GCF/052/588/805/GCF_052588805.1_ASM5258880v1
413	GCA_052544975.1	Species-Wide Reference Cohort	Escherichia coli	Complete Genome Reference	Stratified Clermont Phylogroup	NCBI Complete Genome Benchmark	ftp://ftp.ncbi.nlm.nih.gov/genomes/all/GCA/052/544/975/GCA_052544975.1_ASM5254497v1
414	GCF_052447105.1	Species-Wide Reference Cohort	Escherichia coli	Complete Genome Reference	Stratified Clermont Phylogroup	NCBI Complete Genome Benchmark	ftp://ftp.ncbi.nlm.nih.gov/genomes/all/GCF/052/447/105/GCF_052447105.1_ASM5244710v1
415	GCF_052402365.1	Species-Wide Reference Cohort	Escherichia coli	Complete Genome Reference	Stratified Clermont Phylogroup	NCBI Complete Genome Benchmark	ftp://ftp.ncbi.nlm.nih.gov/genomes/all/GCF/052/402/365/GCF_052402365.1_ASM5240236v1
416	GCF_052399485.1	Species-Wide Reference Cohort	Escherichia coli	Complete Genome Reference	Stratified Clermont Phylogroup	NCBI Complete Genome Benchmark	ftp://ftp.ncbi.nlm.nih.gov/genomes/all/GCF/052/399/485/GCF_052399485.1_ASM5239948v1
417	GCF_052063125.1	Species-Wide Reference Cohort	Escherichia coli	Complete Genome Reference	Stratified Clermont Phylogroup	NCBI Complete Genome Benchmark	ftp://ftp.ncbi.nlm.nih.gov/genomes/all/GCF/052/063/125/GCF_052063125.1_ASM5206312v1
418	GCF_052050745.1	Species-Wide Reference Cohort	Escherichia coli	Complete Genome Reference	Stratified Clermont Phylogroup	NCBI Complete Genome Benchmark	ftp://ftp.ncbi.nlm.nih.gov/genomes/all/GCF/052/050/745/GCF_052050745.1_ASM5205074v1
419	GCF_051991925.1	Species-Wide Reference Cohort	Escherichia coli	Complete Genome Reference	Stratified Clermont Phylogroup	NCBI Complete Genome Benchmark	ftp://ftp.ncbi.nlm.nih.gov/genomes/all/GCF/051/991/925/GCF_051991925.1_E102651
420	GCF_051991435.1	Species-Wide Reference Cohort	Escherichia coli	Complete Genome Reference	Stratified Clermont Phylogroup	NCBI Complete Genome Benchmark	ftp://ftp.ncbi.nlm.nih.gov/genomes/all/GCF/051/991/435/GCF_051991435.1_E602687
421	GCF_051930425.1	Species-Wide Reference Cohort	Escherichia coli	Complete Genome Reference	Stratified Clermont Phylogroup	NCBI Complete Genome Benchmark	ftp://ftp.ncbi.nlm.nih.gov/genomes/all/GCF/051/930/425/GCF_051930425.1_ASM5193042v1
422	GCF_051912635.1	Species-Wide Reference Cohort	Escherichia coli	Complete Genome Reference	Stratified Clermont Phylogroup	NCBI Complete Genome Benchmark	ftp://ftp.ncbi.nlm.nih.gov/genomes/all/GCF/051/912/635/GCF_051912635.1_ASM5191263v1
423	GCF_051912625.1	Species-Wide Reference Cohort	Escherichia coli	Complete Genome Reference	Stratified Clermont Phylogroup	NCBI Complete Genome Benchmark	ftp://ftp.ncbi.nlm.nih.gov/genomes/all/GCF/051/912/625/GCF_051912625.1_ASM5191262v1
424	GCF_051912615.1	Species-Wide Reference Cohort	Escherichia coli	Complete Genome Reference	Stratified Clermont Phylogroup	NCBI Complete Genome Benchmark	ftp://ftp.ncbi.nlm.nih.gov/genomes/all/GCF/051/912/615/GCF_051912615.1_ASM5191261v1
425	GCF_051912605.1	Species-Wide Reference Cohort	Escherichia coli	Complete Genome Reference	Stratified Clermont Phylogroup	NCBI Complete Genome Benchmark	ftp://ftp.ncbi.nlm.nih.gov/genomes/all/GCF/051/912/605/GCF_051912605.1_ASM5191260v1
426	GCF_051912595.1	Species-Wide Reference Cohort	Escherichia coli	Complete Genome Reference	Stratified Clermont Phylogroup	NCBI Complete Genome Benchmark	ftp://ftp.ncbi.nlm.nih.gov/genomes/all/GCF/051/912/595/GCF_051912595.1_ASM5191259v1
427	GCF_051903065.1	Species-Wide Reference Cohort	Escherichia coli	Complete Genome Reference	Stratified Clermont Phylogroup	NCBI Complete Genome Benchmark	ftp://ftp.ncbi.nlm.nih.gov/genomes/all/GCF/051/903/065/GCF_051903065.1_ASM5190306v1
428	GCF_051860275.1	Species-Wide Reference Cohort	Escherichia coli	Complete Genome Reference	Stratified Clermont Phylogroup	NCBI Complete Genome Benchmark	ftp://ftp.ncbi.nlm.nih.gov/genomes/all/GCF/051/860/275/GCF_051860275.1_ASM5186027v1
429	GCF_051858945.1	Species-Wide Reference Cohort	Escherichia coli	Complete Genome Reference	Stratified Clermont Phylogroup	NCBI Complete Genome Benchmark	ftp://ftp.ncbi.nlm.nih.gov/genomes/all/GCF/051/858/945/GCF_051858945.1_ASM5185894v1
430	GCF_051853105.1	Species-Wide Reference Cohort	Escherichia coli	Complete Genome Reference	Stratified Clermont Phylogroup	NCBI Complete Genome Benchmark	ftp://ftp.ncbi.nlm.nih.gov/genomes/all/GCF/051/853/105/GCF_051853105.1_ASM5185310v1
431	GCF_051776285.1	Species-Wide Reference Cohort	Escherichia coli	Complete Genome Reference	Stratified Clermont Phylogroup	NCBI Complete Genome Benchmark	ftp://ftp.ncbi.nlm.nih.gov/genomes/all/GCF/051/776/285/GCF_051776285.1_ASM5177628v1
432	GCF_051669855.1	Species-Wide Reference Cohort	Escherichia coli	Complete Genome Reference	Stratified Clermont Phylogroup	NCBI Complete Genome Benchmark	ftp://ftp.ncbi.nlm.nih.gov/genomes/all/GCF/051/669/855/GCF_051669855.1_ASM5166985v1
433	GCF_051619495.1	Species-Wide Reference Cohort	Escherichia coli	Complete Genome Reference	Stratified Clermont Phylogroup	NCBI Complete Genome Benchmark	ftp://ftp.ncbi.nlm.nih.gov/genomes/all/GCF/051/619/495/GCF_051619495.1_ASM5161949v1
434	GCF_051618705.1	Species-Wide Reference Cohort	Escherichia coli	Complete Genome Reference	Stratified Clermont Phylogroup	NCBI Complete Genome Benchmark	ftp://ftp.ncbi.nlm.nih.gov/genomes/all/GCF/051/618/705/GCF_051618705.1_ASM5161870v1
435	GCF_051618695.1	Species-Wide Reference Cohort	Escherichia coli	Complete Genome Reference	Stratified Clermont Phylogroup	NCBI Complete Genome Benchmark	ftp://ftp.ncbi.nlm.nih.gov/genomes/all/GCF/051/618/695/GCF_051618695.1_ASM5161869v1
436	GCF_051617905.1	Species-Wide Reference Cohort	Escherichia coli	Complete Genome Reference	Stratified Clermont Phylogroup	NCBI Complete Genome Benchmark	ftp://ftp.ncbi.nlm.nih.gov/genomes/all/GCF/051/617/905/GCF_051617905.1_ASM5161790v1
437	GCF_051616425.1	Species-Wide Reference Cohort	Escherichia coli	Complete Genome Reference	Stratified Clermont Phylogroup	NCBI Complete Genome Benchmark	ftp://ftp.ncbi.nlm.nih.gov/genomes/all/GCF/051/616/425/GCF_051616425.1_ASM5161642v1
438	GCF_051615685.1	Species-Wide Reference Cohort	Escherichia coli	Complete Genome Reference	Stratified Clermont Phylogroup	NCBI Complete Genome Benchmark	ftp://ftp.ncbi.nlm.nih.gov/genomes/all/GCF/051/615/685/GCF_051615685.1_ASM5161568v1
439	GCF_051614995.1	Species-Wide Reference Cohort	Escherichia coli	Complete Genome Reference	Stratified Clermont Phylogroup	NCBI Complete Genome Benchmark	ftp://ftp.ncbi.nlm.nih.gov/genomes/all/GCF/051/614/995/GCF_051614995.1_ASM5161499v1
440	GCF_051614325.1	Species-Wide Reference Cohort	Escherichia coli	Complete Genome Reference	Stratified Clermont Phylogroup	NCBI Complete Genome Benchmark	ftp://ftp.ncbi.nlm.nih.gov/genomes/all/GCF/051/614/325/GCF_051614325.1_ASM5161432v1
441	GCF_051612765.1	Species-Wide Reference Cohort	Escherichia coli	Complete Genome Reference	Stratified Clermont Phylogroup	NCBI Complete Genome Benchmark	ftp://ftp.ncbi.nlm.nih.gov/genomes/all/GCF/051/612/765/GCF_051612765.1_ASM5161276v1
442	GCF_051612735.1	Species-Wide Reference Cohort	Escherichia coli	Complete Genome Reference	Stratified Clermont Phylogroup	NCBI Complete Genome Benchmark	ftp://ftp.ncbi.nlm.nih.gov/genomes/all/GCF/051/612/735/GCF_051612735.1_ASM5161273v1
443	GCF_051611345.1	Species-Wide Reference Cohort	Escherichia coli	Complete Genome Reference	Stratified Clermont Phylogroup	NCBI Complete Genome Benchmark	ftp://ftp.ncbi.nlm.nih.gov/genomes/all/GCF/051/611/345/GCF_051611345.1_ASM5161134v1
444	GCF_051611295.1	Species-Wide Reference Cohort	Escherichia coli	Complete Genome Reference	Stratified Clermont Phylogroup	NCBI Complete Genome Benchmark	ftp://ftp.ncbi.nlm.nih.gov/genomes/all/GCF/051/611/295/GCF_051611295.1_ASM5161129v1
445	GCF_051610525.1	Species-Wide Reference Cohort	Escherichia coli	Complete Genome Reference	Stratified Clermont Phylogroup	NCBI Complete Genome Benchmark	ftp://ftp.ncbi.nlm.nih.gov/genomes/all/GCF/051/610/525/GCF_051610525.1_ASM5161052v1
446	GCF_051610515.1	Species-Wide Reference Cohort	Escherichia coli	Complete Genome Reference	Stratified Clermont Phylogroup	NCBI Complete Genome Benchmark	ftp://ftp.ncbi.nlm.nih.gov/genomes/all/GCF/051/610/515/GCF_051610515.1_ASM5161051v1
447	GCF_051609665.1	Species-Wide Reference Cohort	Escherichia coli	Complete Genome Reference	Stratified Clermont Phylogroup	NCBI Complete Genome Benchmark	ftp://ftp.ncbi.nlm.nih.gov/genomes/all/GCF/051/609/665/GCF_051609665.1_ASM5160966v1
448	GCF_051609655.1	Species-Wide Reference Cohort	Escherichia coli	Complete Genome Reference	Stratified Clermont Phylogroup	NCBI Complete Genome Benchmark	ftp://ftp.ncbi.nlm.nih.gov/genomes/all/GCF/051/609/655/GCF_051609655.1_ASM5160965v1
449	GCF_051609005.1	Species-Wide Reference Cohort	Escherichia coli	Complete Genome Reference	Stratified Clermont Phylogroup	NCBI Complete Genome Benchmark	ftp://ftp.ncbi.nlm.nih.gov/genomes/all/GCF/051/609/005/GCF_051609005.1_ASM5160900v1
450	GCF_051608995.1	Species-Wide Reference Cohort	Escherichia coli	Complete Genome Reference	Stratified Clermont Phylogroup	NCBI Complete Genome Benchmark	ftp://ftp.ncbi.nlm.nih.gov/genomes/all/GCF/051/608/995/GCF_051608995.1_ASM5160899v1
451	GCF_051608105.1	Species-Wide Reference Cohort	Escherichia coli	Complete Genome Reference	Stratified Clermont Phylogroup	NCBI Complete Genome Benchmark	ftp://ftp.ncbi.nlm.nih.gov/genomes/all/GCF/051/608/105/GCF_051608105.1_ASM5160810v1
452	GCF_051607245.1	Species-Wide Reference Cohort	Escherichia coli	Complete Genome Reference	Stratified Clermont Phylogroup	NCBI Complete Genome Benchmark	ftp://ftp.ncbi.nlm.nih.gov/genomes/all/GCF/051/607/245/GCF_051607245.1_ASM5160724v1
453	GCF_051607235.1	Species-Wide Reference Cohort	Escherichia coli	Complete Genome Reference	Stratified Clermont Phylogroup	NCBI Complete Genome Benchmark	ftp://ftp.ncbi.nlm.nih.gov/genomes/all/GCF/051/607/235/GCF_051607235.1_ASM5160723v1
454	GCF_051606395.1	Species-Wide Reference Cohort	Escherichia coli	Complete Genome Reference	Stratified Clermont Phylogroup	NCBI Complete Genome Benchmark	ftp://ftp.ncbi.nlm.nih.gov/genomes/all/GCF/051/606/395/GCF_051606395.1_ASM5160639v1
455	GCF_051605625.1	Species-Wide Reference Cohort	Escherichia coli	Complete Genome Reference	Stratified Clermont Phylogroup	NCBI Complete Genome Benchmark	ftp://ftp.ncbi.nlm.nih.gov/genomes/all/GCF/051/605/625/GCF_051605625.1_ASM5160562v1
456	GCF_051605615.1	Species-Wide Reference Cohort	Escherichia coli	Complete Genome Reference	Stratified Clermont Phylogroup	NCBI Complete Genome Benchmark	ftp://ftp.ncbi.nlm.nih.gov/genomes/all/GCF/051/605/615/GCF_051605615.1_ASM5160561v1
457	GCF_051604825.1	Species-Wide Reference Cohort	Escherichia coli	Complete Genome Reference	Stratified Clermont Phylogroup	NCBI Complete Genome Benchmark	ftp://ftp.ncbi.nlm.nih.gov/genomes/all/GCF/051/604/825/GCF_051604825.1_ASM5160482v1
458	GCF_051604815.1	Species-Wide Reference Cohort	Escherichia coli	Complete Genome Reference	Stratified Clermont Phylogroup	NCBI Complete Genome Benchmark	ftp://ftp.ncbi.nlm.nih.gov/genomes/all/GCF/051/604/815/GCF_051604815.1_ASM5160481v1
459	GCF_051604025.1	Species-Wide Reference Cohort	Escherichia coli	Complete Genome Reference	Stratified Clermont Phylogroup	NCBI Complete Genome Benchmark	ftp://ftp.ncbi.nlm.nih.gov/genomes/all/GCF/051/604/025/GCF_051604025.1_ASM5160402v1
460	GCF_051604015.1	Species-Wide Reference Cohort	Escherichia coli	Complete Genome Reference	Stratified Clermont Phylogroup	NCBI Complete Genome Benchmark	ftp://ftp.ncbi.nlm.nih.gov/genomes/all/GCF/051/604/015/GCF_051604015.1_ASM5160401v1
461	GCF_051564825.1	Species-Wide Reference Cohort	Escherichia coli	Complete Genome Reference	Stratified Clermont Phylogroup	NCBI Complete Genome Benchmark	ftp://ftp.ncbi.nlm.nih.gov/genomes/all/GCF/051/564/825/GCF_051564825.1_ASM5156482v1
462	GCF_051563795.1	Species-Wide Reference Cohort	Escherichia coli	Complete Genome Reference	Stratified Clermont Phylogroup	NCBI Complete Genome Benchmark	ftp://ftp.ncbi.nlm.nih.gov/genomes/all/GCF/051/563/795/GCF_051563795.1_ASM5156379v1
463	GCF_051563765.1	Species-Wide Reference Cohort	Escherichia coli	Complete Genome Reference	Stratified Clermont Phylogroup	NCBI Complete Genome Benchmark	ftp://ftp.ncbi.nlm.nih.gov/genomes/all/GCF/051/563/765/GCF_051563765.1_ASM5156376v1
464	GCF_051563005.1	Species-Wide Reference Cohort	Escherichia coli	Complete Genome Reference	Stratified Clermont Phylogroup	NCBI Complete Genome Benchmark	ftp://ftp.ncbi.nlm.nih.gov/genomes/all/GCF/051/563/005/GCF_051563005.1_ASM5156300v1
465	GCF_051562965.1	Species-Wide Reference Cohort	Escherichia coli	Complete Genome Reference	Stratified Clermont Phylogroup	NCBI Complete Genome Benchmark	ftp://ftp.ncbi.nlm.nih.gov/genomes/all/GCF/051/562/965/GCF_051562965.1_ASM5156296v1
466	GCF_051562535.1	Species-Wide Reference Cohort	Escherichia coli	Complete Genome Reference	Stratified Clermont Phylogroup	NCBI Complete Genome Benchmark	ftp://ftp.ncbi.nlm.nih.gov/genomes/all/GCF/051/562/535/GCF_051562535.1_ASM5156253v1
467	GCF_051562525.1	Species-Wide Reference Cohort	Escherichia coli	Complete Genome Reference	Stratified Clermont Phylogroup	NCBI Complete Genome Benchmark	ftp://ftp.ncbi.nlm.nih.gov/genomes/all/GCF/051/562/525/GCF_051562525.1_ASM5156252v1
468	GCF_051562295.1	Species-Wide Reference Cohort	Escherichia coli	Complete Genome Reference	Stratified Clermont Phylogroup	NCBI Complete Genome Benchmark	ftp://ftp.ncbi.nlm.nih.gov/genomes/all/GCF/051/562/295/GCF_051562295.1_ASM5156229v1
469	GCF_051562285.1	Species-Wide Reference Cohort	Escherichia coli	Complete Genome Reference	Stratified Clermont Phylogroup	NCBI Complete Genome Benchmark	ftp://ftp.ncbi.nlm.nih.gov/genomes/all/GCF/051/562/285/GCF_051562285.1_ASM5156228v1
470	GCF_051562015.1	Species-Wide Reference Cohort	Escherichia coli	Complete Genome Reference	Stratified Clermont Phylogroup	NCBI Complete Genome Benchmark	ftp://ftp.ncbi.nlm.nih.gov/genomes/all/GCF/051/562/015/GCF_051562015.1_ASM5156201v1
471	GCF_051562005.1	Species-Wide Reference Cohort	Escherichia coli	Complete Genome Reference	Stratified Clermont Phylogroup	NCBI Complete Genome Benchmark	ftp://ftp.ncbi.nlm.nih.gov/genomes/all/GCF/051/562/005/GCF_051562005.1_ASM5156200v1
472	GCF_051561535.1	Species-Wide Reference Cohort	Escherichia coli	Complete Genome Reference	Stratified Clermont Phylogroup	NCBI Complete Genome Benchmark	ftp://ftp.ncbi.nlm.nih.gov/genomes/all/GCF/051/561/535/GCF_051561535.1_ASM5156153v1
473	GCF_051561195.1	Species-Wide Reference Cohort	Escherichia coli	Complete Genome Reference	Stratified Clermont Phylogroup	NCBI Complete Genome Benchmark	ftp://ftp.ncbi.nlm.nih.gov/genomes/all/GCF/051/561/195/GCF_051561195.1_ASM5156119v1
474	GCF_051560175.1	Species-Wide Reference Cohort	Escherichia coli	Complete Genome Reference	Stratified Clermont Phylogroup	NCBI Complete Genome Benchmark	ftp://ftp.ncbi.nlm.nih.gov/genomes/all/GCF/051/560/175/GCF_051560175.1_ASM5156017v1
475	GCF_051560165.1	Species-Wide Reference Cohort	Escherichia coli	Complete Genome Reference	Stratified Clermont Phylogroup	NCBI Complete Genome Benchmark	ftp://ftp.ncbi.nlm.nih.gov/genomes/all/GCF/051/560/165/GCF_051560165.1_ASM5156016v1
476	GCF_051559745.1	Species-Wide Reference Cohort	Escherichia coli	Complete Genome Reference	Stratified Clermont Phylogroup	NCBI Complete Genome Benchmark	ftp://ftp.ncbi.nlm.nih.gov/genomes/all/GCF/051/559/745/GCF_051559745.1_ASM5155974v1
477	GCF_051559755.1	Species-Wide Reference Cohort	Escherichia coli	Complete Genome Reference	Stratified Clermont Phylogroup	NCBI Complete Genome Benchmark	ftp://ftp.ncbi.nlm.nih.gov/genomes/all/GCF/051/559/755/GCF_051559755.1_ASM5155975v1
478	GCF_051559245.1	Species-Wide Reference Cohort	Escherichia coli	Complete Genome Reference	Stratified Clermont Phylogroup	NCBI Complete Genome Benchmark	ftp://ftp.ncbi.nlm.nih.gov/genomes/all/GCF/051/559/245/GCF_051559245.1_ASM5155924v1
479	GCF_051559225.1	Species-Wide Reference Cohort	Escherichia coli	Complete Genome Reference	Stratified Clermont Phylogroup	NCBI Complete Genome Benchmark	ftp://ftp.ncbi.nlm.nih.gov/genomes/all/GCF/051/559/225/GCF_051559225.1_ASM5155922v1
480	GCF_051558915.1	Species-Wide Reference Cohort	Escherichia coli	Complete Genome Reference	Stratified Clermont Phylogroup	NCBI Complete Genome Benchmark	ftp://ftp.ncbi.nlm.nih.gov/genomes/all/GCF/051/558/915/GCF_051558915.1_ASM5155891v1
481	GCF_051558905.1	Species-Wide Reference Cohort	Escherichia coli	Complete Genome Reference	Stratified Clermont Phylogroup	NCBI Complete Genome Benchmark	ftp://ftp.ncbi.nlm.nih.gov/genomes/all/GCF/051/558/905/GCF_051558905.1_ASM5155890v1
482	GCF_051558715.1	Species-Wide Reference Cohort	Escherichia coli	Complete Genome Reference	Stratified Clermont Phylogroup	NCBI Complete Genome Benchmark	ftp://ftp.ncbi.nlm.nih.gov/genomes/all/GCF/051/558/715/GCF_051558715.1_ASM5155871v1
483	GCF_051558705.1	Species-Wide Reference Cohort	Escherichia coli	Complete Genome Reference	Stratified Clermont Phylogroup	NCBI Complete Genome Benchmark	ftp://ftp.ncbi.nlm.nih.gov/genomes/all/GCF/051/558/705/GCF_051558705.1_ASM5155870v1
484	GCF_051558235.1	Species-Wide Reference Cohort	Escherichia coli	Complete Genome Reference	Stratified Clermont Phylogroup	NCBI Complete Genome Benchmark	ftp://ftp.ncbi.nlm.nih.gov/genomes/all/GCF/051/558/235/GCF_051558235.1_ASM5155823v1
485	GCF_051549685.1	Species-Wide Reference Cohort	Escherichia coli	Complete Genome Reference	Stratified Clermont Phylogroup	NCBI Complete Genome Benchmark	ftp://ftp.ncbi.nlm.nih.gov/genomes/all/GCF/051/549/685/GCF_051549685.1_ASM5154968v1
486	GCF_051549665.1	Species-Wide Reference Cohort	Escherichia coli	Complete Genome Reference	Stratified Clermont Phylogroup	NCBI Complete Genome Benchmark	ftp://ftp.ncbi.nlm.nih.gov/genomes/all/GCF/051/549/665/GCF_051549665.1_ASM5154966v1
487	GCF_965645325.1	Species-Wide Reference Cohort	Escherichia coli	Complete Genome Reference	Stratified Clermont Phylogroup	NCBI Complete Genome Benchmark	ftp://ftp.ncbi.nlm.nih.gov/genomes/all/GCF/965/645/325/GCF_965645325.1_APEC_PE144
488	GCF_051549655.1	Species-Wide Reference Cohort	Escherichia coli	Complete Genome Reference	Stratified Clermont Phylogroup	NCBI Complete Genome Benchmark	ftp://ftp.ncbi.nlm.nih.gov/genomes/all/GCF/051/549/655/GCF_051549655.1_ASM5154965v1
489	GCF_051546155.1	Species-Wide Reference Cohort	Escherichia coli	Complete Genome Reference	Stratified Clermont Phylogroup	NCBI Complete Genome Benchmark	ftp://ftp.ncbi.nlm.nih.gov/genomes/all/GCF/051/546/155/GCF_051546155.1_ASM5154615v1
490	GCF_051546145.1	Species-Wide Reference Cohort	Escherichia coli	Complete Genome Reference	Stratified Clermont Phylogroup	NCBI Complete Genome Benchmark	ftp://ftp.ncbi.nlm.nih.gov/genomes/all/GCF/051/546/145/GCF_051546145.1_ASM5154614v1
491	GCF_051522385.1	Species-Wide Reference Cohort	Escherichia coli	Complete Genome Reference	Stratified Clermont Phylogroup	NCBI Complete Genome Benchmark	ftp://ftp.ncbi.nlm.nih.gov/genomes/all/GCF/051/522/385/GCF_051522385.1_ASM5152238v1
492	GCF_051522375.1	Species-Wide Reference Cohort	Escherichia coli	Complete Genome Reference	Stratified Clermont Phylogroup	NCBI Complete Genome Benchmark	ftp://ftp.ncbi.nlm.nih.gov/genomes/all/GCF/051/522/375/GCF_051522375.1_ASM5152237v1
493	GCF_051521985.1	Species-Wide Reference Cohort	Escherichia coli	Complete Genome Reference	Stratified Clermont Phylogroup	NCBI Complete Genome Benchmark	ftp://ftp.ncbi.nlm.nih.gov/genomes/all/GCF/051/521/985/GCF_051521985.1_ASM5152198v1
494	GCF_051521975.1	Species-Wide Reference Cohort	Escherichia coli	Complete Genome Reference	Stratified Clermont Phylogroup	NCBI Complete Genome Benchmark	ftp://ftp.ncbi.nlm.nih.gov/genomes/all/GCF/051/521/975/GCF_051521975.1_ASM5152197v1
495	GCF_051521965.1	Species-Wide Reference Cohort	Escherichia coli	Complete Genome Reference	Stratified Clermont Phylogroup	NCBI Complete Genome Benchmark	ftp://ftp.ncbi.nlm.nih.gov/genomes/all/GCF/051/521/965/GCF_051521965.1_ASM5152196v1
496	GCF_051521955.1	Species-Wide Reference Cohort	Escherichia coli	Complete Genome Reference	Stratified Clermont Phylogroup	NCBI Complete Genome Benchmark	ftp://ftp.ncbi.nlm.nih.gov/genomes/all/GCF/051/521/955/GCF_051521955.1_ASM5152195v1
497	GCA_051521945.1	Species-Wide Reference Cohort	Escherichia coli	Complete Genome Reference	Stratified Clermont Phylogroup	NCBI Complete Genome Benchmark	ftp://ftp.ncbi.nlm.nih.gov/genomes/all/GCA/051/521/945/GCA_051521945.1_ASM5152194v1
498	GCF_051521935.1	Species-Wide Reference Cohort	Escherichia coli	Complete Genome Reference	Stratified Clermont Phylogroup	NCBI Complete Genome Benchmark	ftp://ftp.ncbi.nlm.nih.gov/genomes/all/GCF/051/521/935/GCF_051521935.1_ASM5152193v1
499	GCF_051521925.1	Species-Wide Reference Cohort	Escherichia coli	Complete Genome Reference	Stratified Clermont Phylogroup	NCBI Complete Genome Benchmark	ftp://ftp.ncbi.nlm.nih.gov/genomes/all/GCF/051/521/925/GCF_051521925.1_ASM5152192v1
500	GCF_051521915.1	Species-Wide Reference Cohort	Escherichia coli	Complete Genome Reference	Stratified Clermont Phylogroup	NCBI Complete Genome Benchmark	ftp://ftp.ncbi.nlm.nih.gov/genomes/all/GCF/051/521/915/GCF_051521915.1_ASM5152191v1
501	GCF_051521905.1	Species-Wide Reference Cohort	Escherichia coli	Complete Genome Reference	Stratified Clermont Phylogroup	NCBI Complete Genome Benchmark	ftp://ftp.ncbi.nlm.nih.gov/genomes/all/GCF/051/521/905/GCF_051521905.1_ASM5152190v1
502	GCF_051521895.1	Species-Wide Reference Cohort	Escherichia coli	Complete Genome Reference	Stratified Clermont Phylogroup	NCBI Complete Genome Benchmark	ftp://ftp.ncbi.nlm.nih.gov/genomes/all/GCF/051/521/895/GCF_051521895.1_ASM5152189v1
503	GCF_051521885.1	Species-Wide Reference Cohort	Escherichia coli	Complete Genome Reference	Stratified Clermont Phylogroup	NCBI Complete Genome Benchmark	ftp://ftp.ncbi.nlm.nih.gov/genomes/all/GCF/051/521/885/GCF_051521885.1_ASM5152188v1
504	GCF_051521865.1	Species-Wide Reference Cohort	Escherichia coli	Complete Genome Reference	Stratified Clermont Phylogroup	NCBI Complete Genome Benchmark	ftp://ftp.ncbi.nlm.nih.gov/genomes/all/GCF/051/521/865/GCF_051521865.1_ASM5152186v1
505	GCF_051521855.1	Species-Wide Reference Cohort	Escherichia coli	Complete Genome Reference	Stratified Clermont Phylogroup	NCBI Complete Genome Benchmark	ftp://ftp.ncbi.nlm.nih.gov/genomes/all/GCF/051/521/855/GCF_051521855.1_ASM5152185v1
506	GCF_051521845.1	Species-Wide Reference Cohort	Escherichia coli	Complete Genome Reference	Stratified Clermont Phylogroup	NCBI Complete Genome Benchmark	ftp://ftp.ncbi.nlm.nih.gov/genomes/all/GCF/051/521/845/GCF_051521845.1_ASM5152184v1
507	GCF_051521835.1	Species-Wide Reference Cohort	Escherichia coli	Complete Genome Reference	Stratified Clermont Phylogroup	NCBI Complete Genome Benchmark	ftp://ftp.ncbi.nlm.nih.gov/genomes/all/GCF/051/521/835/GCF_051521835.1_C10g
508	GCF_051521825.1	Species-Wide Reference Cohort	Escherichia coli	Complete Genome Reference	Stratified Clermont Phylogroup	NCBI Complete Genome Benchmark	ftp://ftp.ncbi.nlm.nih.gov/genomes/all/GCF/051/521/825/GCF_051521825.1_G5g
509	GCF_051521815.1	Species-Wide Reference Cohort	Escherichia coli	Complete Genome Reference	Stratified Clermont Phylogroup	NCBI Complete Genome Benchmark	ftp://ftp.ncbi.nlm.nih.gov/genomes/all/GCF/051/521/815/GCF_051521815.1_ASM5152181v1
510	GCF_051397845.1	Species-Wide Reference Cohort	Escherichia coli	Complete Genome Reference	Stratified Clermont Phylogroup	NCBI Complete Genome Benchmark	ftp://ftp.ncbi.nlm.nih.gov/genomes/all/GCF/051/397/845/GCF_051397845.1_ASM5139784v1
511	GCF_051397835.1	Species-Wide Reference Cohort	Escherichia coli	Complete Genome Reference	Stratified Clermont Phylogroup	NCBI Complete Genome Benchmark	ftp://ftp.ncbi.nlm.nih.gov/genomes/all/GCF/051/397/835/GCF_051397835.1_ASM5139783v1
512	GCF_051359655.1	Species-Wide Reference Cohort	Escherichia coli	Complete Genome Reference	Stratified Clermont Phylogroup	NCBI Complete Genome Benchmark	ftp://ftp.ncbi.nlm.nih.gov/genomes/all/GCF/051/359/655/GCF_051359655.1_ASM5135965v1
513	GCF_051351685.1	Species-Wide Reference Cohort	Escherichia coli	Complete Genome Reference	Stratified Clermont Phylogroup	NCBI Complete Genome Benchmark	ftp://ftp.ncbi.nlm.nih.gov/genomes/all/GCF/051/351/685/GCF_051351685.1_ASM5135168v1
514	GCF_051307245.1	Species-Wide Reference Cohort	Escherichia coli	Complete Genome Reference	Stratified Clermont Phylogroup	NCBI Complete Genome Benchmark	ftp://ftp.ncbi.nlm.nih.gov/genomes/all/GCF/051/307/245/GCF_051307245.1_ASM5130724v1
515	GCF_051307235.1	Species-Wide Reference Cohort	Escherichia coli	Complete Genome Reference	Stratified Clermont Phylogroup	NCBI Complete Genome Benchmark	ftp://ftp.ncbi.nlm.nih.gov/genomes/all/GCF/051/307/235/GCF_051307235.1_ASM5130723v1
516	GCF_965641705.1	Species-Wide Reference Cohort	Escherichia coli	Complete Genome Reference	Stratified Clermont Phylogroup	NCBI Complete Genome Benchmark	ftp://ftp.ncbi.nlm.nih.gov/genomes/all/GCF/965/641/705/GCF_965641705.1_GPT24-01
517	GCF_965641715.1	Species-Wide Reference Cohort	Escherichia coli	Complete Genome Reference	Stratified Clermont Phylogroup	NCBI Complete Genome Benchmark	ftp://ftp.ncbi.nlm.nih.gov/genomes/all/GCF/965/641/715/GCF_965641715.1_GPT24-02
518	GCF_051225595.1	Species-Wide Reference Cohort	Escherichia coli	Complete Genome Reference	Stratified Clermont Phylogroup	NCBI Complete Genome Benchmark	ftp://ftp.ncbi.nlm.nih.gov/genomes/all/GCF/051/225/595/GCF_051225595.1_ASM5122559v1
519	GCF_051200775.1	Species-Wide Reference Cohort	Escherichia coli	Complete Genome Reference	Stratified Clermont Phylogroup	NCBI Complete Genome Benchmark	ftp://ftp.ncbi.nlm.nih.gov/genomes/all/GCF/051/200/775/GCF_051200775.1_ASM5120077v1
520	GCA_051200755.1	Species-Wide Reference Cohort	Escherichia coli	Complete Genome Reference	Stratified Clermont Phylogroup	NCBI Complete Genome Benchmark	ftp://ftp.ncbi.nlm.nih.gov/genomes/all/GCA/051/200/755/GCA_051200755.1_ASM5120075v1
521	GCF_051175645.1	Species-Wide Reference Cohort	Escherichia coli	Complete Genome Reference	Stratified Clermont Phylogroup	NCBI Complete Genome Benchmark	ftp://ftp.ncbi.nlm.nih.gov/genomes/all/GCF/051/175/645/GCF_051175645.1_ASM5117564v1
522	GCA_051175635.1	Species-Wide Reference Cohort	Escherichia coli	Complete Genome Reference	Stratified Clermont Phylogroup	NCBI Complete Genome Benchmark	ftp://ftp.ncbi.nlm.nih.gov/genomes/all/GCA/051/175/635/GCA_051175635.1_ASM5117563v1
523	GCF_051175605.1	Species-Wide Reference Cohort	Escherichia coli	Complete Genome Reference	Stratified Clermont Phylogroup	NCBI Complete Genome Benchmark	ftp://ftp.ncbi.nlm.nih.gov/genomes/all/GCF/051/175/605/GCF_051175605.1_ASM5117560v1
524	GCF_051166445.1	Species-Wide Reference Cohort	Escherichia coli	Complete Genome Reference	Stratified Clermont Phylogroup	NCBI Complete Genome Benchmark	ftp://ftp.ncbi.nlm.nih.gov/genomes/all/GCF/051/166/445/GCF_051166445.1_ASM5116644v1
525	GCF_051163645.1	Species-Wide Reference Cohort	Escherichia coli	Complete Genome Reference	Stratified Clermont Phylogroup	NCBI Complete Genome Benchmark	ftp://ftp.ncbi.nlm.nih.gov/genomes/all/GCF/051/163/645/GCF_051163645.1_ASM5116364v1
526	GCF_051136195.1	Species-Wide Reference Cohort	Escherichia coli	Complete Genome Reference	Stratified Clermont Phylogroup	NCBI Complete Genome Benchmark	ftp://ftp.ncbi.nlm.nih.gov/genomes/all/GCF/051/136/195/GCF_051136195.1_ASM5113619v1
527	GCF_051136185.1	Species-Wide Reference Cohort	Escherichia coli	Complete Genome Reference	Stratified Clermont Phylogroup	NCBI Complete Genome Benchmark	ftp://ftp.ncbi.nlm.nih.gov/genomes/all/GCF/051/136/185/GCF_051136185.1_ASM5113618v1
528	GCF_051136165.1	Species-Wide Reference Cohort	Escherichia coli	Complete Genome Reference	Stratified Clermont Phylogroup	NCBI Complete Genome Benchmark	ftp://ftp.ncbi.nlm.nih.gov/genomes/all/GCF/051/136/165/GCF_051136165.1_ASM5113616v1
529	GCF_051136175.1	Species-Wide Reference Cohort	Escherichia coli	Complete Genome Reference	Stratified Clermont Phylogroup	NCBI Complete Genome Benchmark	ftp://ftp.ncbi.nlm.nih.gov/genomes/all/GCF/051/136/175/GCF_051136175.1_ASM5113617v1
530	GCF_051122725.1	Species-Wide Reference Cohort	Escherichia coli	Complete Genome Reference	Stratified Clermont Phylogroup	NCBI Complete Genome Benchmark	ftp://ftp.ncbi.nlm.nih.gov/genomes/all/GCF/051/122/725/GCF_051122725.1_E._coli_47-1826
531	GCF_051122695.1	Species-Wide Reference Cohort	Escherichia coli	Complete Genome Reference	Stratified Clermont Phylogroup	NCBI Complete Genome Benchmark	ftp://ftp.ncbi.nlm.nih.gov/genomes/all/GCF/051/122/695/GCF_051122695.1_ASM5112269v1
532	GCF_051122685.1	Species-Wide Reference Cohort	Escherichia coli	Complete Genome Reference	Stratified Clermont Phylogroup	NCBI Complete Genome Benchmark	ftp://ftp.ncbi.nlm.nih.gov/genomes/all/GCF/051/122/685/GCF_051122685.1_ASM5112268v1
533	GCF_051122675.1	Species-Wide Reference Cohort	Escherichia coli	Complete Genome Reference	Stratified Clermont Phylogroup	NCBI Complete Genome Benchmark	ftp://ftp.ncbi.nlm.nih.gov/genomes/all/GCF/051/122/675/GCF_051122675.1_ASM5112267v1
534	GCF_051122425.1	Species-Wide Reference Cohort	Escherichia coli	Complete Genome Reference	Stratified Clermont Phylogroup	NCBI Complete Genome Benchmark	ftp://ftp.ncbi.nlm.nih.gov/genomes/all/GCF/051/122/425/GCF_051122425.1_CEA106S
535	GCF_051122415.1	Species-Wide Reference Cohort	Escherichia coli	Complete Genome Reference	Stratified Clermont Phylogroup	NCBI Complete Genome Benchmark	ftp://ftp.ncbi.nlm.nih.gov/genomes/all/GCF/051/122/415/GCF_051122415.1_CEA601S
536	GCF_051122405.1	Species-Wide Reference Cohort	Escherichia coli	Complete Genome Reference	Stratified Clermont Phylogroup	NCBI Complete Genome Benchmark	ftp://ftp.ncbi.nlm.nih.gov/genomes/all/GCF/051/122/405/GCF_051122405.1_CEA212U
537	GCF_051122395.1	Species-Wide Reference Cohort	Escherichia coli	Complete Genome Reference	Stratified Clermont Phylogroup	NCBI Complete Genome Benchmark	ftp://ftp.ncbi.nlm.nih.gov/genomes/all/GCF/051/122/395/GCF_051122395.1_CEA224S
538	GCF_051106255.1	Species-Wide Reference Cohort	Escherichia coli	Complete Genome Reference	Stratified Clermont Phylogroup	NCBI Complete Genome Benchmark	ftp://ftp.ncbi.nlm.nih.gov/genomes/all/GCF/051/106/255/GCF_051106255.1_ASM5110625v1
539	GCF_051100545.1	Species-Wide Reference Cohort	Escherichia coli	Complete Genome Reference	Stratified Clermont Phylogroup	NCBI Complete Genome Benchmark	ftp://ftp.ncbi.nlm.nih.gov/genomes/all/GCF/051/100/545/GCF_051100545.1_ASM5110054v1
540	GCF_051100375.1	Species-Wide Reference Cohort	Escherichia coli	Complete Genome Reference	Stratified Clermont Phylogroup	NCBI Complete Genome Benchmark	ftp://ftp.ncbi.nlm.nih.gov/genomes/all/GCF/051/100/375/GCF_051100375.1_ASM5110037v1
541	GCF_051054885.1	Species-Wide Reference Cohort	Escherichia coli	Complete Genome Reference	Stratified Clermont Phylogroup	NCBI Complete Genome Benchmark	ftp://ftp.ncbi.nlm.nih.gov/genomes/all/GCF/051/054/885/GCF_051054885.1_ASM5105488v1
542	GCF_051048115.1	Species-Wide Reference Cohort	Escherichia coli	Complete Genome Reference	Stratified Clermont Phylogroup	NCBI Complete Genome Benchmark	ftp://ftp.ncbi.nlm.nih.gov/genomes/all/GCF/051/048/115/GCF_051048115.1_ASM5104811v1
543	GCF_051035765.1	Species-Wide Reference Cohort	Escherichia coli	Complete Genome Reference	Stratified Clermont Phylogroup	NCBI Complete Genome Benchmark	ftp://ftp.ncbi.nlm.nih.gov/genomes/all/GCF/051/035/765/GCF_051035765.1_ASM5103576v1
544	GCF_051027595.1	Species-Wide Reference Cohort	Escherichia coli	Complete Genome Reference	Stratified Clermont Phylogroup	NCBI Complete Genome Benchmark	ftp://ftp.ncbi.nlm.nih.gov/genomes/all/GCF/051/027/595/GCF_051027595.1_ASM5102759v1
545	GCF_051027585.1	Species-Wide Reference Cohort	Escherichia coli	Complete Genome Reference	Stratified Clermont Phylogroup	NCBI Complete Genome Benchmark	ftp://ftp.ncbi.nlm.nih.gov/genomes/all/GCF/051/027/585/GCF_051027585.1_ASM5102758v1
546	GCF_051012535.1	Species-Wide Reference Cohort	Escherichia coli	Complete Genome Reference	Stratified Clermont Phylogroup	NCBI Complete Genome Benchmark	ftp://ftp.ncbi.nlm.nih.gov/genomes/all/GCF/051/012/535/GCF_051012535.1_ASM5101253v1
547	GCF_051012485.1	Species-Wide Reference Cohort	Escherichia coli	Complete Genome Reference	Stratified Clermont Phylogroup	NCBI Complete Genome Benchmark	ftp://ftp.ncbi.nlm.nih.gov/genomes/all/GCF/051/012/485/GCF_051012485.1_ASM5101248v1
548	GCF_051012475.1	Species-Wide Reference Cohort	Escherichia coli	Complete Genome Reference	Stratified Clermont Phylogroup	NCBI Complete Genome Benchmark	ftp://ftp.ncbi.nlm.nih.gov/genomes/all/GCF/051/012/475/GCF_051012475.1_ASM5101247v1
549	GCF_050957145.1	Species-Wide Reference Cohort	Escherichia coli	Complete Genome Reference	Stratified Clermont Phylogroup	NCBI Complete Genome Benchmark	ftp://ftp.ncbi.nlm.nih.gov/genomes/all/GCF/050/957/145/GCF_050957145.1_ASM5095714v1
550	GCF_050956535.1	Species-Wide Reference Cohort	Escherichia coli	Complete Genome Reference	Stratified Clermont Phylogroup	NCBI Complete Genome Benchmark	ftp://ftp.ncbi.nlm.nih.gov/genomes/all/GCF/050/956/535/GCF_050956535.1_ASM5095653v1
551	GCF_050956525.1	Species-Wide Reference Cohort	Escherichia coli	Complete Genome Reference	Stratified Clermont Phylogroup	NCBI Complete Genome Benchmark	ftp://ftp.ncbi.nlm.nih.gov/genomes/all/GCF/050/956/525/GCF_050956525.1_ASM5095652v1
552	GCF_050932145.1	Species-Wide Reference Cohort	Escherichia coli	Complete Genome Reference	Stratified Clermont Phylogroup	NCBI Complete Genome Benchmark	ftp://ftp.ncbi.nlm.nih.gov/genomes/all/GCF/050/932/145/GCF_050932145.1_2850
553	GCF_050932135.1	Species-Wide Reference Cohort	Escherichia coli	Complete Genome Reference	Stratified Clermont Phylogroup	NCBI Complete Genome Benchmark	ftp://ftp.ncbi.nlm.nih.gov/genomes/all/GCF/050/932/135/GCF_050932135.1_1255
554	GCA_050920485.1	Species-Wide Reference Cohort	Escherichia coli	Complete Genome Reference	Stratified Clermont Phylogroup	NCBI Complete Genome Benchmark	ftp://ftp.ncbi.nlm.nih.gov/genomes/all/GCA/050/920/485/GCA_050920485.1_ASM5092048v1
555	GCA_050920475.1	Species-Wide Reference Cohort	Escherichia coli	Complete Genome Reference	Stratified Clermont Phylogroup	NCBI Complete Genome Benchmark	ftp://ftp.ncbi.nlm.nih.gov/genomes/all/GCA/050/920/475/GCA_050920475.1_ASM5092047v1
556	GCA_050920465.1	Species-Wide Reference Cohort	Escherichia coli	Complete Genome Reference	Stratified Clermont Phylogroup	NCBI Complete Genome Benchmark	ftp://ftp.ncbi.nlm.nih.gov/genomes/all/GCA/050/920/465/GCA_050920465.1_ASM5092046v1
557	GCA_050920455.1	Species-Wide Reference Cohort	Escherichia coli	Complete Genome Reference	Stratified Clermont Phylogroup	NCBI Complete Genome Benchmark	ftp://ftp.ncbi.nlm.nih.gov/genomes/all/GCA/050/920/455/GCA_050920455.1_ASM5092045v1
558	GCA_050920445.1	Species-Wide Reference Cohort	Escherichia coli	Complete Genome Reference	Stratified Clermont Phylogroup	NCBI Complete Genome Benchmark	ftp://ftp.ncbi.nlm.nih.gov/genomes/all/GCA/050/920/445/GCA_050920445.1_ASM5092044v1
559	GCF_050920435.1	Species-Wide Reference Cohort	Escherichia coli	Complete Genome Reference	Stratified Clermont Phylogroup	NCBI Complete Genome Benchmark	ftp://ftp.ncbi.nlm.nih.gov/genomes/all/GCF/050/920/435/GCF_050920435.1_ASM5092043v1
560	GCF_050920415.1	Species-Wide Reference Cohort	Escherichia coli	Complete Genome Reference	Stratified Clermont Phylogroup	NCBI Complete Genome Benchmark	ftp://ftp.ncbi.nlm.nih.gov/genomes/all/GCF/050/920/415/GCF_050920415.1_ASM5092041v1
561	GCA_050920425.1	Species-Wide Reference Cohort	Escherichia coli	Complete Genome Reference	Stratified Clermont Phylogroup	NCBI Complete Genome Benchmark	ftp://ftp.ncbi.nlm.nih.gov/genomes/all/GCA/050/920/425/GCA_050920425.1_ASM5092042v1
562	GCF_050920405.1	Species-Wide Reference Cohort	Escherichia coli	Complete Genome Reference	Stratified Clermont Phylogroup	NCBI Complete Genome Benchmark	ftp://ftp.ncbi.nlm.nih.gov/genomes/all/GCF/050/920/405/GCF_050920405.1_ASM5092040v1
563	GCF_050916145.1	Species-Wide Reference Cohort	Escherichia coli	Complete Genome Reference	Stratified Clermont Phylogroup	NCBI Complete Genome Benchmark	ftp://ftp.ncbi.nlm.nih.gov/genomes/all/GCF/050/916/145/GCF_050916145.1_ASM5091614v1
564	GCF_050916125.1	Species-Wide Reference Cohort	Escherichia coli	Complete Genome Reference	Stratified Clermont Phylogroup	NCBI Complete Genome Benchmark	ftp://ftp.ncbi.nlm.nih.gov/genomes/all/GCF/050/916/125/GCF_050916125.1_ASM5091612v1
565	GCF_050909155.1	Species-Wide Reference Cohort	Escherichia coli	Complete Genome Reference	Stratified Clermont Phylogroup	NCBI Complete Genome Benchmark	ftp://ftp.ncbi.nlm.nih.gov/genomes/all/GCF/050/909/155/GCF_050909155.1_ASM5090915v1
566	GCF_050887695.1	Species-Wide Reference Cohort	Escherichia coli	Complete Genome Reference	Stratified Clermont Phylogroup	NCBI Complete Genome Benchmark	ftp://ftp.ncbi.nlm.nih.gov/genomes/all/GCF/050/887/695/GCF_050887695.1_SEV1
567	GCA_049947785.2	Species-Wide Reference Cohort	Escherichia coli	Complete Genome Reference	Stratified Clermont Phylogroup	NCBI Complete Genome Benchmark	ftp://ftp.ncbi.nlm.nih.gov/genomes/all/GCA/049/947/785/GCA_049947785.2_ASM4994778v2
568	GCA_048640255.2	Species-Wide Reference Cohort	Escherichia coli	Complete Genome Reference	Stratified Clermont Phylogroup	NCBI Complete Genome Benchmark	ftp://ftp.ncbi.nlm.nih.gov/genomes/all/GCA/048/640/255/GCA_048640255.2_ASM4864025v2
569	GCF_050870975.1	Species-Wide Reference Cohort	Escherichia coli	Complete Genome Reference	Stratified Clermont Phylogroup	NCBI Complete Genome Benchmark	ftp://ftp.ncbi.nlm.nih.gov/genomes/all/GCF/050/870/975/GCF_050870975.1_ASM5087097v1
570	GCF_050870965.1	Species-Wide Reference Cohort	Escherichia coli	Complete Genome Reference	Stratified Clermont Phylogroup	NCBI Complete Genome Benchmark	ftp://ftp.ncbi.nlm.nih.gov/genomes/all/GCF/050/870/965/GCF_050870965.1_ASM5087096v1
571	GCF_050859215.1	Species-Wide Reference Cohort	Escherichia coli	Complete Genome Reference	Stratified Clermont Phylogroup	NCBI Complete Genome Benchmark	ftp://ftp.ncbi.nlm.nih.gov/genomes/all/GCF/050/859/215/GCF_050859215.1_SEV4
572	GCF_050859205.1	Species-Wide Reference Cohort	Escherichia coli	Complete Genome Reference	Stratified Clermont Phylogroup	NCBI Complete Genome Benchmark	ftp://ftp.ncbi.nlm.nih.gov/genomes/all/GCF/050/859/205/GCF_050859205.1_TF5
573	GCF_050859195.1	Species-Wide Reference Cohort	Escherichia coli	Complete Genome Reference	Stratified Clermont Phylogroup	NCBI Complete Genome Benchmark	ftp://ftp.ncbi.nlm.nih.gov/genomes/all/GCF/050/859/195/GCF_050859195.1_TST3
574	GCF_050859165.1	Species-Wide Reference Cohort	Escherichia coli	Complete Genome Reference	Stratified Clermont Phylogroup	NCBI Complete Genome Benchmark	ftp://ftp.ncbi.nlm.nih.gov/genomes/all/GCF/050/859/165/GCF_050859165.1_TBE6
575	GCF_050858975.1	Species-Wide Reference Cohort	Escherichia coli	Complete Genome Reference	Stratified Clermont Phylogroup	NCBI Complete Genome Benchmark	ftp://ftp.ncbi.nlm.nih.gov/genomes/all/GCF/050/858/975/GCF_050858975.1_ASM5085897v1
576	GCF_050858555.1	Species-Wide Reference Cohort	Escherichia coli	Complete Genome Reference	Stratified Clermont Phylogroup	NCBI Complete Genome Benchmark	ftp://ftp.ncbi.nlm.nih.gov/genomes/all/GCF/050/858/555/GCF_050858555.1_ASM5085855v1
577	GCF_050847245.1	Species-Wide Reference Cohort	Escherichia coli	Complete Genome Reference	Stratified Clermont Phylogroup	NCBI Complete Genome Benchmark	ftp://ftp.ncbi.nlm.nih.gov/genomes/all/GCF/050/847/245/GCF_050847245.1_1258
578	GCF_965318735.1	Species-Wide Reference Cohort	Escherichia coli	Complete Genome Reference	Stratified Clermont Phylogroup	NCBI Complete Genome Benchmark	ftp://ftp.ncbi.nlm.nih.gov/genomes/all/GCF/965/318/735/GCF_965318735.1_GENOMIC23-002
579	GCF_965319085.1	Species-Wide Reference Cohort	Escherichia coli	Complete Genome Reference	Stratified Clermont Phylogroup	NCBI Complete Genome Benchmark	ftp://ftp.ncbi.nlm.nih.gov/genomes/all/GCF/965/319/085/GCF_965319085.1_GENOMIC23-001
580	GCF_050753445.1	Species-Wide Reference Cohort	Escherichia coli	Complete Genome Reference	Stratified Clermont Phylogroup	NCBI Complete Genome Benchmark	ftp://ftp.ncbi.nlm.nih.gov/genomes/all/GCF/050/753/445/GCF_050753445.1_Hybrid_genome_assembly_using_MiSeq_and_MinION
581	GCF_050753095.1	Species-Wide Reference Cohort	Escherichia coli	Complete Genome Reference	Stratified Clermont Phylogroup	NCBI Complete Genome Benchmark	ftp://ftp.ncbi.nlm.nih.gov/genomes/all/GCF/050/753/095/GCF_050753095.1_Hybrid_genome_assembly_using_MiSeq_and_MinION
582	GCF_050753085.1	Species-Wide Reference Cohort	Escherichia coli	Complete Genome Reference	Stratified Clermont Phylogroup	NCBI Complete Genome Benchmark	ftp://ftp.ncbi.nlm.nih.gov/genomes/all/GCF/050/753/085/GCF_050753085.1_Hybrid_genome_assembly_using_MiSeq_and_MinION
583	GCF_050752235.1	Species-Wide Reference Cohort	Escherichia coli	Complete Genome Reference	Stratified Clermont Phylogroup	NCBI Complete Genome Benchmark	ftp://ftp.ncbi.nlm.nih.gov/genomes/all/GCF/050/752/235/GCF_050752235.1_Hybrid_genome_assembly_using_MiSeq_and_MinION
584	GCF_050752205.1	Species-Wide Reference Cohort	Escherichia coli	Complete Genome Reference	Stratified Clermont Phylogroup	NCBI Complete Genome Benchmark	ftp://ftp.ncbi.nlm.nih.gov/genomes/all/GCF/050/752/205/GCF_050752205.1_Hybrid_genome_assembly_using_MiSeq_and_MinION
585	GCF_050751435.1	Species-Wide Reference Cohort	Escherichia coli	Complete Genome Reference	Stratified Clermont Phylogroup	NCBI Complete Genome Benchmark	ftp://ftp.ncbi.nlm.nih.gov/genomes/all/GCF/050/751/435/GCF_050751435.1_Hybrid_genome_assembly_using_MiSeq_and_MinION
586	GCF_050751425.1	Species-Wide Reference Cohort	Escherichia coli	Complete Genome Reference	Stratified Clermont Phylogroup	NCBI Complete Genome Benchmark	ftp://ftp.ncbi.nlm.nih.gov/genomes/all/GCF/050/751/425/GCF_050751425.1_Hybrid_genome_assembly_using_MiSeq_and_MinION
587	GCF_050750695.1	Species-Wide Reference Cohort	Escherichia coli	Complete Genome Reference	Stratified Clermont Phylogroup	NCBI Complete Genome Benchmark	ftp://ftp.ncbi.nlm.nih.gov/genomes/all/GCF/050/750/695/GCF_050750695.1_Hybrid_genome_assembly_using_MiSeq_and_MinION
588	GCF_050749065.1	Species-Wide Reference Cohort	Escherichia coli	Complete Genome Reference	Stratified Clermont Phylogroup	NCBI Complete Genome Benchmark	ftp://ftp.ncbi.nlm.nih.gov/genomes/all/GCF/050/749/065/GCF_050749065.1_ASM5074906v1
589	GCF_050710325.1	Species-Wide Reference Cohort	Escherichia coli	Complete Genome Reference	Stratified Clermont Phylogroup	NCBI Complete Genome Benchmark	ftp://ftp.ncbi.nlm.nih.gov/genomes/all/GCF/050/710/325/GCF_050710325.1_GDSC2239PM
590	GCF_050705825.1	Species-Wide Reference Cohort	Escherichia coli	Complete Genome Reference	Stratified Clermont Phylogroup	NCBI Complete Genome Benchmark	ftp://ftp.ncbi.nlm.nih.gov/genomes/all/GCF/050/705/825/GCF_050705825.1_ASM5070582v1
591	GCF_050704925.1	Species-Wide Reference Cohort	Escherichia coli	Complete Genome Reference	Stratified Clermont Phylogroup	NCBI Complete Genome Benchmark	ftp://ftp.ncbi.nlm.nih.gov/genomes/all/GCF/050/704/925/GCF_050704925.1_ASM5070492v1
592	GCF_050704915.1	Species-Wide Reference Cohort	Escherichia coli	Complete Genome Reference	Stratified Clermont Phylogroup	NCBI Complete Genome Benchmark	ftp://ftp.ncbi.nlm.nih.gov/genomes/all/GCF/050/704/915/GCF_050704915.1_ASM5070491v1
593	GCF_050704245.1	Species-Wide Reference Cohort	Escherichia coli	Complete Genome Reference	Stratified Clermont Phylogroup	NCBI Complete Genome Benchmark	ftp://ftp.ncbi.nlm.nih.gov/genomes/all/GCF/050/704/245/GCF_050704245.1_ASM5070424v1
594	GCF_050704235.1	Species-Wide Reference Cohort	Escherichia coli	Complete Genome Reference	Stratified Clermont Phylogroup	NCBI Complete Genome Benchmark	ftp://ftp.ncbi.nlm.nih.gov/genomes/all/GCF/050/704/235/GCF_050704235.1_ASM5070423v1
595	GCF_050703865.1	Species-Wide Reference Cohort	Escherichia coli	Complete Genome Reference	Stratified Clermont Phylogroup	NCBI Complete Genome Benchmark	ftp://ftp.ncbi.nlm.nih.gov/genomes/all/GCF/050/703/865/GCF_050703865.1_ASM5070386v1
596	GCF_050703855.1	Species-Wide Reference Cohort	Escherichia coli	Complete Genome Reference	Stratified Clermont Phylogroup	NCBI Complete Genome Benchmark	ftp://ftp.ncbi.nlm.nih.gov/genomes/all/GCF/050/703/855/GCF_050703855.1_ASM5070385v1
597	GCF_050703705.1	Species-Wide Reference Cohort	Escherichia coli	Complete Genome Reference	Stratified Clermont Phylogroup	NCBI Complete Genome Benchmark	ftp://ftp.ncbi.nlm.nih.gov/genomes/all/GCF/050/703/705/GCF_050703705.1_ASM5070370v1
598	GCF_050703695.1	Species-Wide Reference Cohort	Escherichia coli	Complete Genome Reference	Stratified Clermont Phylogroup	NCBI Complete Genome Benchmark	ftp://ftp.ncbi.nlm.nih.gov/genomes/all/GCF/050/703/695/GCF_050703695.1_ASM5070369v1
599	GCF_050703645.1	Species-Wide Reference Cohort	Escherichia coli	Complete Genome Reference	Stratified Clermont Phylogroup	NCBI Complete Genome Benchmark	ftp://ftp.ncbi.nlm.nih.gov/genomes/all/GCF/050/703/645/GCF_050703645.1_ASM5070364v1
600	GCF_050703635.1	Species-Wide Reference Cohort	Escherichia coli	Complete Genome Reference	Stratified Clermont Phylogroup	NCBI Complete Genome Benchmark	ftp://ftp.ncbi.nlm.nih.gov/genomes/all/GCF/050/703/635/GCF_050703635.1_ASM5070363v1
601	GCF_050703625.1	Species-Wide Reference Cohort	Escherichia coli	Complete Genome Reference	Stratified Clermont Phylogroup	NCBI Complete Genome Benchmark	ftp://ftp.ncbi.nlm.nih.gov/genomes/all/GCF/050/703/625/GCF_050703625.1_ASM5070362v1
602	GCF_050703615.1	Species-Wide Reference Cohort	Escherichia coli	Complete Genome Reference	Stratified Clermont Phylogroup	NCBI Complete Genome Benchmark	ftp://ftp.ncbi.nlm.nih.gov/genomes/all/GCF/050/703/615/GCF_050703615.1_ASM5070361v1
603	GCF_050703605.1	Species-Wide Reference Cohort	Escherichia coli	Complete Genome Reference	Stratified Clermont Phylogroup	NCBI Complete Genome Benchmark	ftp://ftp.ncbi.nlm.nih.gov/genomes/all/GCF/050/703/605/GCF_050703605.1_ASM5070360v1
604	GCF_050703595.1	Species-Wide Reference Cohort	Escherichia coli	Complete Genome Reference	Stratified Clermont Phylogroup	NCBI Complete Genome Benchmark	ftp://ftp.ncbi.nlm.nih.gov/genomes/all/GCF/050/703/595/GCF_050703595.1_ASM5070359v1
605	GCF_050703585.1	Species-Wide Reference Cohort	Escherichia coli	Complete Genome Reference	Stratified Clermont Phylogroup	NCBI Complete Genome Benchmark	ftp://ftp.ncbi.nlm.nih.gov/genomes/all/GCF/050/703/585/GCF_050703585.1_ASM5070358v1
606	GCF_050568845.1	Species-Wide Reference Cohort	Escherichia coli	Complete Genome Reference	Stratified Clermont Phylogroup	NCBI Complete Genome Benchmark	ftp://ftp.ncbi.nlm.nih.gov/genomes/all/GCF/050/568/845/GCF_050568845.1_2848
607	GCF_050563505.1	Species-Wide Reference Cohort	Escherichia coli	Complete Genome Reference	Stratified Clermont Phylogroup	NCBI Complete Genome Benchmark	ftp://ftp.ncbi.nlm.nih.gov/genomes/all/GCF/050/563/505/GCF_050563505.1_ASM5056350v1
608	GCF_050516385.1	Species-Wide Reference Cohort	Escherichia coli	Complete Genome Reference	Stratified Clermont Phylogroup	NCBI Complete Genome Benchmark	ftp://ftp.ncbi.nlm.nih.gov/genomes/all/GCF/050/516/385/GCF_050516385.1_ASM5051638v1
609	GCF_050516375.1	Species-Wide Reference Cohort	Escherichia coli	Complete Genome Reference	Stratified Clermont Phylogroup	NCBI Complete Genome Benchmark	ftp://ftp.ncbi.nlm.nih.gov/genomes/all/GCF/050/516/375/GCF_050516375.1_ASM5051637v1
610	GCF_050516365.1	Species-Wide Reference Cohort	Escherichia coli	Complete Genome Reference	Stratified Clermont Phylogroup	NCBI Complete Genome Benchmark	ftp://ftp.ncbi.nlm.nih.gov/genomes/all/GCF/050/516/365/GCF_050516365.1_ASM5051636v1
611	GCF_050516355.1	Species-Wide Reference Cohort	Escherichia coli	Complete Genome Reference	Stratified Clermont Phylogroup	NCBI Complete Genome Benchmark	ftp://ftp.ncbi.nlm.nih.gov/genomes/all/GCF/050/516/355/GCF_050516355.1_ASM5051635v1
612	GCF_050516345.1	Species-Wide Reference Cohort	Escherichia coli	Complete Genome Reference	Stratified Clermont Phylogroup	NCBI Complete Genome Benchmark	ftp://ftp.ncbi.nlm.nih.gov/genomes/all/GCF/050/516/345/GCF_050516345.1_ASM5051634v1
613	GCF_050389795.1	Species-Wide Reference Cohort	Escherichia coli	Complete Genome Reference	Stratified Clermont Phylogroup	NCBI Complete Genome Benchmark	ftp://ftp.ncbi.nlm.nih.gov/genomes/all/GCF/050/389/795/GCF_050389795.1_MS10495_ARL02201_ST410
614	GCA_047865785.2	Species-Wide Reference Cohort	Escherichia coli	Complete Genome Reference	Stratified Clermont Phylogroup	NCBI Complete Genome Benchmark	ftp://ftp.ncbi.nlm.nih.gov/genomes/all/GCA/047/865/785/GCA_047865785.2_ASM4786578v2
615	GCA_047865805.2	Species-Wide Reference Cohort	Escherichia coli	Complete Genome Reference	Stratified Clermont Phylogroup	NCBI Complete Genome Benchmark	ftp://ftp.ncbi.nlm.nih.gov/genomes/all/GCA/047/865/805/GCA_047865805.2_ASM4786580v2
616	GCA_047852745.2	Species-Wide Reference Cohort	Escherichia coli	Complete Genome Reference	Stratified Clermont Phylogroup	NCBI Complete Genome Benchmark	ftp://ftp.ncbi.nlm.nih.gov/genomes/all/GCA/047/852/745/GCA_047852745.2_ASM4785274v2
617	GCA_047852765.2	Species-Wide Reference Cohort	Escherichia coli	Complete Genome Reference	Stratified Clermont Phylogroup	NCBI Complete Genome Benchmark	ftp://ftp.ncbi.nlm.nih.gov/genomes/all/GCA/047/852/765/GCA_047852765.2_ASM4785276v2
618	GCA_047852785.2	Species-Wide Reference Cohort	Escherichia coli	Complete Genome Reference	Stratified Clermont Phylogroup	NCBI Complete Genome Benchmark	ftp://ftp.ncbi.nlm.nih.gov/genomes/all/GCA/047/852/785/GCA_047852785.2_ASM4785278v2
619	GCA_048689415.2	Species-Wide Reference Cohort	Escherichia coli	Complete Genome Reference	Stratified Clermont Phylogroup	NCBI Complete Genome Benchmark	ftp://ftp.ncbi.nlm.nih.gov/genomes/all/GCA/048/689/415/GCA_048689415.2_ASM4868941v2
620	GCA_048689435.2	Species-Wide Reference Cohort	Escherichia coli	Complete Genome Reference	Stratified Clermont Phylogroup	NCBI Complete Genome Benchmark	ftp://ftp.ncbi.nlm.nih.gov/genomes/all/GCA/048/689/435/GCA_048689435.2_ASM4868943v2
621	GCA_047880065.2	Species-Wide Reference Cohort	Escherichia coli	Complete Genome Reference	Stratified Clermont Phylogroup	NCBI Complete Genome Benchmark	ftp://ftp.ncbi.nlm.nih.gov/genomes/all/GCA/047/880/065/GCA_047880065.2_ASM4788006v2
622	GCF_050320235.1	Species-Wide Reference Cohort	Escherichia coli	Complete Genome Reference	Stratified Clermont Phylogroup	NCBI Complete Genome Benchmark	ftp://ftp.ncbi.nlm.nih.gov/genomes/all/GCF/050/320/235/GCF_050320235.1_ASM5032023v1
623	GCF_050320095.1	Species-Wide Reference Cohort	Escherichia coli	Complete Genome Reference	Stratified Clermont Phylogroup	NCBI Complete Genome Benchmark	ftp://ftp.ncbi.nlm.nih.gov/genomes/all/GCF/050/320/095/GCF_050320095.1_ASM5032009v1
624	GCF_050320085.1	Species-Wide Reference Cohort	Escherichia coli	Complete Genome Reference	Stratified Clermont Phylogroup	NCBI Complete Genome Benchmark	ftp://ftp.ncbi.nlm.nih.gov/genomes/all/GCF/050/320/085/GCF_050320085.1_ASM5032008v1
625	GCF_050320075.1	Species-Wide Reference Cohort	Escherichia coli	Complete Genome Reference	Stratified Clermont Phylogroup	NCBI Complete Genome Benchmark	ftp://ftp.ncbi.nlm.nih.gov/genomes/all/GCF/050/320/075/GCF_050320075.1_ASM5032007v1
626	GCF_050320065.1	Species-Wide Reference Cohort	Escherichia coli	Complete Genome Reference	Stratified Clermont Phylogroup	NCBI Complete Genome Benchmark	ftp://ftp.ncbi.nlm.nih.gov/genomes/all/GCF/050/320/065/GCF_050320065.1_ASM5032006v1
627	GCF_050269785.1	Species-Wide Reference Cohort	Escherichia coli	Complete Genome Reference	Stratified Clermont Phylogroup	NCBI Complete Genome Benchmark	ftp://ftp.ncbi.nlm.nih.gov/genomes/all/GCF/050/269/785/GCF_050269785.1_ASM5026978v1
628	GCA_050266275.1	Species-Wide Reference Cohort	Escherichia coli	Complete Genome Reference	Stratified Clermont Phylogroup	NCBI Complete Genome Benchmark	ftp://ftp.ncbi.nlm.nih.gov/genomes/all/GCA/050/266/275/GCA_050266275.1_ASM5026627v1
629	GCF_050265335.1	Species-Wide Reference Cohort	Escherichia coli	Complete Genome Reference	Stratified Clermont Phylogroup	NCBI Complete Genome Benchmark	ftp://ftp.ncbi.nlm.nih.gov/genomes/all/GCF/050/265/335/GCF_050265335.1_ASM5026533v1
630	GCA_050250015.1	Species-Wide Reference Cohort	Escherichia coli	Complete Genome Reference	Stratified Clermont Phylogroup	NCBI Complete Genome Benchmark	ftp://ftp.ncbi.nlm.nih.gov/genomes/all/GCA/050/250/015/GCA_050250015.1_ASM5025001v1
631	GCA_050245775.1	Species-Wide Reference Cohort	Escherichia coli	Complete Genome Reference	Stratified Clermont Phylogroup	NCBI Complete Genome Benchmark	ftp://ftp.ncbi.nlm.nih.gov/genomes/all/GCA/050/245/775/GCA_050245775.1_ASM5024577v1
632	GCA_050245465.1	Species-Wide Reference Cohort	Escherichia coli	Complete Genome Reference	Stratified Clermont Phylogroup	NCBI Complete Genome Benchmark	ftp://ftp.ncbi.nlm.nih.gov/genomes/all/GCA/050/245/465/GCA_050245465.1_ASM5024546v1
633	GCA_050245455.1	Species-Wide Reference Cohort	Escherichia coli	Complete Genome Reference	Stratified Clermont Phylogroup	NCBI Complete Genome Benchmark	ftp://ftp.ncbi.nlm.nih.gov/genomes/all/GCA/050/245/455/GCA_050245455.1_ASM5024545v1
634	GCA_050245415.1	Species-Wide Reference Cohort	Escherichia coli	Complete Genome Reference	Stratified Clermont Phylogroup	NCBI Complete Genome Benchmark	ftp://ftp.ncbi.nlm.nih.gov/genomes/all/GCA/050/245/415/GCA_050245415.1_ASM5024541v1
635	GCA_050245375.1	Species-Wide Reference Cohort	Escherichia coli	Complete Genome Reference	Stratified Clermont Phylogroup	NCBI Complete Genome Benchmark	ftp://ftp.ncbi.nlm.nih.gov/genomes/all/GCA/050/245/375/GCA_050245375.1_ASM5024537v1
636	GCA_050245305.1	Species-Wide Reference Cohort	Escherichia coli	Complete Genome Reference	Stratified Clermont Phylogroup	NCBI Complete Genome Benchmark	ftp://ftp.ncbi.nlm.nih.gov/genomes/all/GCA/050/245/305/GCA_050245305.1_ASM5024530v1
637	GCA_050245165.1	Species-Wide Reference Cohort	Escherichia coli	Complete Genome Reference	Stratified Clermont Phylogroup	NCBI Complete Genome Benchmark	ftp://ftp.ncbi.nlm.nih.gov/genomes/all/GCA/050/245/165/GCA_050245165.1_ASM5024516v1
638	GCA_050245155.1	Species-Wide Reference Cohort	Escherichia coli	Complete Genome Reference	Stratified Clermont Phylogroup	NCBI Complete Genome Benchmark	ftp://ftp.ncbi.nlm.nih.gov/genomes/all/GCA/050/245/155/GCA_050245155.1_ASM5024515v1
639	GCA_050245145.1	Species-Wide Reference Cohort	Escherichia coli	Complete Genome Reference	Stratified Clermont Phylogroup	NCBI Complete Genome Benchmark	ftp://ftp.ncbi.nlm.nih.gov/genomes/all/GCA/050/245/145/GCA_050245145.1_ASM5024514v1
640	GCA_050245055.1	Species-Wide Reference Cohort	Escherichia coli	Complete Genome Reference	Stratified Clermont Phylogroup	NCBI Complete Genome Benchmark	ftp://ftp.ncbi.nlm.nih.gov/genomes/all/GCA/050/245/055/GCA_050245055.1_ASM5024505v1
641	GCA_050245025.1	Species-Wide Reference Cohort	Escherichia coli	Complete Genome Reference	Stratified Clermont Phylogroup	NCBI Complete Genome Benchmark	ftp://ftp.ncbi.nlm.nih.gov/genomes/all/GCA/050/245/025/GCA_050245025.1_ASM5024502v1
642	GCA_050244885.1	Species-Wide Reference Cohort	Escherichia coli	Complete Genome Reference	Stratified Clermont Phylogroup	NCBI Complete Genome Benchmark	ftp://ftp.ncbi.nlm.nih.gov/genomes/all/GCA/050/244/885/GCA_050244885.1_ASM5024488v1
643	GCA_050244805.1	Species-Wide Reference Cohort	Escherichia coli	Complete Genome Reference	Stratified Clermont Phylogroup	NCBI Complete Genome Benchmark	ftp://ftp.ncbi.nlm.nih.gov/genomes/all/GCA/050/244/805/GCA_050244805.1_ASM5024480v1
644	GCA_050244795.1	Species-Wide Reference Cohort	Escherichia coli	Complete Genome Reference	Stratified Clermont Phylogroup	NCBI Complete Genome Benchmark	ftp://ftp.ncbi.nlm.nih.gov/genomes/all/GCA/050/244/795/GCA_050244795.1_ASM5024479v1
645	GCA_050238045.1	Species-Wide Reference Cohort	Escherichia coli	Complete Genome Reference	Stratified Clermont Phylogroup	NCBI Complete Genome Benchmark	ftp://ftp.ncbi.nlm.nih.gov/genomes/all/GCA/050/238/045/GCA_050238045.1_ASM5023804v1
646	GCF_050218735.1	Species-Wide Reference Cohort	Escherichia coli	Complete Genome Reference	Stratified Clermont Phylogroup	NCBI Complete Genome Benchmark	ftp://ftp.ncbi.nlm.nih.gov/genomes/all/GCF/050/218/735/GCF_050218735.1_Hybrid_assembly
647	GCA_050208215.1	Species-Wide Reference Cohort	Escherichia coli	Complete Genome Reference	Stratified Clermont Phylogroup	NCBI Complete Genome Benchmark	ftp://ftp.ncbi.nlm.nih.gov/genomes/all/GCA/050/208/215/GCA_050208215.1_ASM5020821v1
648	GCA_050206625.1	Species-Wide Reference Cohort	Escherichia coli	Complete Genome Reference	Stratified Clermont Phylogroup	NCBI Complete Genome Benchmark	ftp://ftp.ncbi.nlm.nih.gov/genomes/all/GCA/050/206/625/GCA_050206625.1_ASM5020662v1
649	GCA_050206335.1	Species-Wide Reference Cohort	Escherichia coli	Complete Genome Reference	Stratified Clermont Phylogroup	NCBI Complete Genome Benchmark	ftp://ftp.ncbi.nlm.nih.gov/genomes/all/GCA/050/206/335/GCA_050206335.1_ASM5020633v1
650	GCA_050205705.1	Species-Wide Reference Cohort	Escherichia coli	Complete Genome Reference	Stratified Clermont Phylogroup	NCBI Complete Genome Benchmark	ftp://ftp.ncbi.nlm.nih.gov/genomes/all/GCA/050/205/705/GCA_050205705.1_ASM5020570v1
651	GCA_050205435.1	Species-Wide Reference Cohort	Escherichia coli	Complete Genome Reference	Stratified Clermont Phylogroup	NCBI Complete Genome Benchmark	ftp://ftp.ncbi.nlm.nih.gov/genomes/all/GCA/050/205/435/GCA_050205435.1_ASM5020543v1
652	GCA_050204805.1	Species-Wide Reference Cohort	Escherichia coli	Complete Genome Reference	Stratified Clermont Phylogroup	NCBI Complete Genome Benchmark	ftp://ftp.ncbi.nlm.nih.gov/genomes/all/GCA/050/204/805/GCA_050204805.1_ASM5020480v1
653	GCA_050204455.1	Species-Wide Reference Cohort	Escherichia coli	Complete Genome Reference	Stratified Clermont Phylogroup	NCBI Complete Genome Benchmark	ftp://ftp.ncbi.nlm.nih.gov/genomes/all/GCA/050/204/455/GCA_050204455.1_ASM5020445v1
654	GCA_050203805.1	Species-Wide Reference Cohort	Escherichia coli	Complete Genome Reference	Stratified Clermont Phylogroup	NCBI Complete Genome Benchmark	ftp://ftp.ncbi.nlm.nih.gov/genomes/all/GCA/050/203/805/GCA_050203805.1_ASM5020380v1
655	GCA_050203495.1	Species-Wide Reference Cohort	Escherichia coli	Complete Genome Reference	Stratified Clermont Phylogroup	NCBI Complete Genome Benchmark	ftp://ftp.ncbi.nlm.nih.gov/genomes/all/GCA/050/203/495/GCA_050203495.1_ASM5020349v1
656	GCA_050202775.1	Species-Wide Reference Cohort	Escherichia coli	Complete Genome Reference	Stratified Clermont Phylogroup	NCBI Complete Genome Benchmark	ftp://ftp.ncbi.nlm.nih.gov/genomes/all/GCA/050/202/775/GCA_050202775.1_ASM5020277v1
657	GCA_050202385.1	Species-Wide Reference Cohort	Escherichia coli	Complete Genome Reference	Stratified Clermont Phylogroup	NCBI Complete Genome Benchmark	ftp://ftp.ncbi.nlm.nih.gov/genomes/all/GCA/050/202/385/GCA_050202385.1_ASM5020238v1
658	GCA_050202215.1	Species-Wide Reference Cohort	Escherichia coli	Complete Genome Reference	Stratified Clermont Phylogroup	NCBI Complete Genome Benchmark	ftp://ftp.ncbi.nlm.nih.gov/genomes/all/GCA/050/202/215/GCA_050202215.1_ASM5020221v1
659	GCA_050201865.1	Species-Wide Reference Cohort	Escherichia coli	Complete Genome Reference	Stratified Clermont Phylogroup	NCBI Complete Genome Benchmark	ftp://ftp.ncbi.nlm.nih.gov/genomes/all/GCA/050/201/865/GCA_050201865.1_ASM5020186v1
660	GCA_050201675.1	Species-Wide Reference Cohort	Escherichia coli	Complete Genome Reference	Stratified Clermont Phylogroup	NCBI Complete Genome Benchmark	ftp://ftp.ncbi.nlm.nih.gov/genomes/all/GCA/050/201/675/GCA_050201675.1_ASM5020167v1
661	GCA_050201135.1	Species-Wide Reference Cohort	Escherichia coli	Complete Genome Reference	Stratified Clermont Phylogroup	NCBI Complete Genome Benchmark	ftp://ftp.ncbi.nlm.nih.gov/genomes/all/GCA/050/201/135/GCA_050201135.1_ASM5020113v1
662	GCA_050200515.1	Species-Wide Reference Cohort	Escherichia coli	Complete Genome Reference	Stratified Clermont Phylogroup	NCBI Complete Genome Benchmark	ftp://ftp.ncbi.nlm.nih.gov/genomes/all/GCA/050/200/515/GCA_050200515.1_ASM5020051v1
663	GCA_050198655.1	Species-Wide Reference Cohort	Escherichia coli	Complete Genome Reference	Stratified Clermont Phylogroup	NCBI Complete Genome Benchmark	ftp://ftp.ncbi.nlm.nih.gov/genomes/all/GCA/050/198/655/GCA_050198655.1_ASM5019865v1
664	GCA_050198005.1	Species-Wide Reference Cohort	Escherichia coli	Complete Genome Reference	Stratified Clermont Phylogroup	NCBI Complete Genome Benchmark	ftp://ftp.ncbi.nlm.nih.gov/genomes/all/GCA/050/198/005/GCA_050198005.1_ASM5019800v1
665	GCA_050195925.1	Species-Wide Reference Cohort	Escherichia coli	Complete Genome Reference	Stratified Clermont Phylogroup	NCBI Complete Genome Benchmark	ftp://ftp.ncbi.nlm.nih.gov/genomes/all/GCA/050/195/925/GCA_050195925.1_ASM5019592v1
666	GCA_050194865.1	Species-Wide Reference Cohort	Escherichia coli	Complete Genome Reference	Stratified Clermont Phylogroup	NCBI Complete Genome Benchmark	ftp://ftp.ncbi.nlm.nih.gov/genomes/all/GCA/050/194/865/GCA_050194865.1_ASM5019486v1
667	GCA_050193845.1	Species-Wide Reference Cohort	Escherichia coli	Complete Genome Reference	Stratified Clermont Phylogroup	NCBI Complete Genome Benchmark	ftp://ftp.ncbi.nlm.nih.gov/genomes/all/GCA/050/193/845/GCA_050193845.1_ASM5019384v1
668	GCA_050192945.1	Species-Wide Reference Cohort	Escherichia coli	Complete Genome Reference	Stratified Clermont Phylogroup	NCBI Complete Genome Benchmark	ftp://ftp.ncbi.nlm.nih.gov/genomes/all/GCA/050/192/945/GCA_050192945.1_ASM5019294v1
669	GCA_050192595.1	Species-Wide Reference Cohort	Escherichia coli	Complete Genome Reference	Stratified Clermont Phylogroup	NCBI Complete Genome Benchmark	ftp://ftp.ncbi.nlm.nih.gov/genomes/all/GCA/050/192/595/GCA_050192595.1_ASM5019259v1
670	GCA_050191845.1	Species-Wide Reference Cohort	Escherichia coli	Complete Genome Reference	Stratified Clermont Phylogroup	NCBI Complete Genome Benchmark	ftp://ftp.ncbi.nlm.nih.gov/genomes/all/GCA/050/191/845/GCA_050191845.1_ASM5019184v1
671	GCA_050191515.1	Species-Wide Reference Cohort	Escherichia coli	Complete Genome Reference	Stratified Clermont Phylogroup	NCBI Complete Genome Benchmark	ftp://ftp.ncbi.nlm.nih.gov/genomes/all/GCA/050/191/515/GCA_050191515.1_ASM5019151v1
672	GCA_050190795.1	Species-Wide Reference Cohort	Escherichia coli	Complete Genome Reference	Stratified Clermont Phylogroup	NCBI Complete Genome Benchmark	ftp://ftp.ncbi.nlm.nih.gov/genomes/all/GCA/050/190/795/GCA_050190795.1_ASM5019079v1
673	GCA_050190475.1	Species-Wide Reference Cohort	Escherichia coli	Complete Genome Reference	Stratified Clermont Phylogroup	NCBI Complete Genome Benchmark	ftp://ftp.ncbi.nlm.nih.gov/genomes/all/GCA/050/190/475/GCA_050190475.1_ASM5019047v1
674	GCA_050189725.1	Species-Wide Reference Cohort	Escherichia coli	Complete Genome Reference	Stratified Clermont Phylogroup	NCBI Complete Genome Benchmark	ftp://ftp.ncbi.nlm.nih.gov/genomes/all/GCA/050/189/725/GCA_050189725.1_ASM5018972v1
675	GCA_050189425.1	Species-Wide Reference Cohort	Escherichia coli	Complete Genome Reference	Stratified Clermont Phylogroup	NCBI Complete Genome Benchmark	ftp://ftp.ncbi.nlm.nih.gov/genomes/all/GCA/050/189/425/GCA_050189425.1_ASM5018942v1
676	GCA_050188745.1	Species-Wide Reference Cohort	Escherichia coli	Complete Genome Reference	Stratified Clermont Phylogroup	NCBI Complete Genome Benchmark	ftp://ftp.ncbi.nlm.nih.gov/genomes/all/GCA/050/188/745/GCA_050188745.1_ASM5018874v1
677	GCA_050188495.1	Species-Wide Reference Cohort	Escherichia coli	Complete Genome Reference	Stratified Clermont Phylogroup	NCBI Complete Genome Benchmark	ftp://ftp.ncbi.nlm.nih.gov/genomes/all/GCA/050/188/495/GCA_050188495.1_ASM5018849v1
678	GCA_050187575.1	Species-Wide Reference Cohort	Escherichia coli	Complete Genome Reference	Stratified Clermont Phylogroup	NCBI Complete Genome Benchmark	ftp://ftp.ncbi.nlm.nih.gov/genomes/all/GCA/050/187/575/GCA_050187575.1_ASM5018757v1
679	GCA_050185535.1	Species-Wide Reference Cohort	Escherichia coli	Complete Genome Reference	Stratified Clermont Phylogroup	NCBI Complete Genome Benchmark	ftp://ftp.ncbi.nlm.nih.gov/genomes/all/GCA/050/185/535/GCA_050185535.1_ASM5018553v1
680	GCA_050184845.1	Species-Wide Reference Cohort	Escherichia coli	Complete Genome Reference	Stratified Clermont Phylogroup	NCBI Complete Genome Benchmark	ftp://ftp.ncbi.nlm.nih.gov/genomes/all/GCA/050/184/845/GCA_050184845.1_ASM5018484v1
681	GCA_050184515.1	Species-Wide Reference Cohort	Escherichia coli	Complete Genome Reference	Stratified Clermont Phylogroup	NCBI Complete Genome Benchmark	ftp://ftp.ncbi.nlm.nih.gov/genomes/all/GCA/050/184/515/GCA_050184515.1_ASM5018451v1
682	GCA_050183785.1	Species-Wide Reference Cohort	Escherichia coli	Complete Genome Reference	Stratified Clermont Phylogroup	NCBI Complete Genome Benchmark	ftp://ftp.ncbi.nlm.nih.gov/genomes/all/GCA/050/183/785/GCA_050183785.1_ASM5018378v1
683	GCA_050183455.1	Species-Wide Reference Cohort	Escherichia coli	Complete Genome Reference	Stratified Clermont Phylogroup	NCBI Complete Genome Benchmark	ftp://ftp.ncbi.nlm.nih.gov/genomes/all/GCA/050/183/455/GCA_050183455.1_ASM5018345v1
684	GCA_050182745.1	Species-Wide Reference Cohort	Escherichia coli	Complete Genome Reference	Stratified Clermont Phylogroup	NCBI Complete Genome Benchmark	ftp://ftp.ncbi.nlm.nih.gov/genomes/all/GCA/050/182/745/GCA_050182745.1_ASM5018274v1
685	GCA_050182415.1	Species-Wide Reference Cohort	Escherichia coli	Complete Genome Reference	Stratified Clermont Phylogroup	NCBI Complete Genome Benchmark	ftp://ftp.ncbi.nlm.nih.gov/genomes/all/GCA/050/182/415/GCA_050182415.1_ASM5018241v1
686	GCA_050181765.1	Species-Wide Reference Cohort	Escherichia coli	Complete Genome Reference	Stratified Clermont Phylogroup	NCBI Complete Genome Benchmark	ftp://ftp.ncbi.nlm.nih.gov/genomes/all/GCA/050/181/765/GCA_050181765.1_ASM5018176v1
687	GCA_050181435.1	Species-Wide Reference Cohort	Escherichia coli	Complete Genome Reference	Stratified Clermont Phylogroup	NCBI Complete Genome Benchmark	ftp://ftp.ncbi.nlm.nih.gov/genomes/all/GCA/050/181/435/GCA_050181435.1_ASM5018143v1
688	GCA_050179725.1	Species-Wide Reference Cohort	Escherichia coli	Complete Genome Reference	Stratified Clermont Phylogroup	NCBI Complete Genome Benchmark	ftp://ftp.ncbi.nlm.nih.gov/genomes/all/GCA/050/179/725/GCA_050179725.1_ASM5017972v1
689	GCA_050179415.1	Species-Wide Reference Cohort	Escherichia coli	Complete Genome Reference	Stratified Clermont Phylogroup	NCBI Complete Genome Benchmark	ftp://ftp.ncbi.nlm.nih.gov/genomes/all/GCA/050/179/415/GCA_050179415.1_ASM5017941v1
690	GCA_050178375.1	Species-Wide Reference Cohort	Escherichia coli	Complete Genome Reference	Stratified Clermont Phylogroup	NCBI Complete Genome Benchmark	ftp://ftp.ncbi.nlm.nih.gov/genomes/all/GCA/050/178/375/GCA_050178375.1_ASM5017837v1
691	GCA_050175565.1	Species-Wide Reference Cohort	Escherichia coli	Complete Genome Reference	Stratified Clermont Phylogroup	NCBI Complete Genome Benchmark	ftp://ftp.ncbi.nlm.nih.gov/genomes/all/GCA/050/175/565/GCA_050175565.1_ASM5017556v1
692	GCA_050174195.1	Species-Wide Reference Cohort	Escherichia coli	Complete Genome Reference	Stratified Clermont Phylogroup	NCBI Complete Genome Benchmark	ftp://ftp.ncbi.nlm.nih.gov/genomes/all/GCA/050/174/195/GCA_050174195.1_ASM5017419v1
693	GCA_050173505.1	Species-Wide Reference Cohort	Escherichia coli	Complete Genome Reference	Stratified Clermont Phylogroup	NCBI Complete Genome Benchmark	ftp://ftp.ncbi.nlm.nih.gov/genomes/all/GCA/050/173/505/GCA_050173505.1_ASM5017350v1
694	GCA_050173215.1	Species-Wide Reference Cohort	Escherichia coli	Complete Genome Reference	Stratified Clermont Phylogroup	NCBI Complete Genome Benchmark	ftp://ftp.ncbi.nlm.nih.gov/genomes/all/GCA/050/173/215/GCA_050173215.1_ASM5017321v1
695	GCA_050172605.1	Species-Wide Reference Cohort	Escherichia coli	Complete Genome Reference	Stratified Clermont Phylogroup	NCBI Complete Genome Benchmark	ftp://ftp.ncbi.nlm.nih.gov/genomes/all/GCA/050/172/605/GCA_050172605.1_ASM5017260v1
696	GCA_050172315.1	Species-Wide Reference Cohort	Escherichia coli	Complete Genome Reference	Stratified Clermont Phylogroup	NCBI Complete Genome Benchmark	ftp://ftp.ncbi.nlm.nih.gov/genomes/all/GCA/050/172/315/GCA_050172315.1_ASM5017231v1
697	GCA_050171805.1	Species-Wide Reference Cohort	Escherichia coli	Complete Genome Reference	Stratified Clermont Phylogroup	NCBI Complete Genome Benchmark	ftp://ftp.ncbi.nlm.nih.gov/genomes/all/GCA/050/171/805/GCA_050171805.1_ASM5017180v1
698	GCA_050171535.1	Species-Wide Reference Cohort	Escherichia coli	Complete Genome Reference	Stratified Clermont Phylogroup	NCBI Complete Genome Benchmark	ftp://ftp.ncbi.nlm.nih.gov/genomes/all/GCA/050/171/535/GCA_050171535.1_ASM5017153v1
699	GCA_050170885.1	Species-Wide Reference Cohort	Escherichia coli	Complete Genome Reference	Stratified Clermont Phylogroup	NCBI Complete Genome Benchmark	ftp://ftp.ncbi.nlm.nih.gov/genomes/all/GCA/050/170/885/GCA_050170885.1_ASM5017088v1
700	GCA_050170615.1	Species-Wide Reference Cohort	Escherichia coli	Complete Genome Reference	Stratified Clermont Phylogroup	NCBI Complete Genome Benchmark	ftp://ftp.ncbi.nlm.nih.gov/genomes/all/GCA/050/170/615/GCA_050170615.1_ASM5017061v1
701	GCA_050169985.1	Species-Wide Reference Cohort	Escherichia coli	Complete Genome Reference	Stratified Clermont Phylogroup	NCBI Complete Genome Benchmark	ftp://ftp.ncbi.nlm.nih.gov/genomes/all/GCA/050/169/985/GCA_050169985.1_ASM5016998v1
702	GCA_050169655.1	Species-Wide Reference Cohort	Escherichia coli	Complete Genome Reference	Stratified Clermont Phylogroup	NCBI Complete Genome Benchmark	ftp://ftp.ncbi.nlm.nih.gov/genomes/all/GCA/050/169/655/GCA_050169655.1_ASM5016965v1
703	GCA_050168755.1	Species-Wide Reference Cohort	Escherichia coli	Complete Genome Reference	Stratified Clermont Phylogroup	NCBI Complete Genome Benchmark	ftp://ftp.ncbi.nlm.nih.gov/genomes/all/GCA/050/168/755/GCA_050168755.1_ASM5016875v1
704	GCA_050168065.1	Species-Wide Reference Cohort	Escherichia coli	Complete Genome Reference	Stratified Clermont Phylogroup	NCBI Complete Genome Benchmark	ftp://ftp.ncbi.nlm.nih.gov/genomes/all/GCA/050/168/065/GCA_050168065.1_ASM5016806v1
705	GCA_050167835.1	Species-Wide Reference Cohort	Escherichia coli	Complete Genome Reference	Stratified Clermont Phylogroup	NCBI Complete Genome Benchmark	ftp://ftp.ncbi.nlm.nih.gov/genomes/all/GCA/050/167/835/GCA_050167835.1_ASM5016783v1
706	GCA_050166795.1	Species-Wide Reference Cohort	Escherichia coli	Complete Genome Reference	Stratified Clermont Phylogroup	NCBI Complete Genome Benchmark	ftp://ftp.ncbi.nlm.nih.gov/genomes/all/GCA/050/166/795/GCA_050166795.1_ASM5016679v1
707	GCA_050160295.1	Species-Wide Reference Cohort	Escherichia coli	Complete Genome Reference	Stratified Clermont Phylogroup	NCBI Complete Genome Benchmark	ftp://ftp.ncbi.nlm.nih.gov/genomes/all/GCA/050/160/295/GCA_050160295.1_ASM5016029v1
708	GCA_050159445.1	Species-Wide Reference Cohort	Escherichia coli	Complete Genome Reference	Stratified Clermont Phylogroup	NCBI Complete Genome Benchmark	ftp://ftp.ncbi.nlm.nih.gov/genomes/all/GCA/050/159/445/GCA_050159445.1_ASM5015944v1
709	GCA_050159415.1	Species-Wide Reference Cohort	Escherichia coli	Complete Genome Reference	Stratified Clermont Phylogroup	NCBI Complete Genome Benchmark	ftp://ftp.ncbi.nlm.nih.gov/genomes/all/GCA/050/159/415/GCA_050159415.1_ASM5015941v1
710	GCA_050158715.1	Species-Wide Reference Cohort	Escherichia coli	Complete Genome Reference	Stratified Clermont Phylogroup	NCBI Complete Genome Benchmark	ftp://ftp.ncbi.nlm.nih.gov/genomes/all/GCA/050/158/715/GCA_050158715.1_ASM5015871v1
711	GCA_050157555.1	Species-Wide Reference Cohort	Escherichia coli	Complete Genome Reference	Stratified Clermont Phylogroup	NCBI Complete Genome Benchmark	ftp://ftp.ncbi.nlm.nih.gov/genomes/all/GCA/050/157/555/GCA_050157555.1_ASM5015755v1
712	GCA_050157565.1	Species-Wide Reference Cohort	Escherichia coli	Complete Genome Reference	Stratified Clermont Phylogroup	NCBI Complete Genome Benchmark	ftp://ftp.ncbi.nlm.nih.gov/genomes/all/GCA/050/157/565/GCA_050157565.1_ASM5015756v1
713	GCA_050157315.1	Species-Wide Reference Cohort	Escherichia coli	Complete Genome Reference	Stratified Clermont Phylogroup	NCBI Complete Genome Benchmark	ftp://ftp.ncbi.nlm.nih.gov/genomes/all/GCA/050/157/315/GCA_050157315.1_ASM5015731v1
714	GCA_050157295.1	Species-Wide Reference Cohort	Escherichia coli	Complete Genome Reference	Stratified Clermont Phylogroup	NCBI Complete Genome Benchmark	ftp://ftp.ncbi.nlm.nih.gov/genomes/all/GCA/050/157/295/GCA_050157295.1_ASM5015729v1
715	GCA_050157285.1	Species-Wide Reference Cohort	Escherichia coli	Complete Genome Reference	Stratified Clermont Phylogroup	NCBI Complete Genome Benchmark	ftp://ftp.ncbi.nlm.nih.gov/genomes/all/GCA/050/157/285/GCA_050157285.1_ASM5015728v1
716	GCA_050157275.1	Species-Wide Reference Cohort	Escherichia coli	Complete Genome Reference	Stratified Clermont Phylogroup	NCBI Complete Genome Benchmark	ftp://ftp.ncbi.nlm.nih.gov/genomes/all/GCA/050/157/275/GCA_050157275.1_ASM5015727v1
717	GCA_050157235.1	Species-Wide Reference Cohort	Escherichia coli	Complete Genome Reference	Stratified Clermont Phylogroup	NCBI Complete Genome Benchmark	ftp://ftp.ncbi.nlm.nih.gov/genomes/all/GCA/050/157/235/GCA_050157235.1_ASM5015723v1
718	GCA_050157205.1	Species-Wide Reference Cohort	Escherichia coli	Complete Genome Reference	Stratified Clermont Phylogroup	NCBI Complete Genome Benchmark	ftp://ftp.ncbi.nlm.nih.gov/genomes/all/GCA/050/157/205/GCA_050157205.1_ASM5015720v1
719	GCA_050157195.1	Species-Wide Reference Cohort	Escherichia coli	Complete Genome Reference	Stratified Clermont Phylogroup	NCBI Complete Genome Benchmark	ftp://ftp.ncbi.nlm.nih.gov/genomes/all/GCA/050/157/195/GCA_050157195.1_ASM5015719v1
720	GCA_050157185.1	Species-Wide Reference Cohort	Escherichia coli	Complete Genome Reference	Stratified Clermont Phylogroup	NCBI Complete Genome Benchmark	ftp://ftp.ncbi.nlm.nih.gov/genomes/all/GCA/050/157/185/GCA_050157185.1_ASM5015718v1
721	GCA_050157165.1	Species-Wide Reference Cohort	Escherichia coli	Complete Genome Reference	Stratified Clermont Phylogroup	NCBI Complete Genome Benchmark	ftp://ftp.ncbi.nlm.nih.gov/genomes/all/GCA/050/157/165/GCA_050157165.1_ASM5015716v1
722	GCA_050157155.1	Species-Wide Reference Cohort	Escherichia coli	Complete Genome Reference	Stratified Clermont Phylogroup	NCBI Complete Genome Benchmark	ftp://ftp.ncbi.nlm.nih.gov/genomes/all/GCA/050/157/155/GCA_050157155.1_ASM5015715v1
723	GCF_050033145.1	Species-Wide Reference Cohort	Escherichia coli	Complete Genome Reference	Stratified Clermont Phylogroup	NCBI Complete Genome Benchmark	ftp://ftp.ncbi.nlm.nih.gov/genomes/all/GCF/050/033/145/GCF_050033145.1_ASM5003314v1
724	GCF_049953895.1	Species-Wide Reference Cohort	Escherichia coli	Complete Genome Reference	Stratified Clermont Phylogroup	NCBI Complete Genome Benchmark	ftp://ftp.ncbi.nlm.nih.gov/genomes/all/GCF/049/953/895/GCF_049953895.1_Hybrid_genome_assembly_using_MiSeq_and_MinION
725	GCA_049953825.1	Species-Wide Reference Cohort	Escherichia coli	Complete Genome Reference	Stratified Clermont Phylogroup	NCBI Complete Genome Benchmark	ftp://ftp.ncbi.nlm.nih.gov/genomes/all/GCA/049/953/825/GCA_049953825.1_ASM4995382v1
726	GCF_049953315.1	Species-Wide Reference Cohort	Escherichia coli	Complete Genome Reference	Stratified Clermont Phylogroup	NCBI Complete Genome Benchmark	ftp://ftp.ncbi.nlm.nih.gov/genomes/all/GCF/049/953/315/GCF_049953315.1_Hybrid_genome_assembly_using_MiSeq_and_MinION
727	GCF_049953305.1	Species-Wide Reference Cohort	Escherichia coli	Complete Genome Reference	Stratified Clermont Phylogroup	NCBI Complete Genome Benchmark	ftp://ftp.ncbi.nlm.nih.gov/genomes/all/GCF/049/953/305/GCF_049953305.1_Hybrid_genome_assembly_using_MiSeq_and_MinION
728	GCF_049952735.1	Species-Wide Reference Cohort	Escherichia coli	Complete Genome Reference	Stratified Clermont Phylogroup	NCBI Complete Genome Benchmark	ftp://ftp.ncbi.nlm.nih.gov/genomes/all/GCF/049/952/735/GCF_049952735.1_Hybrid_genome_assembly_using_MiSeq_and_MinION
729	GCF_049952725.1	Species-Wide Reference Cohort	Escherichia coli	Complete Genome Reference	Stratified Clermont Phylogroup	NCBI Complete Genome Benchmark	ftp://ftp.ncbi.nlm.nih.gov/genomes/all/GCF/049/952/725/GCF_049952725.1_Hybrid_genome_assembly_using_MiSeq_and_MinION
730	GCF_049952155.1	Species-Wide Reference Cohort	Escherichia coli	Complete Genome Reference	Stratified Clermont Phylogroup	NCBI Complete Genome Benchmark	ftp://ftp.ncbi.nlm.nih.gov/genomes/all/GCF/049/952/155/GCF_049952155.1_Hybrid_genome_assembly_using_MiSeq_and_MinION
731	GCF_049952145.1	Species-Wide Reference Cohort	Escherichia coli	Complete Genome Reference	Stratified Clermont Phylogroup	NCBI Complete Genome Benchmark	ftp://ftp.ncbi.nlm.nih.gov/genomes/all/GCF/049/952/145/GCF_049952145.1_Hybrid_genome_assembly_using_MiSeq_and_MinION
732	GCF_049951675.1	Species-Wide Reference Cohort	Escherichia coli	Complete Genome Reference	Stratified Clermont Phylogroup	NCBI Complete Genome Benchmark	ftp://ftp.ncbi.nlm.nih.gov/genomes/all/GCF/049/951/675/GCF_049951675.1_Hybrid_genome_assembly_using_MiSeq_and_MinION
733	GCF_049951665.1	Species-Wide Reference Cohort	Escherichia coli	Complete Genome Reference	Stratified Clermont Phylogroup	NCBI Complete Genome Benchmark	ftp://ftp.ncbi.nlm.nih.gov/genomes/all/GCF/049/951/665/GCF_049951665.1_Hybrid_genome_assembly_using_MiSeq_and_MinION
734	GCF_049951255.1	Species-Wide Reference Cohort	Escherichia coli	Complete Genome Reference	Stratified Clermont Phylogroup	NCBI Complete Genome Benchmark	ftp://ftp.ncbi.nlm.nih.gov/genomes/all/GCF/049/951/255/GCF_049951255.1_Hybrid_genome_assembly_using_MiSeq_and_MinION
735	GCF_049951225.1	Species-Wide Reference Cohort	Escherichia coli	Complete Genome Reference	Stratified Clermont Phylogroup	NCBI Complete Genome Benchmark	ftp://ftp.ncbi.nlm.nih.gov/genomes/all/GCF/049/951/225/GCF_049951225.1_Hybrid_genome_assembly_using_MiSeq_and_MinION
736	GCF_049950695.1	Species-Wide Reference Cohort	Escherichia coli	Complete Genome Reference	Stratified Clermont Phylogroup	NCBI Complete Genome Benchmark	ftp://ftp.ncbi.nlm.nih.gov/genomes/all/GCF/049/950/695/GCF_049950695.1_Hybrid_genome_assembly_using_MiSeq_and_MinION
737	GCF_049950685.1	Species-Wide Reference Cohort	Escherichia coli	Complete Genome Reference	Stratified Clermont Phylogroup	NCBI Complete Genome Benchmark	ftp://ftp.ncbi.nlm.nih.gov/genomes/all/GCF/049/950/685/GCF_049950685.1_Hybrid_genome_assembly_using_MiSeq_and_MinION
738	GCF_049950195.1	Species-Wide Reference Cohort	Escherichia coli	Complete Genome Reference	Stratified Clermont Phylogroup	NCBI Complete Genome Benchmark	ftp://ftp.ncbi.nlm.nih.gov/genomes/all/GCF/049/950/195/GCF_049950195.1_Hybrid_genome_assembly_using_MiSeq_and_MinION
739	GCF_049950185.1	Species-Wide Reference Cohort	Escherichia coli	Complete Genome Reference	Stratified Clermont Phylogroup	NCBI Complete Genome Benchmark	ftp://ftp.ncbi.nlm.nih.gov/genomes/all/GCF/049/950/185/GCF_049950185.1_Hybrid_genome_assembly_using_MiSeq_and_MinION
740	GCF_049949635.1	Species-Wide Reference Cohort	Escherichia coli	Complete Genome Reference	Stratified Clermont Phylogroup	NCBI Complete Genome Benchmark	ftp://ftp.ncbi.nlm.nih.gov/genomes/all/GCF/049/949/635/GCF_049949635.1_Hybrid_genome_assembly_using_MiSeq_and_MinION
741	GCF_049949625.1	Species-Wide Reference Cohort	Escherichia coli	Complete Genome Reference	Stratified Clermont Phylogroup	NCBI Complete Genome Benchmark	ftp://ftp.ncbi.nlm.nih.gov/genomes/all/GCF/049/949/625/GCF_049949625.1_Hybrid_genome_assembly_using_MiSeq_and_MinION
742	GCF_049949335.1	Species-Wide Reference Cohort	Escherichia coli	Complete Genome Reference	Stratified Clermont Phylogroup	NCBI Complete Genome Benchmark	ftp://ftp.ncbi.nlm.nih.gov/genomes/all/GCF/049/949/335/GCF_049949335.1_Hybrid_genome_assembly_using_MiSeq_and_MinION
743	GCF_049949325.1	Species-Wide Reference Cohort	Escherichia coli	Complete Genome Reference	Stratified Clermont Phylogroup	NCBI Complete Genome Benchmark	ftp://ftp.ncbi.nlm.nih.gov/genomes/all/GCF/049/949/325/GCF_049949325.1_Hybrid_genome_assembly_using_MiSeq_and_MinION
744	GCF_049949315.1	Species-Wide Reference Cohort	Escherichia coli	Complete Genome Reference	Stratified Clermont Phylogroup	NCBI Complete Genome Benchmark	ftp://ftp.ncbi.nlm.nih.gov/genomes/all/GCF/049/949/315/GCF_049949315.1_Hybrid_genome_assembly_using_MiSeq_and_MinION
745	GCF_049949305.1	Species-Wide Reference Cohort	Escherichia coli	Complete Genome Reference	Stratified Clermont Phylogroup	NCBI Complete Genome Benchmark	ftp://ftp.ncbi.nlm.nih.gov/genomes/all/GCF/049/949/305/GCF_049949305.1_Hybrid_genome_assembly_using_MiSeq_and_MinION
746	GCF_049949295.1	Species-Wide Reference Cohort	Escherichia coli	Complete Genome Reference	Stratified Clermont Phylogroup	NCBI Complete Genome Benchmark	ftp://ftp.ncbi.nlm.nih.gov/genomes/all/GCF/049/949/295/GCF_049949295.1_Hybrid_genome_assembly_using_MiSeq_and_MinION
747	GCA_049949085.1	Species-Wide Reference Cohort	Escherichia coli	Complete Genome Reference	Stratified Clermont Phylogroup	NCBI Complete Genome Benchmark	ftp://ftp.ncbi.nlm.nih.gov/genomes/all/GCA/049/949/085/GCA_049949085.1_ASM4994908v1
748	GCF_049942835.1	Species-Wide Reference Cohort	Escherichia coli	Complete Genome Reference	Stratified Clermont Phylogroup	NCBI Complete Genome Benchmark	ftp://ftp.ncbi.nlm.nih.gov/genomes/all/GCF/049/942/835/GCF_049942835.1_ASM4994283v1
749	GCF_049852265.1	Species-Wide Reference Cohort	Escherichia coli	Complete Genome Reference	Stratified Clermont Phylogroup	NCBI Complete Genome Benchmark	ftp://ftp.ncbi.nlm.nih.gov/genomes/all/GCF/049/852/265/GCF_049852265.1_ASM4985226v1
750	GCF_049852205.1	Species-Wide Reference Cohort	Escherichia coli	Complete Genome Reference	Stratified Clermont Phylogroup	NCBI Complete Genome Benchmark	ftp://ftp.ncbi.nlm.nih.gov/genomes/all/GCF/049/852/205/GCF_049852205.1_Escherichia_coli_IrN_v1.0
751	GCF_049729625.1	Species-Wide Reference Cohort	Escherichia coli	Complete Genome Reference	Stratified Clermont Phylogroup	NCBI Complete Genome Benchmark	ftp://ftp.ncbi.nlm.nih.gov/genomes/all/GCF/049/729/625/GCF_049729625.1_ASM4972962v1
752	GCF_049667475.1	Species-Wide Reference Cohort	Escherichia coli	Complete Genome Reference	Stratified Clermont Phylogroup	NCBI Complete Genome Benchmark	ftp://ftp.ncbi.nlm.nih.gov/genomes/all/GCF/049/667/475/GCF_049667475.1_Escherichia_coli_strain_20AR0734
753	GCF_049667465.1	Species-Wide Reference Cohort	Escherichia coli	Complete Genome Reference	Stratified Clermont Phylogroup	NCBI Complete Genome Benchmark	ftp://ftp.ncbi.nlm.nih.gov/genomes/all/GCF/049/667/465/GCF_049667465.1_Escherichia_coli_strain_21AR0707
754	GCF_049666535.1	Species-Wide Reference Cohort	Escherichia coli	Complete Genome Reference	Stratified Clermont Phylogroup	NCBI Complete Genome Benchmark	ftp://ftp.ncbi.nlm.nih.gov/genomes/all/GCF/049/666/535/GCF_049666535.1_Escherichia_coli_strain_21AR0275
755	GCF_049666525.1	Species-Wide Reference Cohort	Escherichia coli	Complete Genome Reference	Stratified Clermont Phylogroup	NCBI Complete Genome Benchmark	ftp://ftp.ncbi.nlm.nih.gov/genomes/all/GCF/049/666/525/GCF_049666525.1_Escherichia_coli_strain_22AR0010
756	GCF_049570405.1	Species-Wide Reference Cohort	Escherichia coli	Complete Genome Reference	Stratified Clermont Phylogroup	NCBI Complete Genome Benchmark	ftp://ftp.ncbi.nlm.nih.gov/genomes/all/GCF/049/570/405/GCF_049570405.1_ASM4957040v1
757	GCF_049570395.1	Species-Wide Reference Cohort	Escherichia coli	Complete Genome Reference	Stratified Clermont Phylogroup	NCBI Complete Genome Benchmark	ftp://ftp.ncbi.nlm.nih.gov/genomes/all/GCF/049/570/395/GCF_049570395.1_ASM4957039v1
758	GCF_049570325.1	Species-Wide Reference Cohort	Escherichia coli	Complete Genome Reference	Stratified Clermont Phylogroup	NCBI Complete Genome Benchmark	ftp://ftp.ncbi.nlm.nih.gov/genomes/all/GCF/049/570/325/GCF_049570325.1_ASM4957032v1
759	GCF_049570315.1	Species-Wide Reference Cohort	Escherichia coli	Complete Genome Reference	Stratified Clermont Phylogroup	NCBI Complete Genome Benchmark	ftp://ftp.ncbi.nlm.nih.gov/genomes/all/GCF/049/570/315/GCF_049570315.1_ASM4957031v1
760	GCF_049570245.1	Species-Wide Reference Cohort	Escherichia coli	Complete Genome Reference	Stratified Clermont Phylogroup	NCBI Complete Genome Benchmark	ftp://ftp.ncbi.nlm.nih.gov/genomes/all/GCF/049/570/245/GCF_049570245.1_ASM4957024v1
761	GCF_049570235.1	Species-Wide Reference Cohort	Escherichia coli	Complete Genome Reference	Stratified Clermont Phylogroup	NCBI Complete Genome Benchmark	ftp://ftp.ncbi.nlm.nih.gov/genomes/all/GCF/049/570/235/GCF_049570235.1_ASM4957023v1
762	GCF_049570225.1	Species-Wide Reference Cohort	Escherichia coli	Complete Genome Reference	Stratified Clermont Phylogroup	NCBI Complete Genome Benchmark	ftp://ftp.ncbi.nlm.nih.gov/genomes/all/GCF/049/570/225/GCF_049570225.1_ASM4957022v1
763	GCF_049570215.1	Species-Wide Reference Cohort	Escherichia coli	Complete Genome Reference	Stratified Clermont Phylogroup	NCBI Complete Genome Benchmark	ftp://ftp.ncbi.nlm.nih.gov/genomes/all/GCF/049/570/215/GCF_049570215.1_ASM4957021v1
764	GCF_049570205.1	Species-Wide Reference Cohort	Escherichia coli	Complete Genome Reference	Stratified Clermont Phylogroup	NCBI Complete Genome Benchmark	ftp://ftp.ncbi.nlm.nih.gov/genomes/all/GCF/049/570/205/GCF_049570205.1_ASM4957020v1
765	GCF_049570195.1	Species-Wide Reference Cohort	Escherichia coli	Complete Genome Reference	Stratified Clermont Phylogroup	NCBI Complete Genome Benchmark	ftp://ftp.ncbi.nlm.nih.gov/genomes/all/GCF/049/570/195/GCF_049570195.1_ASM4957019v1
766	GCF_049569765.1	Species-Wide Reference Cohort	Escherichia coli	Complete Genome Reference	Stratified Clermont Phylogroup	NCBI Complete Genome Benchmark	ftp://ftp.ncbi.nlm.nih.gov/genomes/all/GCF/049/569/765/GCF_049569765.1_ASM4956976v1
767	GCF_049569755.1	Species-Wide Reference Cohort	Escherichia coli	Complete Genome Reference	Stratified Clermont Phylogroup	NCBI Complete Genome Benchmark	ftp://ftp.ncbi.nlm.nih.gov/genomes/all/GCF/049/569/755/GCF_049569755.1_ASM4956975v1
768	GCF_049569225.1	Species-Wide Reference Cohort	Escherichia coli	Complete Genome Reference	Stratified Clermont Phylogroup	NCBI Complete Genome Benchmark	ftp://ftp.ncbi.nlm.nih.gov/genomes/all/GCF/049/569/225/GCF_049569225.1_ASM4956922v1
769	GCF_049561825.1	Species-Wide Reference Cohort	Escherichia coli	Complete Genome Reference	Stratified Clermont Phylogroup	NCBI Complete Genome Benchmark	ftp://ftp.ncbi.nlm.nih.gov/genomes/all/GCF/049/561/825/GCF_049561825.1_XFN9FR_4
770	GCF_049532845.1	Species-Wide Reference Cohort	Escherichia coli	Complete Genome Reference	Stratified Clermont Phylogroup	NCBI Complete Genome Benchmark	ftp://ftp.ncbi.nlm.nih.gov/genomes/all/GCF/049/532/845/GCF_049532845.1_ASM4953284v1
771	GCF_049532665.1	Species-Wide Reference Cohort	Escherichia coli	Complete Genome Reference	Stratified Clermont Phylogroup	NCBI Complete Genome Benchmark	ftp://ftp.ncbi.nlm.nih.gov/genomes/all/GCF/049/532/665/GCF_049532665.1_ASM4953266v1
772	GCF_049489465.1	Species-Wide Reference Cohort	Escherichia coli	Complete Genome Reference	Stratified Clermont Phylogroup	NCBI Complete Genome Benchmark	ftp://ftp.ncbi.nlm.nih.gov/genomes/all/GCF/049/489/465/GCF_049489465.1_ASM4948946v1
773	GCF_049489415.1	Species-Wide Reference Cohort	Escherichia coli	Complete Genome Reference	Stratified Clermont Phylogroup	NCBI Complete Genome Benchmark	ftp://ftp.ncbi.nlm.nih.gov/genomes/all/GCF/049/489/415/GCF_049489415.1_ASM4948941v1
774	GCF_049394285.1	Species-Wide Reference Cohort	Escherichia coli	Complete Genome Reference	Stratified Clermont Phylogroup	NCBI Complete Genome Benchmark	ftp://ftp.ncbi.nlm.nih.gov/genomes/all/GCF/049/394/285/GCF_049394285.1_ASM4939428v1
775	GCF_049354865.1	Species-Wide Reference Cohort	Escherichia coli	Complete Genome Reference	Stratified Clermont Phylogroup	NCBI Complete Genome Benchmark	ftp://ftp.ncbi.nlm.nih.gov/genomes/all/GCF/049/354/865/GCF_049354865.1_ASM4935486v1
776	GCA_049354855.1	Species-Wide Reference Cohort	Escherichia coli	Complete Genome Reference	Stratified Clermont Phylogroup	NCBI Complete Genome Benchmark	ftp://ftp.ncbi.nlm.nih.gov/genomes/all/GCA/049/354/855/GCA_049354855.1_ASM4935485v1
777	GCA_049354845.1	Species-Wide Reference Cohort	Escherichia coli	Complete Genome Reference	Stratified Clermont Phylogroup	NCBI Complete Genome Benchmark	ftp://ftp.ncbi.nlm.nih.gov/genomes/all/GCA/049/354/845/GCA_049354845.1_ASM4935484v1
778	GCF_049354835.1	Species-Wide Reference Cohort	Escherichia coli	Complete Genome Reference	Stratified Clermont Phylogroup	NCBI Complete Genome Benchmark	ftp://ftp.ncbi.nlm.nih.gov/genomes/all/GCF/049/354/835/GCF_049354835.1_ASM4935483v1
779	GCF_049267075.1	Species-Wide Reference Cohort	Escherichia coli	Complete Genome Reference	Stratified Clermont Phylogroup	NCBI Complete Genome Benchmark	ftp://ftp.ncbi.nlm.nih.gov/genomes/all/GCF/049/267/075/GCF_049267075.1_ASM4926707v1
780	GCF_049267065.1	Species-Wide Reference Cohort	Escherichia coli	Complete Genome Reference	Stratified Clermont Phylogroup	NCBI Complete Genome Benchmark	ftp://ftp.ncbi.nlm.nih.gov/genomes/all/GCF/049/267/065/GCF_049267065.1_ASM4926706v1
781	GCF_049266445.1	Species-Wide Reference Cohort	Escherichia coli	Complete Genome Reference	Stratified Clermont Phylogroup	NCBI Complete Genome Benchmark	ftp://ftp.ncbi.nlm.nih.gov/genomes/all/GCF/049/266/445/GCF_049266445.1_ASM4926644v1
782	GCF_049266435.1	Species-Wide Reference Cohort	Escherichia coli	Complete Genome Reference	Stratified Clermont Phylogroup	NCBI Complete Genome Benchmark	ftp://ftp.ncbi.nlm.nih.gov/genomes/all/GCF/049/266/435/GCF_049266435.1_ASM4926643v1
783	GCF_049265845.1	Species-Wide Reference Cohort	Escherichia coli	Complete Genome Reference	Stratified Clermont Phylogroup	NCBI Complete Genome Benchmark	ftp://ftp.ncbi.nlm.nih.gov/genomes/all/GCF/049/265/845/GCF_049265845.1_ASM4926584v1
784	GCF_049265295.1	Species-Wide Reference Cohort	Escherichia coli	Complete Genome Reference	Stratified Clermont Phylogroup	NCBI Complete Genome Benchmark	ftp://ftp.ncbi.nlm.nih.gov/genomes/all/GCF/049/265/295/GCF_049265295.1_ASM4926529v1
785	GCF_049265285.1	Species-Wide Reference Cohort	Escherichia coli	Complete Genome Reference	Stratified Clermont Phylogroup	NCBI Complete Genome Benchmark	ftp://ftp.ncbi.nlm.nih.gov/genomes/all/GCF/049/265/285/GCF_049265285.1_ASM4926528v1
786	GCF_049264865.1	Species-Wide Reference Cohort	Escherichia coli	Complete Genome Reference	Stratified Clermont Phylogroup	NCBI Complete Genome Benchmark	ftp://ftp.ncbi.nlm.nih.gov/genomes/all/GCF/049/264/865/GCF_049264865.1_ASM4926486v1
787	GCF_049264875.1	Species-Wide Reference Cohort	Escherichia coli	Complete Genome Reference	Stratified Clermont Phylogroup	NCBI Complete Genome Benchmark	ftp://ftp.ncbi.nlm.nih.gov/genomes/all/GCF/049/264/875/GCF_049264875.1_ASM4926487v1
788	GCF_049262605.1	Species-Wide Reference Cohort	Escherichia coli	Complete Genome Reference	Stratified Clermont Phylogroup	NCBI Complete Genome Benchmark	ftp://ftp.ncbi.nlm.nih.gov/genomes/all/GCF/049/262/605/GCF_049262605.1_DP051-pacbio-raw-flye-asm
789	GCF_049201905.1	Species-Wide Reference Cohort	Escherichia coli	Complete Genome Reference	Stratified Clermont Phylogroup	NCBI Complete Genome Benchmark	ftp://ftp.ncbi.nlm.nih.gov/genomes/all/GCF/049/201/905/GCF_049201905.1_ASM4920190v1
790	GCF_049200455.1	Species-Wide Reference Cohort	Escherichia coli	Complete Genome Reference	Stratified Clermont Phylogroup	NCBI Complete Genome Benchmark	ftp://ftp.ncbi.nlm.nih.gov/genomes/all/GCF/049/200/455/GCF_049200455.1_Escherichia_coli_Cn5_v1.0
791	GCF_049189245.1	Species-Wide Reference Cohort	Escherichia coli	Complete Genome Reference	Stratified Clermont Phylogroup	NCBI Complete Genome Benchmark	ftp://ftp.ncbi.nlm.nih.gov/genomes/all/GCF/049/189/245/GCF_049189245.1_ASM4918924v1
792	GCF_049076315.1	Species-Wide Reference Cohort	Escherichia coli	Complete Genome Reference	Stratified Clermont Phylogroup	NCBI Complete Genome Benchmark	ftp://ftp.ncbi.nlm.nih.gov/genomes/all/GCF/049/076/315/GCF_049076315.1_ASM4907631v1
793	GCF_049076305.1	Species-Wide Reference Cohort	Escherichia coli	Complete Genome Reference	Stratified Clermont Phylogroup	NCBI Complete Genome Benchmark	ftp://ftp.ncbi.nlm.nih.gov/genomes/all/GCF/049/076/305/GCF_049076305.1_ASM4907630v1
794	GCF_049075675.1	Species-Wide Reference Cohort	Escherichia coli	Complete Genome Reference	Stratified Clermont Phylogroup	NCBI Complete Genome Benchmark	ftp://ftp.ncbi.nlm.nih.gov/genomes/all/GCF/049/075/675/GCF_049075675.1_ASM4907567v1
795	GCA_965229655.1	Species-Wide Reference Cohort	Escherichia coli	Complete Genome Reference	Stratified Clermont Phylogroup	NCBI Complete Genome Benchmark	ftp://ftp.ncbi.nlm.nih.gov/genomes/all/GCA/965/229/655/GCA_965229655.1_piEupAedi2.Escherichia_coli_1.1
796	GCF_049064525.1	Species-Wide Reference Cohort	Escherichia coli	Complete Genome Reference	Stratified Clermont Phylogroup	NCBI Complete Genome Benchmark	ftp://ftp.ncbi.nlm.nih.gov/genomes/all/GCF/049/064/525/GCF_049064525.1_ASM4906452v1
797	GCA_048843395.1	Species-Wide Reference Cohort	Escherichia coli	Complete Genome Reference	Stratified Clermont Phylogroup	NCBI Complete Genome Benchmark	ftp://ftp.ncbi.nlm.nih.gov/genomes/all/GCA/048/843/395/GCA_048843395.1_ASM4884339v1
798	GCA_048843335.1	Species-Wide Reference Cohort	Escherichia coli	Complete Genome Reference	Stratified Clermont Phylogroup	NCBI Complete Genome Benchmark	ftp://ftp.ncbi.nlm.nih.gov/genomes/all/GCA/048/843/335/GCA_048843335.1_ASM4884333v1
799	GCA_048842605.1	Species-Wide Reference Cohort	Escherichia coli	Complete Genome Reference	Stratified Clermont Phylogroup	NCBI Complete Genome Benchmark	ftp://ftp.ncbi.nlm.nih.gov/genomes/all/GCA/048/842/605/GCA_048842605.1_ASM4884260v1
800	GCA_048842565.1	Species-Wide Reference Cohort	Escherichia coli	Complete Genome Reference	Stratified Clermont Phylogroup	NCBI Complete Genome Benchmark	ftp://ftp.ncbi.nlm.nih.gov/genomes/all/GCA/048/842/565/GCA_048842565.1_ASM4884256v1
801	GCA_048842575.1	Species-Wide Reference Cohort	Escherichia coli	Complete Genome Reference	Stratified Clermont Phylogroup	NCBI Complete Genome Benchmark	ftp://ftp.ncbi.nlm.nih.gov/genomes/all/GCA/048/842/575/GCA_048842575.1_ASM4884257v1
802	GCA_048841885.1	Species-Wide Reference Cohort	Escherichia coli	Complete Genome Reference	Stratified Clermont Phylogroup	NCBI Complete Genome Benchmark	ftp://ftp.ncbi.nlm.nih.gov/genomes/all/GCA/048/841/885/GCA_048841885.1_ASM4884188v1
803	GCA_048841865.1	Species-Wide Reference Cohort	Escherichia coli	Complete Genome Reference	Stratified Clermont Phylogroup	NCBI Complete Genome Benchmark	ftp://ftp.ncbi.nlm.nih.gov/genomes/all/GCA/048/841/865/GCA_048841865.1_ASM4884186v1
804	GCA_048841855.1	Species-Wide Reference Cohort	Escherichia coli	Complete Genome Reference	Stratified Clermont Phylogroup	NCBI Complete Genome Benchmark	ftp://ftp.ncbi.nlm.nih.gov/genomes/all/GCA/048/841/855/GCA_048841855.1_ASM4884185v1
805	GCA_048841005.1	Species-Wide Reference Cohort	Escherichia coli	Complete Genome Reference	Stratified Clermont Phylogroup	NCBI Complete Genome Benchmark	ftp://ftp.ncbi.nlm.nih.gov/genomes/all/GCA/048/841/005/GCA_048841005.1_ASM4884100v1
806	GCA_048840995.1	Species-Wide Reference Cohort	Escherichia coli	Complete Genome Reference	Stratified Clermont Phylogroup	NCBI Complete Genome Benchmark	ftp://ftp.ncbi.nlm.nih.gov/genomes/all/GCA/048/840/995/GCA_048840995.1_ASM4884099v1
807	GCA_048840965.1	Species-Wide Reference Cohort	Escherichia coli	Complete Genome Reference	Stratified Clermont Phylogroup	NCBI Complete Genome Benchmark	ftp://ftp.ncbi.nlm.nih.gov/genomes/all/GCA/048/840/965/GCA_048840965.1_ASM4884096v1
808	GCA_048840115.1	Species-Wide Reference Cohort	Escherichia coli	Complete Genome Reference	Stratified Clermont Phylogroup	NCBI Complete Genome Benchmark	ftp://ftp.ncbi.nlm.nih.gov/genomes/all/GCA/048/840/115/GCA_048840115.1_ASM4884011v1
809	GCA_048840065.1	Species-Wide Reference Cohort	Escherichia coli	Complete Genome Reference	Stratified Clermont Phylogroup	NCBI Complete Genome Benchmark	ftp://ftp.ncbi.nlm.nih.gov/genomes/all/GCA/048/840/065/GCA_048840065.1_ASM4884006v1
810	GCA_048840055.1	Species-Wide Reference Cohort	Escherichia coli	Complete Genome Reference	Stratified Clermont Phylogroup	NCBI Complete Genome Benchmark	ftp://ftp.ncbi.nlm.nih.gov/genomes/all/GCA/048/840/055/GCA_048840055.1_ASM4884005v1
811	GCA_048839225.1	Species-Wide Reference Cohort	Escherichia coli	Complete Genome Reference	Stratified Clermont Phylogroup	NCBI Complete Genome Benchmark	ftp://ftp.ncbi.nlm.nih.gov/genomes/all/GCA/048/839/225/GCA_048839225.1_ASM4883922v1
812	GCA_048839215.1	Species-Wide Reference Cohort	Escherichia coli	Complete Genome Reference	Stratified Clermont Phylogroup	NCBI Complete Genome Benchmark	ftp://ftp.ncbi.nlm.nih.gov/genomes/all/GCA/048/839/215/GCA_048839215.1_ASM4883921v1
813	GCA_048839205.1	Species-Wide Reference Cohort	Escherichia coli	Complete Genome Reference	Stratified Clermont Phylogroup	NCBI Complete Genome Benchmark	ftp://ftp.ncbi.nlm.nih.gov/genomes/all/GCA/048/839/205/GCA_048839205.1_ASM4883920v1
814	GCF_048820325.1	Species-Wide Reference Cohort	Escherichia coli	Complete Genome Reference	Stratified Clermont Phylogroup	NCBI Complete Genome Benchmark	ftp://ftp.ncbi.nlm.nih.gov/genomes/all/GCF/048/820/325/GCF_048820325.1_ASM4882032v1
815	GCF_048820315.1	Species-Wide Reference Cohort	Escherichia coli	Complete Genome Reference	Stratified Clermont Phylogroup	NCBI Complete Genome Benchmark	ftp://ftp.ncbi.nlm.nih.gov/genomes/all/GCF/048/820/315/GCF_048820315.1_ASM4882031v1
816	GCF_048820305.1	Species-Wide Reference Cohort	Escherichia coli	Complete Genome Reference	Stratified Clermont Phylogroup	NCBI Complete Genome Benchmark	ftp://ftp.ncbi.nlm.nih.gov/genomes/all/GCF/048/820/305/GCF_048820305.1_ASM4882030v1
817	GCF_048820295.1	Species-Wide Reference Cohort	Escherichia coli	Complete Genome Reference	Stratified Clermont Phylogroup	NCBI Complete Genome Benchmark	ftp://ftp.ncbi.nlm.nih.gov/genomes/all/GCF/048/820/295/GCF_048820295.1_ASM4882029v1
818	GCF_048814835.1	Species-Wide Reference Cohort	Escherichia coli	Complete Genome Reference	Stratified Clermont Phylogroup	NCBI Complete Genome Benchmark	ftp://ftp.ncbi.nlm.nih.gov/genomes/all/GCF/048/814/835/GCF_048814835.1_ASM4881483v1
819	GCF_048593385.1	Species-Wide Reference Cohort	Escherichia coli	Complete Genome Reference	Stratified Clermont Phylogroup	NCBI Complete Genome Benchmark	ftp://ftp.ncbi.nlm.nih.gov/genomes/all/GCF/048/593/385/GCF_048593385.1_ASM4859338v1
820	GCF_048585745.1	Species-Wide Reference Cohort	Escherichia coli	Complete Genome Reference	Stratified Clermont Phylogroup	NCBI Complete Genome Benchmark	ftp://ftp.ncbi.nlm.nih.gov/genomes/all/GCF/048/585/745/GCF_048585745.1_ASM4858574v1
821	GCF_048585735.1	Species-Wide Reference Cohort	Escherichia coli	Complete Genome Reference	Stratified Clermont Phylogroup	NCBI Complete Genome Benchmark	ftp://ftp.ncbi.nlm.nih.gov/genomes/all/GCF/048/585/735/GCF_048585735.1_ASM4858573v1
822	GCF_048585725.1	Species-Wide Reference Cohort	Escherichia coli	Complete Genome Reference	Stratified Clermont Phylogroup	NCBI Complete Genome Benchmark	ftp://ftp.ncbi.nlm.nih.gov/genomes/all/GCF/048/585/725/GCF_048585725.1_ASM4858572v1
823	GCF_048585695.1	Species-Wide Reference Cohort	Escherichia coli	Complete Genome Reference	Stratified Clermont Phylogroup	NCBI Complete Genome Benchmark	ftp://ftp.ncbi.nlm.nih.gov/genomes/all/GCF/048/585/695/GCF_048585695.1_ASM4858569v1
824	GCF_048585675.1	Species-Wide Reference Cohort	Escherichia coli	Complete Genome Reference	Stratified Clermont Phylogroup	NCBI Complete Genome Benchmark	ftp://ftp.ncbi.nlm.nih.gov/genomes/all/GCF/048/585/675/GCF_048585675.1_ASM4858567v1
825	GCF_048585665.1	Species-Wide Reference Cohort	Escherichia coli	Complete Genome Reference	Stratified Clermont Phylogroup	NCBI Complete Genome Benchmark	ftp://ftp.ncbi.nlm.nih.gov/genomes/all/GCF/048/585/665/GCF_048585665.1_ASM4858566v1
826	GCF_048585655.1	Species-Wide Reference Cohort	Escherichia coli	Complete Genome Reference	Stratified Clermont Phylogroup	NCBI Complete Genome Benchmark	ftp://ftp.ncbi.nlm.nih.gov/genomes/all/GCF/048/585/655/GCF_048585655.1_ASM4858565v1
827	GCF_048585645.1	Species-Wide Reference Cohort	Escherichia coli	Complete Genome Reference	Stratified Clermont Phylogroup	NCBI Complete Genome Benchmark	ftp://ftp.ncbi.nlm.nih.gov/genomes/all/GCF/048/585/645/GCF_048585645.1_ASM4858564v1
828	GCF_048585635.1	Species-Wide Reference Cohort	Escherichia coli	Complete Genome Reference	Stratified Clermont Phylogroup	NCBI Complete Genome Benchmark	ftp://ftp.ncbi.nlm.nih.gov/genomes/all/GCF/048/585/635/GCF_048585635.1_ASM4858563v1
829	GCF_048585625.1	Species-Wide Reference Cohort	Escherichia coli	Complete Genome Reference	Stratified Clermont Phylogroup	NCBI Complete Genome Benchmark	ftp://ftp.ncbi.nlm.nih.gov/genomes/all/GCF/048/585/625/GCF_048585625.1_ASM4858562v1
830	GCF_048585615.1	Species-Wide Reference Cohort	Escherichia coli	Complete Genome Reference	Stratified Clermont Phylogroup	NCBI Complete Genome Benchmark	ftp://ftp.ncbi.nlm.nih.gov/genomes/all/GCF/048/585/615/GCF_048585615.1_ASM4858561v1
831	GCF_048585605.1	Species-Wide Reference Cohort	Escherichia coli	Complete Genome Reference	Stratified Clermont Phylogroup	NCBI Complete Genome Benchmark	ftp://ftp.ncbi.nlm.nih.gov/genomes/all/GCF/048/585/605/GCF_048585605.1_ASM4858560v1
832	GCF_048585595.1	Species-Wide Reference Cohort	Escherichia coli	Complete Genome Reference	Stratified Clermont Phylogroup	NCBI Complete Genome Benchmark	ftp://ftp.ncbi.nlm.nih.gov/genomes/all/GCF/048/585/595/GCF_048585595.1_ASM4858559v1
833	GCF_048585585.1	Species-Wide Reference Cohort	Escherichia coli	Complete Genome Reference	Stratified Clermont Phylogroup	NCBI Complete Genome Benchmark	ftp://ftp.ncbi.nlm.nih.gov/genomes/all/GCF/048/585/585/GCF_048585585.1_ASM4858558v1
834	GCF_048585575.1	Species-Wide Reference Cohort	Escherichia coli	Complete Genome Reference	Stratified Clermont Phylogroup	NCBI Complete Genome Benchmark	ftp://ftp.ncbi.nlm.nih.gov/genomes/all/GCF/048/585/575/GCF_048585575.1_ASM4858557v1
835	GCF_048585565.1	Species-Wide Reference Cohort	Escherichia coli	Complete Genome Reference	Stratified Clermont Phylogroup	NCBI Complete Genome Benchmark	ftp://ftp.ncbi.nlm.nih.gov/genomes/all/GCF/048/585/565/GCF_048585565.1_ASM4858556v1
836	GCF_048585555.1	Species-Wide Reference Cohort	Escherichia coli	Complete Genome Reference	Stratified Clermont Phylogroup	NCBI Complete Genome Benchmark	ftp://ftp.ncbi.nlm.nih.gov/genomes/all/GCF/048/585/555/GCF_048585555.1_ASM4858555v1
837	GCF_048585545.1	Species-Wide Reference Cohort	Escherichia coli	Complete Genome Reference	Stratified Clermont Phylogroup	NCBI Complete Genome Benchmark	ftp://ftp.ncbi.nlm.nih.gov/genomes/all/GCF/048/585/545/GCF_048585545.1_ASM4858554v1
838	GCF_048585535.1	Species-Wide Reference Cohort	Escherichia coli	Complete Genome Reference	Stratified Clermont Phylogroup	NCBI Complete Genome Benchmark	ftp://ftp.ncbi.nlm.nih.gov/genomes/all/GCF/048/585/535/GCF_048585535.1_ASM4858553v1
839	GCF_048585525.1	Species-Wide Reference Cohort	Escherichia coli	Complete Genome Reference	Stratified Clermont Phylogroup	NCBI Complete Genome Benchmark	ftp://ftp.ncbi.nlm.nih.gov/genomes/all/GCF/048/585/525/GCF_048585525.1_ASM4858552v1
840	GCF_048585515.1	Species-Wide Reference Cohort	Escherichia coli	Complete Genome Reference	Stratified Clermont Phylogroup	NCBI Complete Genome Benchmark	ftp://ftp.ncbi.nlm.nih.gov/genomes/all/GCF/048/585/515/GCF_048585515.1_ASM4858551v1
841	GCF_048585505.1	Species-Wide Reference Cohort	Escherichia coli	Complete Genome Reference	Stratified Clermont Phylogroup	NCBI Complete Genome Benchmark	ftp://ftp.ncbi.nlm.nih.gov/genomes/all/GCF/048/585/505/GCF_048585505.1_ASM4858550v1
842	GCF_048585495.1	Species-Wide Reference Cohort	Escherichia coli	Complete Genome Reference	Stratified Clermont Phylogroup	NCBI Complete Genome Benchmark	ftp://ftp.ncbi.nlm.nih.gov/genomes/all/GCF/048/585/495/GCF_048585495.1_ASM4858549v1
843	GCF_048585485.1	Species-Wide Reference Cohort	Escherichia coli	Complete Genome Reference	Stratified Clermont Phylogroup	NCBI Complete Genome Benchmark	ftp://ftp.ncbi.nlm.nih.gov/genomes/all/GCF/048/585/485/GCF_048585485.1_ASM4858548v1
844	GCF_048585475.1	Species-Wide Reference Cohort	Escherichia coli	Complete Genome Reference	Stratified Clermont Phylogroup	NCBI Complete Genome Benchmark	ftp://ftp.ncbi.nlm.nih.gov/genomes/all/GCF/048/585/475/GCF_048585475.1_ASM4858547v1
845	GCF_048585465.1	Species-Wide Reference Cohort	Escherichia coli	Complete Genome Reference	Stratified Clermont Phylogroup	NCBI Complete Genome Benchmark	ftp://ftp.ncbi.nlm.nih.gov/genomes/all/GCF/048/585/465/GCF_048585465.1_ASM4858546v1
846	GCF_048572705.1	Species-Wide Reference Cohort	Escherichia coli	Complete Genome Reference	Stratified Clermont Phylogroup	NCBI Complete Genome Benchmark	ftp://ftp.ncbi.nlm.nih.gov/genomes/all/GCF/048/572/705/GCF_048572705.1_VTB96933v
847	GCF_048572685.1	Species-Wide Reference Cohort	Escherichia coli	Complete Genome Reference	Stratified Clermont Phylogroup	NCBI Complete Genome Benchmark	ftp://ftp.ncbi.nlm.nih.gov/genomes/all/GCF/048/572/685/GCF_048572685.1_ASM4857268v1
848	GCF_048572675.1	Species-Wide Reference Cohort	Escherichia coli	Complete Genome Reference	Stratified Clermont Phylogroup	NCBI Complete Genome Benchmark	ftp://ftp.ncbi.nlm.nih.gov/genomes/all/GCF/048/572/675/GCF_048572675.1_ASM4857267v1
849	GCF_048572665.1	Species-Wide Reference Cohort	Escherichia coli	Complete Genome Reference	Stratified Clermont Phylogroup	NCBI Complete Genome Benchmark	ftp://ftp.ncbi.nlm.nih.gov/genomes/all/GCF/048/572/665/GCF_048572665.1_ASM4857266v1
850	GCF_048572655.1	Species-Wide Reference Cohort	Escherichia coli	Complete Genome Reference	Stratified Clermont Phylogroup	NCBI Complete Genome Benchmark	ftp://ftp.ncbi.nlm.nih.gov/genomes/all/GCF/048/572/655/GCF_048572655.1_ASM4857265v1
851	GCF_048572645.1	Species-Wide Reference Cohort	Escherichia coli	Complete Genome Reference	Stratified Clermont Phylogroup	NCBI Complete Genome Benchmark	ftp://ftp.ncbi.nlm.nih.gov/genomes/all/GCF/048/572/645/GCF_048572645.1_ASM4857264v1
852	GCF_048572635.1	Species-Wide Reference Cohort	Escherichia coli	Complete Genome Reference	Stratified Clermont Phylogroup	NCBI Complete Genome Benchmark	ftp://ftp.ncbi.nlm.nih.gov/genomes/all/GCF/048/572/635/GCF_048572635.1_ASM4857263v1
853	GCF_048572625.1	Species-Wide Reference Cohort	Escherichia coli	Complete Genome Reference	Stratified Clermont Phylogroup	NCBI Complete Genome Benchmark	ftp://ftp.ncbi.nlm.nih.gov/genomes/all/GCF/048/572/625/GCF_048572625.1_ASM4857262v1
854	GCF_048572615.1	Species-Wide Reference Cohort	Escherichia coli	Complete Genome Reference	Stratified Clermont Phylogroup	NCBI Complete Genome Benchmark	ftp://ftp.ncbi.nlm.nih.gov/genomes/all/GCF/048/572/615/GCF_048572615.1_ASM4857261v1
855	GCF_048572605.1	Species-Wide Reference Cohort	Escherichia coli	Complete Genome Reference	Stratified Clermont Phylogroup	NCBI Complete Genome Benchmark	ftp://ftp.ncbi.nlm.nih.gov/genomes/all/GCF/048/572/605/GCF_048572605.1_ASM4857260v1
856	GCF_048572595.1	Species-Wide Reference Cohort	Escherichia coli	Complete Genome Reference	Stratified Clermont Phylogroup	NCBI Complete Genome Benchmark	ftp://ftp.ncbi.nlm.nih.gov/genomes/all/GCF/048/572/595/GCF_048572595.1_ASM4857259v1
857	GCF_048572585.1	Species-Wide Reference Cohort	Escherichia coli	Complete Genome Reference	Stratified Clermont Phylogroup	NCBI Complete Genome Benchmark	ftp://ftp.ncbi.nlm.nih.gov/genomes/all/GCF/048/572/585/GCF_048572585.1_ASM4857258v1
858	GCF_048572575.1	Species-Wide Reference Cohort	Escherichia coli	Complete Genome Reference	Stratified Clermont Phylogroup	NCBI Complete Genome Benchmark	ftp://ftp.ncbi.nlm.nih.gov/genomes/all/GCF/048/572/575/GCF_048572575.1_ASM4857257v1
859	GCF_048572565.1	Species-Wide Reference Cohort	Escherichia coli	Complete Genome Reference	Stratified Clermont Phylogroup	NCBI Complete Genome Benchmark	ftp://ftp.ncbi.nlm.nih.gov/genomes/all/GCF/048/572/565/GCF_048572565.1_ASM4857256v1
860	GCF_048571835.1	Species-Wide Reference Cohort	Escherichia coli	Complete Genome Reference	Stratified Clermont Phylogroup	NCBI Complete Genome Benchmark	ftp://ftp.ncbi.nlm.nih.gov/genomes/all/GCF/048/571/835/GCF_048571835.1_ASM4857183v1
861	GCF_048571825.1	Species-Wide Reference Cohort	Escherichia coli	Complete Genome Reference	Stratified Clermont Phylogroup	NCBI Complete Genome Benchmark	ftp://ftp.ncbi.nlm.nih.gov/genomes/all/GCF/048/571/825/GCF_048571825.1_ASM4857182v1
862	GCF_048571815.1	Species-Wide Reference Cohort	Escherichia coli	Complete Genome Reference	Stratified Clermont Phylogroup	NCBI Complete Genome Benchmark	ftp://ftp.ncbi.nlm.nih.gov/genomes/all/GCF/048/571/815/GCF_048571815.1_ASM4857181v1
863	GCF_048571805.1	Species-Wide Reference Cohort	Escherichia coli	Complete Genome Reference	Stratified Clermont Phylogroup	NCBI Complete Genome Benchmark	ftp://ftp.ncbi.nlm.nih.gov/genomes/all/GCF/048/571/805/GCF_048571805.1_ASM4857180v1
864	GCF_048571795.1	Species-Wide Reference Cohort	Escherichia coli	Complete Genome Reference	Stratified Clermont Phylogroup	NCBI Complete Genome Benchmark	ftp://ftp.ncbi.nlm.nih.gov/genomes/all/GCF/048/571/795/GCF_048571795.1_ASM4857179v1
865	GCF_048571785.1	Species-Wide Reference Cohort	Escherichia coli	Complete Genome Reference	Stratified Clermont Phylogroup	NCBI Complete Genome Benchmark	ftp://ftp.ncbi.nlm.nih.gov/genomes/all/GCF/048/571/785/GCF_048571785.1_ASM4857178v1
866	GCF_048571775.1	Species-Wide Reference Cohort	Escherichia coli	Complete Genome Reference	Stratified Clermont Phylogroup	NCBI Complete Genome Benchmark	ftp://ftp.ncbi.nlm.nih.gov/genomes/all/GCF/048/571/775/GCF_048571775.1_ASM4857177v1
867	GCF_048571685.1	Species-Wide Reference Cohort	Escherichia coli	Complete Genome Reference	Stratified Clermont Phylogroup	NCBI Complete Genome Benchmark	ftp://ftp.ncbi.nlm.nih.gov/genomes/all/GCF/048/571/685/GCF_048571685.1_ASM4857168v1
868	GCF_048571675.1	Species-Wide Reference Cohort	Escherichia coli	Complete Genome Reference	Stratified Clermont Phylogroup	NCBI Complete Genome Benchmark	ftp://ftp.ncbi.nlm.nih.gov/genomes/all/GCF/048/571/675/GCF_048571675.1_ASM4857167v1
869	GCF_048571665.1	Species-Wide Reference Cohort	Escherichia coli	Complete Genome Reference	Stratified Clermont Phylogroup	NCBI Complete Genome Benchmark	ftp://ftp.ncbi.nlm.nih.gov/genomes/all/GCF/048/571/665/GCF_048571665.1_ASM4857166v1
870	GCF_048571645.1	Species-Wide Reference Cohort	Escherichia coli	Complete Genome Reference	Stratified Clermont Phylogroup	NCBI Complete Genome Benchmark	ftp://ftp.ncbi.nlm.nih.gov/genomes/all/GCF/048/571/645/GCF_048571645.1_ASM4857164v1
871	GCF_048571655.1	Species-Wide Reference Cohort	Escherichia coli	Complete Genome Reference	Stratified Clermont Phylogroup	NCBI Complete Genome Benchmark	ftp://ftp.ncbi.nlm.nih.gov/genomes/all/GCF/048/571/655/GCF_048571655.1_ASM4857165v1
872	GCF_048571635.1	Species-Wide Reference Cohort	Escherichia coli	Complete Genome Reference	Stratified Clermont Phylogroup	NCBI Complete Genome Benchmark	ftp://ftp.ncbi.nlm.nih.gov/genomes/all/GCF/048/571/635/GCF_048571635.1_ASM4857163v1
873	GCF_048571625.1	Species-Wide Reference Cohort	Escherichia coli	Complete Genome Reference	Stratified Clermont Phylogroup	NCBI Complete Genome Benchmark	ftp://ftp.ncbi.nlm.nih.gov/genomes/all/GCF/048/571/625/GCF_048571625.1_ASM4857162v1
874	GCF_048571615.1	Species-Wide Reference Cohort	Escherichia coli	Complete Genome Reference	Stratified Clermont Phylogroup	NCBI Complete Genome Benchmark	ftp://ftp.ncbi.nlm.nih.gov/genomes/all/GCF/048/571/615/GCF_048571615.1_ASM4857161v1
875	GCF_048571605.1	Species-Wide Reference Cohort	Escherichia coli	Complete Genome Reference	Stratified Clermont Phylogroup	NCBI Complete Genome Benchmark	ftp://ftp.ncbi.nlm.nih.gov/genomes/all/GCF/048/571/605/GCF_048571605.1_ASM4857160v1
876	GCF_048571595.1	Species-Wide Reference Cohort	Escherichia coli	Complete Genome Reference	Stratified Clermont Phylogroup	NCBI Complete Genome Benchmark	ftp://ftp.ncbi.nlm.nih.gov/genomes/all/GCF/048/571/595/GCF_048571595.1_ASM4857159v1
877	GCF_048571585.1	Species-Wide Reference Cohort	Escherichia coli	Complete Genome Reference	Stratified Clermont Phylogroup	NCBI Complete Genome Benchmark	ftp://ftp.ncbi.nlm.nih.gov/genomes/all/GCF/048/571/585/GCF_048571585.1_ASM4857158v1
878	GCF_048571575.1	Species-Wide Reference Cohort	Escherichia coli	Complete Genome Reference	Stratified Clermont Phylogroup	NCBI Complete Genome Benchmark	ftp://ftp.ncbi.nlm.nih.gov/genomes/all/GCF/048/571/575/GCF_048571575.1_ASM4857157v1
879	GCF_048571565.1	Species-Wide Reference Cohort	Escherichia coli	Complete Genome Reference	Stratified Clermont Phylogroup	NCBI Complete Genome Benchmark	ftp://ftp.ncbi.nlm.nih.gov/genomes/all/GCF/048/571/565/GCF_048571565.1_ASM4857156v1
880	GCF_048571555.1	Species-Wide Reference Cohort	Escherichia coli	Complete Genome Reference	Stratified Clermont Phylogroup	NCBI Complete Genome Benchmark	ftp://ftp.ncbi.nlm.nih.gov/genomes/all/GCF/048/571/555/GCF_048571555.1_ASM4857155v1
881	GCF_048571545.1	Species-Wide Reference Cohort	Escherichia coli	Complete Genome Reference	Stratified Clermont Phylogroup	NCBI Complete Genome Benchmark	ftp://ftp.ncbi.nlm.nih.gov/genomes/all/GCF/048/571/545/GCF_048571545.1_ASM4857154v1
882	GCF_048571535.1	Species-Wide Reference Cohort	Escherichia coli	Complete Genome Reference	Stratified Clermont Phylogroup	NCBI Complete Genome Benchmark	ftp://ftp.ncbi.nlm.nih.gov/genomes/all/GCF/048/571/535/GCF_048571535.1_ASM4857153v1
883	GCF_048571525.1	Species-Wide Reference Cohort	Escherichia coli	Complete Genome Reference	Stratified Clermont Phylogroup	NCBI Complete Genome Benchmark	ftp://ftp.ncbi.nlm.nih.gov/genomes/all/GCF/048/571/525/GCF_048571525.1_ASM4857152v1
884	GCF_048571515.1	Species-Wide Reference Cohort	Escherichia coli	Complete Genome Reference	Stratified Clermont Phylogroup	NCBI Complete Genome Benchmark	ftp://ftp.ncbi.nlm.nih.gov/genomes/all/GCF/048/571/515/GCF_048571515.1_ASM4857151v1
885	GCF_048571485.1	Species-Wide Reference Cohort	Escherichia coli	Complete Genome Reference	Stratified Clermont Phylogroup	NCBI Complete Genome Benchmark	ftp://ftp.ncbi.nlm.nih.gov/genomes/all/GCF/048/571/485/GCF_048571485.1_ASM4857148v1
886	GCF_048571475.1	Species-Wide Reference Cohort	Escherichia coli	Complete Genome Reference	Stratified Clermont Phylogroup	NCBI Complete Genome Benchmark	ftp://ftp.ncbi.nlm.nih.gov/genomes/all/GCF/048/571/475/GCF_048571475.1_ASM4857147v1
887	GCF_048571465.1	Species-Wide Reference Cohort	Escherichia coli	Complete Genome Reference	Stratified Clermont Phylogroup	NCBI Complete Genome Benchmark	ftp://ftp.ncbi.nlm.nih.gov/genomes/all/GCF/048/571/465/GCF_048571465.1_ASM4857146v1
888	GCF_048571455.1	Species-Wide Reference Cohort	Escherichia coli	Complete Genome Reference	Stratified Clermont Phylogroup	NCBI Complete Genome Benchmark	ftp://ftp.ncbi.nlm.nih.gov/genomes/all/GCF/048/571/455/GCF_048571455.1_ASM4857145v1
889	GCF_048571445.1	Species-Wide Reference Cohort	Escherichia coli	Complete Genome Reference	Stratified Clermont Phylogroup	NCBI Complete Genome Benchmark	ftp://ftp.ncbi.nlm.nih.gov/genomes/all/GCF/048/571/445/GCF_048571445.1_ASM4857144v1
890	GCF_048571435.1	Species-Wide Reference Cohort	Escherichia coli	Complete Genome Reference	Stratified Clermont Phylogroup	NCBI Complete Genome Benchmark	ftp://ftp.ncbi.nlm.nih.gov/genomes/all/GCF/048/571/435/GCF_048571435.1_ASM4857143v1
891	GCF_048571425.1	Species-Wide Reference Cohort	Escherichia coli	Complete Genome Reference	Stratified Clermont Phylogroup	NCBI Complete Genome Benchmark	ftp://ftp.ncbi.nlm.nih.gov/genomes/all/GCF/048/571/425/GCF_048571425.1_ASM4857142v1
892	GCF_048571415.1	Species-Wide Reference Cohort	Escherichia coli	Complete Genome Reference	Stratified Clermont Phylogroup	NCBI Complete Genome Benchmark	ftp://ftp.ncbi.nlm.nih.gov/genomes/all/GCF/048/571/415/GCF_048571415.1_ASM4857141v1
893	GCF_048571405.1	Species-Wide Reference Cohort	Escherichia coli	Complete Genome Reference	Stratified Clermont Phylogroup	NCBI Complete Genome Benchmark	ftp://ftp.ncbi.nlm.nih.gov/genomes/all/GCF/048/571/405/GCF_048571405.1_ASM4857140v1
894	GCF_048571395.1	Species-Wide Reference Cohort	Escherichia coli	Complete Genome Reference	Stratified Clermont Phylogroup	NCBI Complete Genome Benchmark	ftp://ftp.ncbi.nlm.nih.gov/genomes/all/GCF/048/571/395/GCF_048571395.1_ASM4857139v1
895	GCF_048571385.1	Species-Wide Reference Cohort	Escherichia coli	Complete Genome Reference	Stratified Clermont Phylogroup	NCBI Complete Genome Benchmark	ftp://ftp.ncbi.nlm.nih.gov/genomes/all/GCF/048/571/385/GCF_048571385.1_ASM4857138v1
896	GCF_048571375.1	Species-Wide Reference Cohort	Escherichia coli	Complete Genome Reference	Stratified Clermont Phylogroup	NCBI Complete Genome Benchmark	ftp://ftp.ncbi.nlm.nih.gov/genomes/all/GCF/048/571/375/GCF_048571375.1_ASM4857137v1
897	GCF_048571365.1	Species-Wide Reference Cohort	Escherichia coli	Complete Genome Reference	Stratified Clermont Phylogroup	NCBI Complete Genome Benchmark	ftp://ftp.ncbi.nlm.nih.gov/genomes/all/GCF/048/571/365/GCF_048571365.1_ASM4857136v1
898	GCF_048571355.1	Species-Wide Reference Cohort	Escherichia coli	Complete Genome Reference	Stratified Clermont Phylogroup	NCBI Complete Genome Benchmark	ftp://ftp.ncbi.nlm.nih.gov/genomes/all/GCF/048/571/355/GCF_048571355.1_ASM4857135v1
899	GCF_048571345.1	Species-Wide Reference Cohort	Escherichia coli	Complete Genome Reference	Stratified Clermont Phylogroup	NCBI Complete Genome Benchmark	ftp://ftp.ncbi.nlm.nih.gov/genomes/all/GCF/048/571/345/GCF_048571345.1_ASM4857134v1
900	GCF_048571335.1	Species-Wide Reference Cohort	Escherichia coli	Complete Genome Reference	Stratified Clermont Phylogroup	NCBI Complete Genome Benchmark	ftp://ftp.ncbi.nlm.nih.gov/genomes/all/GCF/048/571/335/GCF_048571335.1_ASM4857133v1
901	GCF_048571325.1	Species-Wide Reference Cohort	Escherichia coli	Complete Genome Reference	Stratified Clermont Phylogroup	NCBI Complete Genome Benchmark	ftp://ftp.ncbi.nlm.nih.gov/genomes/all/GCF/048/571/325/GCF_048571325.1_ASM4857132v1
902	GCF_048571315.1	Species-Wide Reference Cohort	Escherichia coli	Complete Genome Reference	Stratified Clermont Phylogroup	NCBI Complete Genome Benchmark	ftp://ftp.ncbi.nlm.nih.gov/genomes/all/GCF/048/571/315/GCF_048571315.1_ASM4857131v1
903	GCF_048571305.1	Species-Wide Reference Cohort	Escherichia coli	Complete Genome Reference	Stratified Clermont Phylogroup	NCBI Complete Genome Benchmark	ftp://ftp.ncbi.nlm.nih.gov/genomes/all/GCF/048/571/305/GCF_048571305.1_ASM4857130v1
904	GCF_048571295.1	Species-Wide Reference Cohort	Escherichia coli	Complete Genome Reference	Stratified Clermont Phylogroup	NCBI Complete Genome Benchmark	ftp://ftp.ncbi.nlm.nih.gov/genomes/all/GCF/048/571/295/GCF_048571295.1_ASM4857129v1
905	GCF_048571285.1	Species-Wide Reference Cohort	Escherichia coli	Complete Genome Reference	Stratified Clermont Phylogroup	NCBI Complete Genome Benchmark	ftp://ftp.ncbi.nlm.nih.gov/genomes/all/GCF/048/571/285/GCF_048571285.1_ASM4857128v1
906	GCF_048571005.1	Species-Wide Reference Cohort	Escherichia coli	Complete Genome Reference	Stratified Clermont Phylogroup	NCBI Complete Genome Benchmark	ftp://ftp.ncbi.nlm.nih.gov/genomes/all/GCF/048/571/005/GCF_048571005.1_ASM4857100v1
907	GCF_048569075.1	Species-Wide Reference Cohort	Escherichia coli	Complete Genome Reference	Stratified Clermont Phylogroup	NCBI Complete Genome Benchmark	ftp://ftp.ncbi.nlm.nih.gov/genomes/all/GCF/048/569/075/GCF_048569075.1_ASM4856907v1
908	GCF_048569065.1	Species-Wide Reference Cohort	Escherichia coli	Complete Genome Reference	Stratified Clermont Phylogroup	NCBI Complete Genome Benchmark	ftp://ftp.ncbi.nlm.nih.gov/genomes/all/GCF/048/569/065/GCF_048569065.1_ASM4856906v1
909	GCF_048569055.1	Species-Wide Reference Cohort	Escherichia coli	Complete Genome Reference	Stratified Clermont Phylogroup	NCBI Complete Genome Benchmark	ftp://ftp.ncbi.nlm.nih.gov/genomes/all/GCF/048/569/055/GCF_048569055.1_ASM4856905v1
910	GCF_048569045.1	Species-Wide Reference Cohort	Escherichia coli	Complete Genome Reference	Stratified Clermont Phylogroup	NCBI Complete Genome Benchmark	ftp://ftp.ncbi.nlm.nih.gov/genomes/all/GCF/048/569/045/GCF_048569045.1_ASM4856904v1
911	GCF_048569035.1	Species-Wide Reference Cohort	Escherichia coli	Complete Genome Reference	Stratified Clermont Phylogroup	NCBI Complete Genome Benchmark	ftp://ftp.ncbi.nlm.nih.gov/genomes/all/GCF/048/569/035/GCF_048569035.1_ASM4856903v1
912	GCF_048569025.1	Species-Wide Reference Cohort	Escherichia coli	Complete Genome Reference	Stratified Clermont Phylogroup	NCBI Complete Genome Benchmark	ftp://ftp.ncbi.nlm.nih.gov/genomes/all/GCF/048/569/025/GCF_048569025.1_ASM4856902v1
913	GCF_048569015.1	Species-Wide Reference Cohort	Escherichia coli	Complete Genome Reference	Stratified Clermont Phylogroup	NCBI Complete Genome Benchmark	ftp://ftp.ncbi.nlm.nih.gov/genomes/all/GCF/048/569/015/GCF_048569015.1_ASM4856901v1
914	GCF_048569005.1	Species-Wide Reference Cohort	Escherichia coli	Complete Genome Reference	Stratified Clermont Phylogroup	NCBI Complete Genome Benchmark	ftp://ftp.ncbi.nlm.nih.gov/genomes/all/GCF/048/569/005/GCF_048569005.1_ASM4856900v1
915	GCF_048568995.1	Species-Wide Reference Cohort	Escherichia coli	Complete Genome Reference	Stratified Clermont Phylogroup	NCBI Complete Genome Benchmark	ftp://ftp.ncbi.nlm.nih.gov/genomes/all/GCF/048/568/995/GCF_048568995.1_ASM4856899v1
916	GCF_048568985.1	Species-Wide Reference Cohort	Escherichia coli	Complete Genome Reference	Stratified Clermont Phylogroup	NCBI Complete Genome Benchmark	ftp://ftp.ncbi.nlm.nih.gov/genomes/all/GCF/048/568/985/GCF_048568985.1_ASM4856898v1
917	GCF_048568975.1	Species-Wide Reference Cohort	Escherichia coli	Complete Genome Reference	Stratified Clermont Phylogroup	NCBI Complete Genome Benchmark	ftp://ftp.ncbi.nlm.nih.gov/genomes/all/GCF/048/568/975/GCF_048568975.1_ASM4856897v1
918	GCF_048568965.1	Species-Wide Reference Cohort	Escherichia coli	Complete Genome Reference	Stratified Clermont Phylogroup	NCBI Complete Genome Benchmark	ftp://ftp.ncbi.nlm.nih.gov/genomes/all/GCF/048/568/965/GCF_048568965.1_ASM4856896v1
919	GCF_048568955.1	Species-Wide Reference Cohort	Escherichia coli	Complete Genome Reference	Stratified Clermont Phylogroup	NCBI Complete Genome Benchmark	ftp://ftp.ncbi.nlm.nih.gov/genomes/all/GCF/048/568/955/GCF_048568955.1_ASM4856895v1
920	GCF_048568945.1	Species-Wide Reference Cohort	Escherichia coli	Complete Genome Reference	Stratified Clermont Phylogroup	NCBI Complete Genome Benchmark	ftp://ftp.ncbi.nlm.nih.gov/genomes/all/GCF/048/568/945/GCF_048568945.1_ASM4856894v1
921	GCF_048568935.1	Species-Wide Reference Cohort	Escherichia coli	Complete Genome Reference	Stratified Clermont Phylogroup	NCBI Complete Genome Benchmark	ftp://ftp.ncbi.nlm.nih.gov/genomes/all/GCF/048/568/935/GCF_048568935.1_ASM4856893v1
922	GCF_048568925.1	Species-Wide Reference Cohort	Escherichia coli	Complete Genome Reference	Stratified Clermont Phylogroup	NCBI Complete Genome Benchmark	ftp://ftp.ncbi.nlm.nih.gov/genomes/all/GCF/048/568/925/GCF_048568925.1_ASM4856892v1
923	GCF_048568915.1	Species-Wide Reference Cohort	Escherichia coli	Complete Genome Reference	Stratified Clermont Phylogroup	NCBI Complete Genome Benchmark	ftp://ftp.ncbi.nlm.nih.gov/genomes/all/GCF/048/568/915/GCF_048568915.1_ASM4856891v1
924	GCF_964341145.1	Species-Wide Reference Cohort	Escherichia coli	Complete Genome Reference	Stratified Clermont Phylogroup	NCBI Complete Genome Benchmark	ftp://ftp.ncbi.nlm.nih.gov/genomes/all/GCF/964/341/145/GCF_964341145.1_1697008
925	GCF_048541625.1	Species-Wide Reference Cohort	Escherichia coli	Complete Genome Reference	Stratified Clermont Phylogroup	NCBI Complete Genome Benchmark	ftp://ftp.ncbi.nlm.nih.gov/genomes/all/GCF/048/541/625/GCF_048541625.1_ASM4854162v1
926	GCF_048541595.1	Species-Wide Reference Cohort	Escherichia coli	Complete Genome Reference	Stratified Clermont Phylogroup	NCBI Complete Genome Benchmark	ftp://ftp.ncbi.nlm.nih.gov/genomes/all/GCF/048/541/595/GCF_048541595.1_W3110
927	GCF_048457195.1	Species-Wide Reference Cohort	Escherichia coli	Complete Genome Reference	Stratified Clermont Phylogroup	NCBI Complete Genome Benchmark	ftp://ftp.ncbi.nlm.nih.gov/genomes/all/GCF/048/457/195/GCF_048457195.1_ASM4845719v1
928	GCF_048457185.1	Species-Wide Reference Cohort	Escherichia coli	Complete Genome Reference	Stratified Clermont Phylogroup	NCBI Complete Genome Benchmark	ftp://ftp.ncbi.nlm.nih.gov/genomes/all/GCF/048/457/185/GCF_048457185.1_ASM4845718v1
929	GCA_048457175.1	Species-Wide Reference Cohort	Escherichia coli	Complete Genome Reference	Stratified Clermont Phylogroup	NCBI Complete Genome Benchmark	ftp://ftp.ncbi.nlm.nih.gov/genomes/all/GCA/048/457/175/GCA_048457175.1_ASM4845717v1
930	GCA_048407205.1	Species-Wide Reference Cohort	Escherichia coli	Complete Genome Reference	Stratified Clermont Phylogroup	NCBI Complete Genome Benchmark	ftp://ftp.ncbi.nlm.nih.gov/genomes/all/GCA/048/407/205/GCA_048407205.1_ASM4840720v1
931	GCF_048405895.1	Species-Wide Reference Cohort	Escherichia coli	Complete Genome Reference	Stratified Clermont Phylogroup	NCBI Complete Genome Benchmark	ftp://ftp.ncbi.nlm.nih.gov/genomes/all/GCF/048/405/895/GCF_048405895.1_ASM4840589v1
932	GCF_048405105.1	Species-Wide Reference Cohort	Escherichia coli	Complete Genome Reference	Stratified Clermont Phylogroup	NCBI Complete Genome Benchmark	ftp://ftp.ncbi.nlm.nih.gov/genomes/all/GCF/048/405/105/GCF_048405105.1_ASM4840510v1
933	GCF_048405095.1	Species-Wide Reference Cohort	Escherichia coli	Complete Genome Reference	Stratified Clermont Phylogroup	NCBI Complete Genome Benchmark	ftp://ftp.ncbi.nlm.nih.gov/genomes/all/GCF/048/405/095/GCF_048405095.1_ASM4840509v1
934	GCA_048405065.1	Species-Wide Reference Cohort	Escherichia coli	Complete Genome Reference	Stratified Clermont Phylogroup	NCBI Complete Genome Benchmark	ftp://ftp.ncbi.nlm.nih.gov/genomes/all/GCA/048/405/065/GCA_048405065.1_ASM4840506v1
935	GCF_048404355.1	Species-Wide Reference Cohort	Escherichia coli	Complete Genome Reference	Stratified Clermont Phylogroup	NCBI Complete Genome Benchmark	ftp://ftp.ncbi.nlm.nih.gov/genomes/all/GCF/048/404/355/GCF_048404355.1_ASM4840435v1
936	GCF_048404345.1	Species-Wide Reference Cohort	Escherichia coli	Complete Genome Reference	Stratified Clermont Phylogroup	NCBI Complete Genome Benchmark	ftp://ftp.ncbi.nlm.nih.gov/genomes/all/GCF/048/404/345/GCF_048404345.1_ASM4840434v1
937	GCF_048404295.1	Species-Wide Reference Cohort	Escherichia coli	Complete Genome Reference	Stratified Clermont Phylogroup	NCBI Complete Genome Benchmark	ftp://ftp.ncbi.nlm.nih.gov/genomes/all/GCF/048/404/295/GCF_048404295.1_ASM4840429v1
938	GCF_048403485.1	Species-Wide Reference Cohort	Escherichia coli	Complete Genome Reference	Stratified Clermont Phylogroup	NCBI Complete Genome Benchmark	ftp://ftp.ncbi.nlm.nih.gov/genomes/all/GCF/048/403/485/GCF_048403485.1_ASM4840348v1
939	GCF_048403475.1	Species-Wide Reference Cohort	Escherichia coli	Complete Genome Reference	Stratified Clermont Phylogroup	NCBI Complete Genome Benchmark	ftp://ftp.ncbi.nlm.nih.gov/genomes/all/GCF/048/403/475/GCF_048403475.1_ASM4840347v1
940	GCF_048403405.1	Species-Wide Reference Cohort	Escherichia coli	Complete Genome Reference	Stratified Clermont Phylogroup	NCBI Complete Genome Benchmark	ftp://ftp.ncbi.nlm.nih.gov/genomes/all/GCF/048/403/405/GCF_048403405.1_ASM4840340v1
941	GCF_048402645.1	Species-Wide Reference Cohort	Escherichia coli	Complete Genome Reference	Stratified Clermont Phylogroup	NCBI Complete Genome Benchmark	ftp://ftp.ncbi.nlm.nih.gov/genomes/all/GCF/048/402/645/GCF_048402645.1_ASM4840264v1
942	GCF_048402635.1	Species-Wide Reference Cohort	Escherichia coli	Complete Genome Reference	Stratified Clermont Phylogroup	NCBI Complete Genome Benchmark	ftp://ftp.ncbi.nlm.nih.gov/genomes/all/GCF/048/402/635/GCF_048402635.1_ASM4840263v1
943	GCF_048402605.1	Species-Wide Reference Cohort	Escherichia coli	Complete Genome Reference	Stratified Clermont Phylogroup	NCBI Complete Genome Benchmark	ftp://ftp.ncbi.nlm.nih.gov/genomes/all/GCF/048/402/605/GCF_048402605.1_ASM4840260v1
944	GCF_048401735.1	Species-Wide Reference Cohort	Escherichia coli	Complete Genome Reference	Stratified Clermont Phylogroup	NCBI Complete Genome Benchmark	ftp://ftp.ncbi.nlm.nih.gov/genomes/all/GCF/048/401/735/GCF_048401735.1_ASM4840173v1
945	GCF_048320145.1	Species-Wide Reference Cohort	Escherichia coli	Complete Genome Reference	Stratified Clermont Phylogroup	NCBI Complete Genome Benchmark	ftp://ftp.ncbi.nlm.nih.gov/genomes/all/GCF/048/320/145/GCF_048320145.1_ASM4832014v1
946	GCF_048296705.1	Species-Wide Reference Cohort	Escherichia coli	Complete Genome Reference	Stratified Clermont Phylogroup	NCBI Complete Genome Benchmark	ftp://ftp.ncbi.nlm.nih.gov/genomes/all/GCF/048/296/705/GCF_048296705.1_ASM4829670v1
947	GCF_048163865.1	Species-Wide Reference Cohort	Escherichia coli	Complete Genome Reference	Stratified Clermont Phylogroup	NCBI Complete Genome Benchmark	ftp://ftp.ncbi.nlm.nih.gov/genomes/all/GCF/048/163/865/GCF_048163865.1_A134_1EC
948	GCF_048163845.1	Species-Wide Reference Cohort	Escherichia coli	Complete Genome Reference	Stratified Clermont Phylogroup	NCBI Complete Genome Benchmark	ftp://ftp.ncbi.nlm.nih.gov/genomes/all/GCF/048/163/845/GCF_048163845.1_A65EC
949	GCF_048163035.1	Species-Wide Reference Cohort	Escherichia coli	Complete Genome Reference	Stratified Clermont Phylogroup	NCBI Complete Genome Benchmark	ftp://ftp.ncbi.nlm.nih.gov/genomes/all/GCF/048/163/035/GCF_048163035.1_Br_178_kylling
950	GCF_048163025.1	Species-Wide Reference Cohort	Escherichia coli	Complete Genome Reference	Stratified Clermont Phylogroup	NCBI Complete Genome Benchmark	ftp://ftp.ncbi.nlm.nih.gov/genomes/all/GCF/048/163/025/GCF_048163025.1_ASM4816302v1
951	GCF_048163005.1	Species-Wide Reference Cohort	Escherichia coli	Complete Genome Reference	Stratified Clermont Phylogroup	NCBI Complete Genome Benchmark	ftp://ftp.ncbi.nlm.nih.gov/genomes/all/GCF/048/163/005/GCF_048163005.1_Br_167_kylling
952	GCF_048162995.1	Species-Wide Reference Cohort	Escherichia coli	Complete Genome Reference	Stratified Clermont Phylogroup	NCBI Complete Genome Benchmark	ftp://ftp.ncbi.nlm.nih.gov/genomes/all/GCF/048/162/995/GCF_048162995.1_Br_120_kylling
953	GCF_048162985.1	Species-Wide Reference Cohort	Escherichia coli	Complete Genome Reference	Stratified Clermont Phylogroup	NCBI Complete Genome Benchmark	ftp://ftp.ncbi.nlm.nih.gov/genomes/all/GCF/048/162/985/GCF_048162985.1_Br_112_kylling
954	GCA_048161535.1	Species-Wide Reference Cohort	Escherichia coli	Complete Genome Reference	Stratified Clermont Phylogroup	NCBI Complete Genome Benchmark	ftp://ftp.ncbi.nlm.nih.gov/genomes/all/GCA/048/161/535/GCA_048161535.1_BR_97_kylling
955	GCF_048161525.1	Species-Wide Reference Cohort	Escherichia coli	Complete Genome Reference	Stratified Clermont Phylogroup	NCBI Complete Genome Benchmark	ftp://ftp.ncbi.nlm.nih.gov/genomes/all/GCF/048/161/525/GCF_048161525.1_Br_54_kylling
956	GCF_048160285.1	Species-Wide Reference Cohort	Escherichia coli	Complete Genome Reference	Stratified Clermont Phylogroup	NCBI Complete Genome Benchmark	ftp://ftp.ncbi.nlm.nih.gov/genomes/all/GCF/048/160/285/GCF_048160285.1_ASM4816028v1
957	GCF_048160275.1	Species-Wide Reference Cohort	Escherichia coli	Complete Genome Reference	Stratified Clermont Phylogroup	NCBI Complete Genome Benchmark	ftp://ftp.ncbi.nlm.nih.gov/genomes/all/GCF/048/160/275/GCF_048160275.1_ASM4816027v1
958	GCF_048160245.1	Species-Wide Reference Cohort	Escherichia coli	Complete Genome Reference	Stratified Clermont Phylogroup	NCBI Complete Genome Benchmark	ftp://ftp.ncbi.nlm.nih.gov/genomes/all/GCF/048/160/245/GCF_048160245.1_ASM4816024v1
959	GCF_964290865.1	Species-Wide Reference Cohort	Escherichia coli	Complete Genome Reference	Stratified Clermont Phylogroup	NCBI Complete Genome Benchmark	ftp://ftp.ncbi.nlm.nih.gov/genomes/all/GCF/964/290/865/GCF_964290865.1_23S01245-7
960	GCF_048021095.1	Species-Wide Reference Cohort	Escherichia coli	Complete Genome Reference	Stratified Clermont Phylogroup	NCBI Complete Genome Benchmark	ftp://ftp.ncbi.nlm.nih.gov/genomes/all/GCF/048/021/095/GCF_048021095.1_ASM4802109v1
961	GCF_048020285.1	Species-Wide Reference Cohort	Escherichia coli	Complete Genome Reference	Stratified Clermont Phylogroup	NCBI Complete Genome Benchmark	ftp://ftp.ncbi.nlm.nih.gov/genomes/all/GCF/048/020/285/GCF_048020285.1_ASM4802028v1
962	GCF_048020275.1	Species-Wide Reference Cohort	Escherichia coli	Complete Genome Reference	Stratified Clermont Phylogroup	NCBI Complete Genome Benchmark	ftp://ftp.ncbi.nlm.nih.gov/genomes/all/GCF/048/020/275/GCF_048020275.1_ASM4802027v1
963	GCF_048019075.1	Species-Wide Reference Cohort	Escherichia coli	Complete Genome Reference	Stratified Clermont Phylogroup	NCBI Complete Genome Benchmark	ftp://ftp.ncbi.nlm.nih.gov/genomes/all/GCF/048/019/075/GCF_048019075.1_ASM4801907v1
964	GCF_048018425.1	Species-Wide Reference Cohort	Escherichia coli	Complete Genome Reference	Stratified Clermont Phylogroup	NCBI Complete Genome Benchmark	ftp://ftp.ncbi.nlm.nih.gov/genomes/all/GCF/048/018/425/GCF_048018425.1_ASM4801842v1
965	GCF_048016545.1	Species-Wide Reference Cohort	Escherichia coli	Complete Genome Reference	Stratified Clermont Phylogroup	NCBI Complete Genome Benchmark	ftp://ftp.ncbi.nlm.nih.gov/genomes/all/GCF/048/016/545/GCF_048016545.1_ASM4801654v1
966	GCF_048012855.1	Species-Wide Reference Cohort	Escherichia coli	Complete Genome Reference	Stratified Clermont Phylogroup	NCBI Complete Genome Benchmark	ftp://ftp.ncbi.nlm.nih.gov/genomes/all/GCF/048/012/855/GCF_048012855.1_ASM4801285v1
967	GCF_048012845.1	Species-Wide Reference Cohort	Escherichia coli	Complete Genome Reference	Stratified Clermont Phylogroup	NCBI Complete Genome Benchmark	ftp://ftp.ncbi.nlm.nih.gov/genomes/all/GCF/048/012/845/GCF_048012845.1_ASM4801284v1
968	GCF_048012795.1	Species-Wide Reference Cohort	Escherichia coli	Complete Genome Reference	Stratified Clermont Phylogroup	NCBI Complete Genome Benchmark	ftp://ftp.ncbi.nlm.nih.gov/genomes/all/GCF/048/012/795/GCF_048012795.1_ASM4801279v1
969	GCF_048011965.1	Species-Wide Reference Cohort	Escherichia coli	Complete Genome Reference	Stratified Clermont Phylogroup	NCBI Complete Genome Benchmark	ftp://ftp.ncbi.nlm.nih.gov/genomes/all/GCF/048/011/965/GCF_048011965.1_ASM4801196v1
970	GCF_048011955.1	Species-Wide Reference Cohort	Escherichia coli	Complete Genome Reference	Stratified Clermont Phylogroup	NCBI Complete Genome Benchmark	ftp://ftp.ncbi.nlm.nih.gov/genomes/all/GCF/048/011/955/GCF_048011955.1_ASM4801195v1
971	GCF_040272325.2	Species-Wide Reference Cohort	Escherichia coli	Complete Genome Reference	Stratified Clermont Phylogroup	NCBI Complete Genome Benchmark	ftp://ftp.ncbi.nlm.nih.gov/genomes/all/GCF/040/272/325/GCF_040272325.2_ASM4027232v2
972	GCF_040271735.2	Species-Wide Reference Cohort	Escherichia coli	Complete Genome Reference	Stratified Clermont Phylogroup	NCBI Complete Genome Benchmark	ftp://ftp.ncbi.nlm.nih.gov/genomes/all/GCF/040/271/735/GCF_040271735.2_ASM4027173v2
973	GCF_040271875.2	Species-Wide Reference Cohort	Escherichia coli	Complete Genome Reference	Stratified Clermont Phylogroup	NCBI Complete Genome Benchmark	ftp://ftp.ncbi.nlm.nih.gov/genomes/all/GCF/040/271/875/GCF_040271875.2_ASM4027187v2
974	GCF_040279995.2	Species-Wide Reference Cohort	Escherichia coli	Complete Genome Reference	Stratified Clermont Phylogroup	NCBI Complete Genome Benchmark	ftp://ftp.ncbi.nlm.nih.gov/genomes/all/GCF/040/279/995/GCF_040279995.2_ASM4027999v2
975	GCF_040275265.2	Species-Wide Reference Cohort	Escherichia coli	Complete Genome Reference	Stratified Clermont Phylogroup	NCBI Complete Genome Benchmark	ftp://ftp.ncbi.nlm.nih.gov/genomes/all/GCF/040/275/265/GCF_040275265.2_ASM4027526v2
976	GCF_047946685.1	Species-Wide Reference Cohort	Escherichia coli	Complete Genome Reference	Stratified Clermont Phylogroup	NCBI Complete Genome Benchmark	ftp://ftp.ncbi.nlm.nih.gov/genomes/all/GCF/047/946/685/GCF_047946685.1_ASM4794668v1
977	GCF_047782985.1	Species-Wide Reference Cohort	Escherichia coli	Complete Genome Reference	Stratified Clermont Phylogroup	NCBI Complete Genome Benchmark	ftp://ftp.ncbi.nlm.nih.gov/genomes/all/GCF/047/782/985/GCF_047782985.1_ASM4778298v1
978	GCF_047782975.1	Species-Wide Reference Cohort	Escherichia coli	Complete Genome Reference	Stratified Clermont Phylogroup	NCBI Complete Genome Benchmark	ftp://ftp.ncbi.nlm.nih.gov/genomes/all/GCF/047/782/975/GCF_047782975.1_ASM4778297v1
979	GCF_047782965.1	Species-Wide Reference Cohort	Escherichia coli	Complete Genome Reference	Stratified Clermont Phylogroup	NCBI Complete Genome Benchmark	ftp://ftp.ncbi.nlm.nih.gov/genomes/all/GCF/047/782/965/GCF_047782965.1_ASM4778296v1
980	GCF_047782865.1	Species-Wide Reference Cohort	Escherichia coli	Complete Genome Reference	Stratified Clermont Phylogroup	NCBI Complete Genome Benchmark	ftp://ftp.ncbi.nlm.nih.gov/genomes/all/GCF/047/782/865/GCF_047782865.1_ASM4778286v1
981	GCF_047782795.1	Species-Wide Reference Cohort	Escherichia coli	Complete Genome Reference	Stratified Clermont Phylogroup	NCBI Complete Genome Benchmark	ftp://ftp.ncbi.nlm.nih.gov/genomes/all/GCF/047/782/795/GCF_047782795.1_ASM4778279v1
982	GCF_047782535.1	Species-Wide Reference Cohort	Escherichia coli	Complete Genome Reference	Stratified Clermont Phylogroup	NCBI Complete Genome Benchmark	ftp://ftp.ncbi.nlm.nih.gov/genomes/all/GCF/047/782/535/GCF_047782535.1_23-AB02114
983	GCF_047715505.1	Species-Wide Reference Cohort	Escherichia coli	Complete Genome Reference	Stratified Clermont Phylogroup	NCBI Complete Genome Benchmark	ftp://ftp.ncbi.nlm.nih.gov/genomes/all/GCF/047/715/505/GCF_047715505.1_de_novo
984	GCA_965140565.1	Species-Wide Reference Cohort	Escherichia coli	Complete Genome Reference	Stratified Clermont Phylogroup	NCBI Complete Genome Benchmark	ftp://ftp.ncbi.nlm.nih.gov/genomes/all/GCA/965/140/565/GCA_965140565.1_paParPema1.Escherichia_coli_1.1
985	GCA_044827965.2	Species-Wide Reference Cohort	Escherichia coli	Complete Genome Reference	Stratified Clermont Phylogroup	NCBI Complete Genome Benchmark	ftp://ftp.ncbi.nlm.nih.gov/genomes/all/GCA/044/827/965/GCA_044827965.2_ASM4482796v2
986	GCF_047551885.1	Species-Wide Reference Cohort	Escherichia coli	Complete Genome Reference	Stratified Clermont Phylogroup	NCBI Complete Genome Benchmark	ftp://ftp.ncbi.nlm.nih.gov/genomes/all/GCF/047/551/885/GCF_047551885.1_ASM4755188v1
987	GCA_047528305.1	Species-Wide Reference Cohort	Escherichia coli	Complete Genome Reference	Stratified Clermont Phylogroup	NCBI Complete Genome Benchmark	ftp://ftp.ncbi.nlm.nih.gov/genomes/all/GCA/047/528/305/GCA_047528305.1_ASM4752830v1
988	GCF_047456045.1	Species-Wide Reference Cohort	Escherichia coli	Complete Genome Reference	Stratified Clermont Phylogroup	NCBI Complete Genome Benchmark	ftp://ftp.ncbi.nlm.nih.gov/genomes/all/GCF/047/456/045/GCF_047456045.1_ASM4745604v1
989	GCA_047456035.1	Species-Wide Reference Cohort	Escherichia coli	Complete Genome Reference	Stratified Clermont Phylogroup	NCBI Complete Genome Benchmark	ftp://ftp.ncbi.nlm.nih.gov/genomes/all/GCA/047/456/035/GCA_047456035.1_ASM4745603v1
990	GCF_047456025.1	Species-Wide Reference Cohort	Escherichia coli	Complete Genome Reference	Stratified Clermont Phylogroup	NCBI Complete Genome Benchmark	ftp://ftp.ncbi.nlm.nih.gov/genomes/all/GCF/047/456/025/GCF_047456025.1_ASM4745602v1
991	GCF_047344975.1	Species-Wide Reference Cohort	Escherichia coli	Complete Genome Reference	Stratified Clermont Phylogroup	NCBI Complete Genome Benchmark	ftp://ftp.ncbi.nlm.nih.gov/genomes/all/GCF/047/344/975/GCF_047344975.1_ASM4734497v1
992	GCF_047300965.1	Species-Wide Reference Cohort	Escherichia coli	Complete Genome Reference	Stratified Clermont Phylogroup	NCBI Complete Genome Benchmark	ftp://ftp.ncbi.nlm.nih.gov/genomes/all/GCF/047/300/965/GCF_047300965.1_ASM4730096v1
993	GCF_047300905.1	Species-Wide Reference Cohort	Escherichia coli	Complete Genome Reference	Stratified Clermont Phylogroup	NCBI Complete Genome Benchmark	ftp://ftp.ncbi.nlm.nih.gov/genomes/all/GCF/047/300/905/GCF_047300905.1_ASM4730090v1
994	GCF_047300885.1	Species-Wide Reference Cohort	Escherichia coli	Complete Genome Reference	Stratified Clermont Phylogroup	NCBI Complete Genome Benchmark	ftp://ftp.ncbi.nlm.nih.gov/genomes/all/GCF/047/300/885/GCF_047300885.1_ASM4730088v1
995	GCF_047222285.1	Species-Wide Reference Cohort	Escherichia coli	Complete Genome Reference	Stratified Clermont Phylogroup	NCBI Complete Genome Benchmark	ftp://ftp.ncbi.nlm.nih.gov/genomes/all/GCF/047/222/285/GCF_047222285.1_ASM4722228v1
996	GCA_047220185.1	Species-Wide Reference Cohort	Escherichia coli	Complete Genome Reference	Stratified Clermont Phylogroup	NCBI Complete Genome Benchmark	ftp://ftp.ncbi.nlm.nih.gov/genomes/all/GCA/047/220/185/GCA_047220185.1_ASM4722018v1
997	GCA_047199215.1	Species-Wide Reference Cohort	Escherichia coli	Complete Genome Reference	Stratified Clermont Phylogroup	NCBI Complete Genome Benchmark	ftp://ftp.ncbi.nlm.nih.gov/genomes/all/GCA/047/199/215/GCA_047199215.1_ASM4719921v1
998	GCA_047199205.1	Species-Wide Reference Cohort	Escherichia coli	Complete Genome Reference	Stratified Clermont Phylogroup	NCBI Complete Genome Benchmark	ftp://ftp.ncbi.nlm.nih.gov/genomes/all/GCA/047/199/205/GCA_047199205.1_ASM4719920v1
999	GCA_047199195.1	Species-Wide Reference Cohort	Escherichia coli	Complete Genome Reference	Stratified Clermont Phylogroup	NCBI Complete Genome Benchmark	ftp://ftp.ncbi.nlm.nih.gov/genomes/all/GCA/047/199/195/GCA_047199195.1_ASM4719919v1
1000	GCA_047199185.1	Species-Wide Reference Cohort	Escherichia coli	Complete Genome Reference	Stratified Clermont Phylogroup	NCBI Complete Genome Benchmark	ftp://ftp.ncbi.nlm.nih.gov/genomes/all/GCA/047/199/185/GCA_047199185.1_ASM4719918v1
1001	GCA_047199175.1	Species-Wide Reference Cohort	Escherichia coli	Complete Genome Reference	Stratified Clermont Phylogroup	NCBI Complete Genome Benchmark	ftp://ftp.ncbi.nlm.nih.gov/genomes/all/GCA/047/199/175/GCA_047199175.1_ASM4719917v1
1002	GCA_047199165.1	Species-Wide Reference Cohort	Escherichia coli	Complete Genome Reference	Stratified Clermont Phylogroup	NCBI Complete Genome Benchmark	ftp://ftp.ncbi.nlm.nih.gov/genomes/all/GCA/047/199/165/GCA_047199165.1_ASM4719916v1
1003	GCA_047199155.1	Species-Wide Reference Cohort	Escherichia coli	Complete Genome Reference	Stratified Clermont Phylogroup	NCBI Complete Genome Benchmark	ftp://ftp.ncbi.nlm.nih.gov/genomes/all/GCA/047/199/155/GCA_047199155.1_ASM4719915v1
1004	GCA_047199145.1	Species-Wide Reference Cohort	Escherichia coli	Complete Genome Reference	Stratified Clermont Phylogroup	NCBI Complete Genome Benchmark	ftp://ftp.ncbi.nlm.nih.gov/genomes/all/GCA/047/199/145/GCA_047199145.1_ASM4719914v1
1005	GCA_047199135.1	Species-Wide Reference Cohort	Escherichia coli	Complete Genome Reference	Stratified Clermont Phylogroup	NCBI Complete Genome Benchmark	ftp://ftp.ncbi.nlm.nih.gov/genomes/all/GCA/047/199/135/GCA_047199135.1_ASM4719913v1
1006	GCA_047199125.1	Species-Wide Reference Cohort	Escherichia coli	Complete Genome Reference	Stratified Clermont Phylogroup	NCBI Complete Genome Benchmark	ftp://ftp.ncbi.nlm.nih.gov/genomes/all/GCA/047/199/125/GCA_047199125.1_ASM4719912v1
1007	GCA_047199115.1	Species-Wide Reference Cohort	Escherichia coli	Complete Genome Reference	Stratified Clermont Phylogroup	NCBI Complete Genome Benchmark	ftp://ftp.ncbi.nlm.nih.gov/genomes/all/GCA/047/199/115/GCA_047199115.1_ASM4719911v1
1008	GCA_047199105.1	Species-Wide Reference Cohort	Escherichia coli	Complete Genome Reference	Stratified Clermont Phylogroup	NCBI Complete Genome Benchmark	ftp://ftp.ncbi.nlm.nih.gov/genomes/all/GCA/047/199/105/GCA_047199105.1_ASM4719910v1
1009	GCA_047199095.1	Species-Wide Reference Cohort	Escherichia coli	Complete Genome Reference	Stratified Clermont Phylogroup	NCBI Complete Genome Benchmark	ftp://ftp.ncbi.nlm.nih.gov/genomes/all/GCA/047/199/095/GCA_047199095.1_ASM4719909v1
1010	GCA_047199085.1	Species-Wide Reference Cohort	Escherichia coli	Complete Genome Reference	Stratified Clermont Phylogroup	NCBI Complete Genome Benchmark	ftp://ftp.ncbi.nlm.nih.gov/genomes/all/GCA/047/199/085/GCA_047199085.1_ASM4719908v1
1011	GCA_047199075.1	Species-Wide Reference Cohort	Escherichia coli	Complete Genome Reference	Stratified Clermont Phylogroup	NCBI Complete Genome Benchmark	ftp://ftp.ncbi.nlm.nih.gov/genomes/all/GCA/047/199/075/GCA_047199075.1_ASM4719907v1
1012	GCA_047199065.1	Species-Wide Reference Cohort	Escherichia coli	Complete Genome Reference	Stratified Clermont Phylogroup	NCBI Complete Genome Benchmark	ftp://ftp.ncbi.nlm.nih.gov/genomes/all/GCA/047/199/065/GCA_047199065.1_ASM4719906v1
1013	GCA_047199055.1	Species-Wide Reference Cohort	Escherichia coli	Complete Genome Reference	Stratified Clermont Phylogroup	NCBI Complete Genome Benchmark	ftp://ftp.ncbi.nlm.nih.gov/genomes/all/GCA/047/199/055/GCA_047199055.1_ASM4719905v1
1014	GCA_047199045.1	Species-Wide Reference Cohort	Escherichia coli	Complete Genome Reference	Stratified Clermont Phylogroup	NCBI Complete Genome Benchmark	ftp://ftp.ncbi.nlm.nih.gov/genomes/all/GCA/047/199/045/GCA_047199045.1_ASM4719904v1
1015	GCA_047199035.1	Species-Wide Reference Cohort	Escherichia coli	Complete Genome Reference	Stratified Clermont Phylogroup	NCBI Complete Genome Benchmark	ftp://ftp.ncbi.nlm.nih.gov/genomes/all/GCA/047/199/035/GCA_047199035.1_ASM4719903v1
1016	GCF_047118475.1	Species-Wide Reference Cohort	Escherichia coli	Complete Genome Reference	Stratified Clermont Phylogroup	NCBI Complete Genome Benchmark	ftp://ftp.ncbi.nlm.nih.gov/genomes/all/GCF/047/118/475/GCF_047118475.1_ASM4711847v1
1017	GCF_047115195.1	Species-Wide Reference Cohort	Escherichia coli	Complete Genome Reference	Stratified Clermont Phylogroup	NCBI Complete Genome Benchmark	ftp://ftp.ncbi.nlm.nih.gov/genomes/all/GCF/047/115/195/GCF_047115195.1_ASM4711519v1
1018	GCF_047115185.1	Species-Wide Reference Cohort	Escherichia coli	Complete Genome Reference	Stratified Clermont Phylogroup	NCBI Complete Genome Benchmark	ftp://ftp.ncbi.nlm.nih.gov/genomes/all/GCF/047/115/185/GCF_047115185.1_ASM4711518v1
1019	GCF_047046395.1	Species-Wide Reference Cohort	Escherichia coli	Complete Genome Reference	Stratified Clermont Phylogroup	NCBI Complete Genome Benchmark	ftp://ftp.ncbi.nlm.nih.gov/genomes/all/GCF/047/046/395/GCF_047046395.1_ASM4704639v1
1020	GCF_047041115.1	Species-Wide Reference Cohort	Escherichia coli	Complete Genome Reference	Stratified Clermont Phylogroup	NCBI Complete Genome Benchmark	ftp://ftp.ncbi.nlm.nih.gov/genomes/all/GCF/047/041/115/GCF_047041115.1_ASM4704111v1
1021	GCF_047038235.1	Species-Wide Reference Cohort	Escherichia coli	Complete Genome Reference	Stratified Clermont Phylogroup	NCBI Complete Genome Benchmark	ftp://ftp.ncbi.nlm.nih.gov/genomes/all/GCF/047/038/235/GCF_047038235.1_ASM4703823v1
1022	GCF_047037185.1	Species-Wide Reference Cohort	Escherichia coli	Complete Genome Reference	Stratified Clermont Phylogroup	NCBI Complete Genome Benchmark	ftp://ftp.ncbi.nlm.nih.gov/genomes/all/GCF/047/037/185/GCF_047037185.1_ASM4703718v1
1023	GCA_046764315.1	Species-Wide Reference Cohort	Escherichia coli	Complete Genome Reference	Stratified Clermont Phylogroup	NCBI Complete Genome Benchmark	ftp://ftp.ncbi.nlm.nih.gov/genomes/all/GCA/046/764/315/GCA_046764315.1_ASM4676431v1
1024	GCA_046764305.1	Species-Wide Reference Cohort	Escherichia coli	Complete Genome Reference	Stratified Clermont Phylogroup	NCBI Complete Genome Benchmark	ftp://ftp.ncbi.nlm.nih.gov/genomes/all/GCA/046/764/305/GCA_046764305.1_ASM4676430v1
1025	GCA_046764295.1	Species-Wide Reference Cohort	Escherichia coli	Complete Genome Reference	Stratified Clermont Phylogroup	NCBI Complete Genome Benchmark	ftp://ftp.ncbi.nlm.nih.gov/genomes/all/GCA/046/764/295/GCA_046764295.1_ASM4676429v1
1026	GCA_046764285.1	Species-Wide Reference Cohort	Escherichia coli	Complete Genome Reference	Stratified Clermont Phylogroup	NCBI Complete Genome Benchmark	ftp://ftp.ncbi.nlm.nih.gov/genomes/all/GCA/046/764/285/GCA_046764285.1_ASM4676428v1
1027	GCA_046764275.1	Species-Wide Reference Cohort	Escherichia coli	Complete Genome Reference	Stratified Clermont Phylogroup	NCBI Complete Genome Benchmark	ftp://ftp.ncbi.nlm.nih.gov/genomes/all/GCA/046/764/275/GCA_046764275.1_ASM4676427v1
1028	GCA_046764265.1	Species-Wide Reference Cohort	Escherichia coli	Complete Genome Reference	Stratified Clermont Phylogroup	NCBI Complete Genome Benchmark	ftp://ftp.ncbi.nlm.nih.gov/genomes/all/GCA/046/764/265/GCA_046764265.1_ASM4676426v1
1029	GCA_046764255.1	Species-Wide Reference Cohort	Escherichia coli	Complete Genome Reference	Stratified Clermont Phylogroup	NCBI Complete Genome Benchmark	ftp://ftp.ncbi.nlm.nih.gov/genomes/all/GCA/046/764/255/GCA_046764255.1_ASM4676425v1
1030	GCF_046736265.1	Species-Wide Reference Cohort	Escherichia coli	Complete Genome Reference	Stratified Clermont Phylogroup	NCBI Complete Genome Benchmark	ftp://ftp.ncbi.nlm.nih.gov/genomes/all/GCF/046/736/265/GCF_046736265.1_ASM4673626v1
1031	GCF_046713585.1	Species-Wide Reference Cohort	Escherichia coli	Complete Genome Reference	Stratified Clermont Phylogroup	NCBI Complete Genome Benchmark	ftp://ftp.ncbi.nlm.nih.gov/genomes/all/GCF/046/713/585/GCF_046713585.1_18AR0845
1032	GCF_046605345.1	Species-Wide Reference Cohort	Escherichia coli	Complete Genome Reference	Stratified Clermont Phylogroup	NCBI Complete Genome Benchmark	ftp://ftp.ncbi.nlm.nih.gov/genomes/all/GCF/046/605/345/GCF_046605345.1_ASM4660534v1
1033	GCF_046603975.1	Species-Wide Reference Cohort	Escherichia coli	Complete Genome Reference	Stratified Clermont Phylogroup	NCBI Complete Genome Benchmark	ftp://ftp.ncbi.nlm.nih.gov/genomes/all/GCF/046/603/975/GCF_046603975.1_ASM4660397v1
1034	GCF_046581395.1	Species-Wide Reference Cohort	Escherichia coli	Complete Genome Reference	Stratified Clermont Phylogroup	NCBI Complete Genome Benchmark	ftp://ftp.ncbi.nlm.nih.gov/genomes/all/GCF/046/581/395/GCF_046581395.1_ASM4658139v1
1035	GCF_046581385.1	Species-Wide Reference Cohort	Escherichia coli	Complete Genome Reference	Stratified Clermont Phylogroup	NCBI Complete Genome Benchmark	ftp://ftp.ncbi.nlm.nih.gov/genomes/all/GCF/046/581/385/GCF_046581385.1_ASM4658138v1
1036	GCF_046581375.1	Species-Wide Reference Cohort	Escherichia coli	Complete Genome Reference	Stratified Clermont Phylogroup	NCBI Complete Genome Benchmark	ftp://ftp.ncbi.nlm.nih.gov/genomes/all/GCF/046/581/375/GCF_046581375.1_ASM4658137v1
1037	GCF_046581325.1	Species-Wide Reference Cohort	Escherichia coli	Complete Genome Reference	Stratified Clermont Phylogroup	NCBI Complete Genome Benchmark	ftp://ftp.ncbi.nlm.nih.gov/genomes/all/GCF/046/581/325/GCF_046581325.1_ASM4658132v1
1038	GCF_046581315.1	Species-Wide Reference Cohort	Escherichia coli	Complete Genome Reference	Stratified Clermont Phylogroup	NCBI Complete Genome Benchmark	ftp://ftp.ncbi.nlm.nih.gov/genomes/all/GCF/046/581/315/GCF_046581315.1_ASM4658131v1
1039	GCA_046581235.1	Species-Wide Reference Cohort	Escherichia coli	Complete Genome Reference	Stratified Clermont Phylogroup	NCBI Complete Genome Benchmark	ftp://ftp.ncbi.nlm.nih.gov/genomes/all/GCA/046/581/235/GCA_046581235.1_446
1040	GCA_046581225.1	Species-Wide Reference Cohort	Escherichia coli	Complete Genome Reference	Stratified Clermont Phylogroup	NCBI Complete Genome Benchmark	ftp://ftp.ncbi.nlm.nih.gov/genomes/all/GCA/046/581/225/GCA_046581225.1_447
1041	GCA_046581215.1	Species-Wide Reference Cohort	Escherichia coli	Complete Genome Reference	Stratified Clermont Phylogroup	NCBI Complete Genome Benchmark	ftp://ftp.ncbi.nlm.nih.gov/genomes/all/GCA/046/581/215/GCA_046581215.1_448
1042	GCA_046581205.1	Species-Wide Reference Cohort	Escherichia coli	Complete Genome Reference	Stratified Clermont Phylogroup	NCBI Complete Genome Benchmark	ftp://ftp.ncbi.nlm.nih.gov/genomes/all/GCA/046/581/205/GCA_046581205.1_454
1043	GCA_046581195.1	Species-Wide Reference Cohort	Escherichia coli	Complete Genome Reference	Stratified Clermont Phylogroup	NCBI Complete Genome Benchmark	ftp://ftp.ncbi.nlm.nih.gov/genomes/all/GCA/046/581/195/GCA_046581195.1_456
1044	GCA_046581185.1	Species-Wide Reference Cohort	Escherichia coli	Complete Genome Reference	Stratified Clermont Phylogroup	NCBI Complete Genome Benchmark	ftp://ftp.ncbi.nlm.nih.gov/genomes/all/GCA/046/581/185/GCA_046581185.1_457
1045	GCA_046581175.1	Species-Wide Reference Cohort	Escherichia coli	Complete Genome Reference	Stratified Clermont Phylogroup	NCBI Complete Genome Benchmark	ftp://ftp.ncbi.nlm.nih.gov/genomes/all/GCA/046/581/175/GCA_046581175.1_459
1046	GCA_046581165.1	Species-Wide Reference Cohort	Escherichia coli	Complete Genome Reference	Stratified Clermont Phylogroup	NCBI Complete Genome Benchmark	ftp://ftp.ncbi.nlm.nih.gov/genomes/all/GCA/046/581/165/GCA_046581165.1_460
1047	GCA_046581155.1	Species-Wide Reference Cohort	Escherichia coli	Complete Genome Reference	Stratified Clermont Phylogroup	NCBI Complete Genome Benchmark	ftp://ftp.ncbi.nlm.nih.gov/genomes/all/GCA/046/581/155/GCA_046581155.1_463
1048	GCA_046581145.1	Species-Wide Reference Cohort	Escherichia coli	Complete Genome Reference	Stratified Clermont Phylogroup	NCBI Complete Genome Benchmark	ftp://ftp.ncbi.nlm.nih.gov/genomes/all/GCA/046/581/145/GCA_046581145.1_464
1049	GCA_046581115.1	Species-Wide Reference Cohort	Escherichia coli	Complete Genome Reference	Stratified Clermont Phylogroup	NCBI Complete Genome Benchmark	ftp://ftp.ncbi.nlm.nih.gov/genomes/all/GCA/046/581/115/GCA_046581115.1_468
1050	GCA_046581105.1	Species-Wide Reference Cohort	Escherichia coli	Complete Genome Reference	Stratified Clermont Phylogroup	NCBI Complete Genome Benchmark	ftp://ftp.ncbi.nlm.nih.gov/genomes/all/GCA/046/581/105/GCA_046581105.1_471
1051	GCA_046581095.1	Species-Wide Reference Cohort	Escherichia coli	Complete Genome Reference	Stratified Clermont Phylogroup	NCBI Complete Genome Benchmark	ftp://ftp.ncbi.nlm.nih.gov/genomes/all/GCA/046/581/095/GCA_046581095.1_474
1052	GCA_046581085.1	Species-Wide Reference Cohort	Escherichia coli	Complete Genome Reference	Stratified Clermont Phylogroup	NCBI Complete Genome Benchmark	ftp://ftp.ncbi.nlm.nih.gov/genomes/all/GCA/046/581/085/GCA_046581085.1_475
1053	GCA_046581055.1	Species-Wide Reference Cohort	Escherichia coli	Complete Genome Reference	Stratified Clermont Phylogroup	NCBI Complete Genome Benchmark	ftp://ftp.ncbi.nlm.nih.gov/genomes/all/GCA/046/581/055/GCA_046581055.1_476
1054	GCA_046581045.1	Species-Wide Reference Cohort	Escherichia coli	Complete Genome Reference	Stratified Clermont Phylogroup	NCBI Complete Genome Benchmark	ftp://ftp.ncbi.nlm.nih.gov/genomes/all/GCA/046/581/045/GCA_046581045.1_477
1055	GCA_046581035.1	Species-Wide Reference Cohort	Escherichia coli	Complete Genome Reference	Stratified Clermont Phylogroup	NCBI Complete Genome Benchmark	ftp://ftp.ncbi.nlm.nih.gov/genomes/all/GCA/046/581/035/GCA_046581035.1_479
1056	GCA_046581025.1	Species-Wide Reference Cohort	Escherichia coli	Complete Genome Reference	Stratified Clermont Phylogroup	NCBI Complete Genome Benchmark	ftp://ftp.ncbi.nlm.nih.gov/genomes/all/GCA/046/581/025/GCA_046581025.1_480
1057	GCA_046581015.1	Species-Wide Reference Cohort	Escherichia coli	Complete Genome Reference	Stratified Clermont Phylogroup	NCBI Complete Genome Benchmark	ftp://ftp.ncbi.nlm.nih.gov/genomes/all/GCA/046/581/015/GCA_046581015.1_483
1058	GCA_046581005.1	Species-Wide Reference Cohort	Escherichia coli	Complete Genome Reference	Stratified Clermont Phylogroup	NCBI Complete Genome Benchmark	ftp://ftp.ncbi.nlm.nih.gov/genomes/all/GCA/046/581/005/GCA_046581005.1_484
1059	GCA_046580495.1	Species-Wide Reference Cohort	Escherichia coli	Complete Genome Reference	Stratified Clermont Phylogroup	NCBI Complete Genome Benchmark	ftp://ftp.ncbi.nlm.nih.gov/genomes/all/GCA/046/580/495/GCA_046580495.1_485
1060	GCA_046580485.1	Species-Wide Reference Cohort	Escherichia coli	Complete Genome Reference	Stratified Clermont Phylogroup	NCBI Complete Genome Benchmark	ftp://ftp.ncbi.nlm.nih.gov/genomes/all/GCA/046/580/485/GCA_046580485.1_486
1061	GCA_046580475.1	Species-Wide Reference Cohort	Escherichia coli	Complete Genome Reference	Stratified Clermont Phylogroup	NCBI Complete Genome Benchmark	ftp://ftp.ncbi.nlm.nih.gov/genomes/all/GCA/046/580/475/GCA_046580475.1_487
1062	GCA_046580445.1	Species-Wide Reference Cohort	Escherichia coli	Complete Genome Reference	Stratified Clermont Phylogroup	NCBI Complete Genome Benchmark	ftp://ftp.ncbi.nlm.nih.gov/genomes/all/GCA/046/580/445/GCA_046580445.1_488
1063	GCA_046580435.1	Species-Wide Reference Cohort	Escherichia coli	Complete Genome Reference	Stratified Clermont Phylogroup	NCBI Complete Genome Benchmark	ftp://ftp.ncbi.nlm.nih.gov/genomes/all/GCA/046/580/435/GCA_046580435.1_489
1064	GCA_046580425.1	Species-Wide Reference Cohort	Escherichia coli	Complete Genome Reference	Stratified Clermont Phylogroup	NCBI Complete Genome Benchmark	ftp://ftp.ncbi.nlm.nih.gov/genomes/all/GCA/046/580/425/GCA_046580425.1_490
1065	GCA_046579815.1	Species-Wide Reference Cohort	Escherichia coli	Complete Genome Reference	Stratified Clermont Phylogroup	NCBI Complete Genome Benchmark	ftp://ftp.ncbi.nlm.nih.gov/genomes/all/GCA/046/579/815/GCA_046579815.1_491
1066	GCA_046579805.1	Species-Wide Reference Cohort	Escherichia coli	Complete Genome Reference	Stratified Clermont Phylogroup	NCBI Complete Genome Benchmark	ftp://ftp.ncbi.nlm.nih.gov/genomes/all/GCA/046/579/805/GCA_046579805.1_492
1067	GCA_046579755.1	Species-Wide Reference Cohort	Escherichia coli	Complete Genome Reference	Stratified Clermont Phylogroup	NCBI Complete Genome Benchmark	ftp://ftp.ncbi.nlm.nih.gov/genomes/all/GCA/046/579/755/GCA_046579755.1_494
1068	GCA_046579745.1	Species-Wide Reference Cohort	Escherichia coli	Complete Genome Reference	Stratified Clermont Phylogroup	NCBI Complete Genome Benchmark	ftp://ftp.ncbi.nlm.nih.gov/genomes/all/GCA/046/579/745/GCA_046579745.1_495
1069	GCA_046579695.1	Species-Wide Reference Cohort	Escherichia coli	Complete Genome Reference	Stratified Clermont Phylogroup	NCBI Complete Genome Benchmark	ftp://ftp.ncbi.nlm.nih.gov/genomes/all/GCA/046/579/695/GCA_046579695.1_500
1070	GCA_046579645.1	Species-Wide Reference Cohort	Escherichia coli	Complete Genome Reference	Stratified Clermont Phylogroup	NCBI Complete Genome Benchmark	ftp://ftp.ncbi.nlm.nih.gov/genomes/all/GCA/046/579/645/GCA_046579645.1_501
1071	GCA_046579615.1	Species-Wide Reference Cohort	Escherichia coli	Complete Genome Reference	Stratified Clermont Phylogroup	NCBI Complete Genome Benchmark	ftp://ftp.ncbi.nlm.nih.gov/genomes/all/GCA/046/579/615/GCA_046579615.1_510
1072	GCA_046579585.1	Species-Wide Reference Cohort	Escherichia coli	Complete Genome Reference	Stratified Clermont Phylogroup	NCBI Complete Genome Benchmark	ftp://ftp.ncbi.nlm.nih.gov/genomes/all/GCA/046/579/585/GCA_046579585.1_511
1073	GCA_046579575.1	Species-Wide Reference Cohort	Escherichia coli	Complete Genome Reference	Stratified Clermont Phylogroup	NCBI Complete Genome Benchmark	ftp://ftp.ncbi.nlm.nih.gov/genomes/all/GCA/046/579/575/GCA_046579575.1_512
1074	GCA_046579565.1	Species-Wide Reference Cohort	Escherichia coli	Complete Genome Reference	Stratified Clermont Phylogroup	NCBI Complete Genome Benchmark	ftp://ftp.ncbi.nlm.nih.gov/genomes/all/GCA/046/579/565/GCA_046579565.1_513
1075	GCA_046579535.1	Species-Wide Reference Cohort	Escherichia coli	Complete Genome Reference	Stratified Clermont Phylogroup	NCBI Complete Genome Benchmark	ftp://ftp.ncbi.nlm.nih.gov/genomes/all/GCA/046/579/535/GCA_046579535.1_516
1076	GCA_033441295.2	Species-Wide Reference Cohort	Escherichia coli	Complete Genome Reference	Stratified Clermont Phylogroup	NCBI Complete Genome Benchmark	ftp://ftp.ncbi.nlm.nih.gov/genomes/all/GCA/033/441/295/GCA_033441295.2_ASM3344129v2
1077	GCA_964262065.1	Species-Wide Reference Cohort	Escherichia coli	Complete Genome Reference	Stratified Clermont Phylogroup	NCBI Complete Genome Benchmark	ftp://ftp.ncbi.nlm.nih.gov/genomes/all/GCA/964/262/065/GCA_964262065.1_P07-38245_assembly
1078	GCA_964262735.1	Species-Wide Reference Cohort	Escherichia coli	Complete Genome Reference	Stratified Clermont Phylogroup	NCBI Complete Genome Benchmark	ftp://ftp.ncbi.nlm.nih.gov/genomes/all/GCA/964/262/735/GCA_964262735.1_P07-37739_assembly
1079	GCA_964261995.1	Species-Wide Reference Cohort	Escherichia coli	Complete Genome Reference	Stratified Clermont Phylogroup	NCBI Complete Genome Benchmark	ftp://ftp.ncbi.nlm.nih.gov/genomes/all/GCA/964/261/995/GCA_964261995.1_P16-35810_assembly
1080	GCA_964262325.1	Species-Wide Reference Cohort	Escherichia coli	Complete Genome Reference	Stratified Clermont Phylogroup	NCBI Complete Genome Benchmark	ftp://ftp.ncbi.nlm.nih.gov/genomes/all/GCA/964/262/325/GCA_964262325.1_P20-39095_assembly
1081	GCA_964262125.1	Species-Wide Reference Cohort	Escherichia coli	Complete Genome Reference	Stratified Clermont Phylogroup	NCBI Complete Genome Benchmark	ftp://ftp.ncbi.nlm.nih.gov/genomes/all/GCA/964/262/125/GCA_964262125.1_P14-37899_assembly
1082	GCA_964262565.1	Species-Wide Reference Cohort	Escherichia coli	Complete Genome Reference	Stratified Clermont Phylogroup	NCBI Complete Genome Benchmark	ftp://ftp.ncbi.nlm.nih.gov/genomes/all/GCA/964/262/565/GCA_964262565.1_P07-38829_assembly
1083	GCF_046272065.1	Species-Wide Reference Cohort	Escherichia coli	Complete Genome Reference	Stratified Clermont Phylogroup	NCBI Complete Genome Benchmark	ftp://ftp.ncbi.nlm.nih.gov/genomes/all/GCF/046/272/065/GCF_046272065.1_ASM4627206v1
1084	GCF_046272025.1	Species-Wide Reference Cohort	Escherichia coli	Complete Genome Reference	Stratified Clermont Phylogroup	NCBI Complete Genome Benchmark	ftp://ftp.ncbi.nlm.nih.gov/genomes/all/GCF/046/272/025/GCF_046272025.1_ASM4627202v1
1085	GCF_046250125.1	Species-Wide Reference Cohort	Escherichia coli	Complete Genome Reference	Stratified Clermont Phylogroup	NCBI Complete Genome Benchmark	ftp://ftp.ncbi.nlm.nih.gov/genomes/all/GCF/046/250/125/GCF_046250125.1_ASM4625012v1
1086	GCF_046250115.1	Species-Wide Reference Cohort	Escherichia coli	Complete Genome Reference	Stratified Clermont Phylogroup	NCBI Complete Genome Benchmark	ftp://ftp.ncbi.nlm.nih.gov/genomes/all/GCF/046/250/115/GCF_046250115.1_ASM4625011v1
1087	GCF_046250105.1	Species-Wide Reference Cohort	Escherichia coli	Complete Genome Reference	Stratified Clermont Phylogroup	NCBI Complete Genome Benchmark	ftp://ftp.ncbi.nlm.nih.gov/genomes/all/GCF/046/250/105/GCF_046250105.1_ASM4625010v1
1088	GCF_046198995.1	Species-Wide Reference Cohort	Escherichia coli	Complete Genome Reference	Stratified Clermont Phylogroup	NCBI Complete Genome Benchmark	ftp://ftp.ncbi.nlm.nih.gov/genomes/all/GCF/046/198/995/GCF_046198995.1_ASM4619899v1
1089	GCF_046108995.1	Species-Wide Reference Cohort	Escherichia coli	Complete Genome Reference	Stratified Clermont Phylogroup	NCBI Complete Genome Benchmark	ftp://ftp.ncbi.nlm.nih.gov/genomes/all/GCF/046/108/995/GCF_046108995.1_ASM4610899v1
1090	GCF_046108985.1	Species-Wide Reference Cohort	Escherichia coli	Complete Genome Reference	Stratified Clermont Phylogroup	NCBI Complete Genome Benchmark	ftp://ftp.ncbi.nlm.nih.gov/genomes/all/GCF/046/108/985/GCF_046108985.1_ASM4610898v1
1091	GCF_046108975.1	Species-Wide Reference Cohort	Escherichia coli	Complete Genome Reference	Stratified Clermont Phylogroup	NCBI Complete Genome Benchmark	ftp://ftp.ncbi.nlm.nih.gov/genomes/all/GCF/046/108/975/GCF_046108975.1_ASM4610897v1
1092	GCF_046107745.1	Species-Wide Reference Cohort	Escherichia coli	Complete Genome Reference	Stratified Clermont Phylogroup	NCBI Complete Genome Benchmark	ftp://ftp.ncbi.nlm.nih.gov/genomes/all/GCF/046/107/745/GCF_046107745.1_ASM4610774v1
1093	GCF_046107735.1	Species-Wide Reference Cohort	Escherichia coli	Complete Genome Reference	Stratified Clermont Phylogroup	NCBI Complete Genome Benchmark	ftp://ftp.ncbi.nlm.nih.gov/genomes/all/GCF/046/107/735/GCF_046107735.1_ASM4610773v1
1094	GCF_046107725.1	Species-Wide Reference Cohort	Escherichia coli	Complete Genome Reference	Stratified Clermont Phylogroup	NCBI Complete Genome Benchmark	ftp://ftp.ncbi.nlm.nih.gov/genomes/all/GCF/046/107/725/GCF_046107725.1_ASM4610772v1
1095	GCF_046107175.1	Species-Wide Reference Cohort	Escherichia coli	Complete Genome Reference	Stratified Clermont Phylogroup	NCBI Complete Genome Benchmark	ftp://ftp.ncbi.nlm.nih.gov/genomes/all/GCF/046/107/175/GCF_046107175.1_ASM4610717v1
1096	GCF_046107165.1	Species-Wide Reference Cohort	Escherichia coli	Complete Genome Reference	Stratified Clermont Phylogroup	NCBI Complete Genome Benchmark	ftp://ftp.ncbi.nlm.nih.gov/genomes/all/GCF/046/107/165/GCF_046107165.1_ASM4610716v1
1097	GCF_046107155.1	Species-Wide Reference Cohort	Escherichia coli	Complete Genome Reference	Stratified Clermont Phylogroup	NCBI Complete Genome Benchmark	ftp://ftp.ncbi.nlm.nih.gov/genomes/all/GCF/046/107/155/GCF_046107155.1_ASM4610715v1
1098	GCF_046106335.1	Species-Wide Reference Cohort	Escherichia coli	Complete Genome Reference	Stratified Clermont Phylogroup	NCBI Complete Genome Benchmark	ftp://ftp.ncbi.nlm.nih.gov/genomes/all/GCF/046/106/335/GCF_046106335.1_ASM4610633v1
1099	GCF_046106345.1	Species-Wide Reference Cohort	Escherichia coli	Complete Genome Reference	Stratified Clermont Phylogroup	NCBI Complete Genome Benchmark	ftp://ftp.ncbi.nlm.nih.gov/genomes/all/GCF/046/106/345/GCF_046106345.1_ASM4610634v1
1100	GCF_046106325.1	Species-Wide Reference Cohort	Escherichia coli	Complete Genome Reference	Stratified Clermont Phylogroup	NCBI Complete Genome Benchmark	ftp://ftp.ncbi.nlm.nih.gov/genomes/all/GCF/046/106/325/GCF_046106325.1_ASM4610632v1
1101	GCF_046106315.1	Species-Wide Reference Cohort	Escherichia coli	Complete Genome Reference	Stratified Clermont Phylogroup	NCBI Complete Genome Benchmark	ftp://ftp.ncbi.nlm.nih.gov/genomes/all/GCF/046/106/315/GCF_046106315.1_ASM4610631v1
1102	GCF_046106305.1	Species-Wide Reference Cohort	Escherichia coli	Complete Genome Reference	Stratified Clermont Phylogroup	NCBI Complete Genome Benchmark	ftp://ftp.ncbi.nlm.nih.gov/genomes/all/GCF/046/106/305/GCF_046106305.1_ASM4610630v1
1103	GCF_046105855.1	Species-Wide Reference Cohort	Escherichia coli	Complete Genome Reference	Stratified Clermont Phylogroup	NCBI Complete Genome Benchmark	ftp://ftp.ncbi.nlm.nih.gov/genomes/all/GCF/046/105/855/GCF_046105855.1_ASM4610585v1
1104	GCF_046105845.1	Species-Wide Reference Cohort	Escherichia coli	Complete Genome Reference	Stratified Clermont Phylogroup	NCBI Complete Genome Benchmark	ftp://ftp.ncbi.nlm.nih.gov/genomes/all/GCF/046/105/845/GCF_046105845.1_ASM4610584v1
1105	GCF_046097055.1	Species-Wide Reference Cohort	Escherichia coli	Complete Genome Reference	Stratified Clermont Phylogroup	NCBI Complete Genome Benchmark	ftp://ftp.ncbi.nlm.nih.gov/genomes/all/GCF/046/097/055/GCF_046097055.1_ASM4609705v1
1106	GCF_045920525.1	Species-Wide Reference Cohort	Escherichia coli	Complete Genome Reference	Stratified Clermont Phylogroup	NCBI Complete Genome Benchmark	ftp://ftp.ncbi.nlm.nih.gov/genomes/all/GCF/045/920/525/GCF_045920525.1_ASM4592052v1
1107	GCF_045920475.1	Species-Wide Reference Cohort	Escherichia coli	Complete Genome Reference	Stratified Clermont Phylogroup	NCBI Complete Genome Benchmark	ftp://ftp.ncbi.nlm.nih.gov/genomes/all/GCF/045/920/475/GCF_045920475.1_ASM4592047v1
1108	GCF_045866205.1	Species-Wide Reference Cohort	Escherichia coli	Complete Genome Reference	Stratified Clermont Phylogroup	NCBI Complete Genome Benchmark	ftp://ftp.ncbi.nlm.nih.gov/genomes/all/GCF/045/866/205/GCF_045866205.1_ASM4586620v1
1109	GCF_045801235.1	Species-Wide Reference Cohort	Escherichia coli	Complete Genome Reference	Stratified Clermont Phylogroup	NCBI Complete Genome Benchmark	ftp://ftp.ncbi.nlm.nih.gov/genomes/all/GCF/045/801/235/GCF_045801235.1_ASM4580123v1
1110	GCA_041462845.2	Species-Wide Reference Cohort	Escherichia coli	Complete Genome Reference	Stratified Clermont Phylogroup	NCBI Complete Genome Benchmark	ftp://ftp.ncbi.nlm.nih.gov/genomes/all/GCA/041/462/845/GCA_041462845.2_ASM4146284v2
1111	GCA_041462825.2	Species-Wide Reference Cohort	Escherichia coli	Complete Genome Reference	Stratified Clermont Phylogroup	NCBI Complete Genome Benchmark	ftp://ftp.ncbi.nlm.nih.gov/genomes/all/GCA/041/462/825/GCA_041462825.2_ASM4146282v2
1112	GCF_045689955.1	Species-Wide Reference Cohort	Escherichia coli	Complete Genome Reference	Stratified Clermont Phylogroup	NCBI Complete Genome Benchmark	ftp://ftp.ncbi.nlm.nih.gov/genomes/all/GCF/045/689/955/GCF_045689955.1_ASM4568995v1
1113	GCF_045689935.1	Species-Wide Reference Cohort	Escherichia coli	Complete Genome Reference	Stratified Clermont Phylogroup	NCBI Complete Genome Benchmark	ftp://ftp.ncbi.nlm.nih.gov/genomes/all/GCF/045/689/935/GCF_045689935.1_ASM4568993v1
1114	GCF_045689925.1	Species-Wide Reference Cohort	Escherichia coli	Complete Genome Reference	Stratified Clermont Phylogroup	NCBI Complete Genome Benchmark	ftp://ftp.ncbi.nlm.nih.gov/genomes/all/GCF/045/689/925/GCF_045689925.1_ASM4568992v1
1115	GCF_045689895.1	Species-Wide Reference Cohort	Escherichia coli	Complete Genome Reference	Stratified Clermont Phylogroup	NCBI Complete Genome Benchmark	ftp://ftp.ncbi.nlm.nih.gov/genomes/all/GCF/045/689/895/GCF_045689895.1_ASM4568989v1
1116	GCF_045689885.1	Species-Wide Reference Cohort	Escherichia coli	Complete Genome Reference	Stratified Clermont Phylogroup	NCBI Complete Genome Benchmark	ftp://ftp.ncbi.nlm.nih.gov/genomes/all/GCF/045/689/885/GCF_045689885.1_ASM4568988v1
1117	GCF_045689345.1	Species-Wide Reference Cohort	Escherichia coli	Complete Genome Reference	Stratified Clermont Phylogroup	NCBI Complete Genome Benchmark	ftp://ftp.ncbi.nlm.nih.gov/genomes/all/GCF/045/689/345/GCF_045689345.1_ASM4568934v1
1118	GCF_045674915.1	Species-Wide Reference Cohort	Escherichia coli	Complete Genome Reference	Stratified Clermont Phylogroup	NCBI Complete Genome Benchmark	ftp://ftp.ncbi.nlm.nih.gov/genomes/all/GCF/045/674/915/GCF_045674915.1_ASM4567491v1
1119	GCF_045674145.1	Species-Wide Reference Cohort	Escherichia coli	Complete Genome Reference	Stratified Clermont Phylogroup	NCBI Complete Genome Benchmark	ftp://ftp.ncbi.nlm.nih.gov/genomes/all/GCF/045/674/145/GCF_045674145.1_ASM4567414v1
1120	GCF_045674135.1	Species-Wide Reference Cohort	Escherichia coli	Complete Genome Reference	Stratified Clermont Phylogroup	NCBI Complete Genome Benchmark	ftp://ftp.ncbi.nlm.nih.gov/genomes/all/GCF/045/674/135/GCF_045674135.1_ASM4567413v1
1121	GCF_045674125.1	Species-Wide Reference Cohort	Escherichia coli	Complete Genome Reference	Stratified Clermont Phylogroup	NCBI Complete Genome Benchmark	ftp://ftp.ncbi.nlm.nih.gov/genomes/all/GCF/045/674/125/GCF_045674125.1_ASM4567412v1
1122	GCF_045673215.1	Species-Wide Reference Cohort	Escherichia coli	Complete Genome Reference	Stratified Clermont Phylogroup	NCBI Complete Genome Benchmark	ftp://ftp.ncbi.nlm.nih.gov/genomes/all/GCF/045/673/215/GCF_045673215.1_ASM4567321v1
1123	GCF_045673195.1	Species-Wide Reference Cohort	Escherichia coli	Complete Genome Reference	Stratified Clermont Phylogroup	NCBI Complete Genome Benchmark	ftp://ftp.ncbi.nlm.nih.gov/genomes/all/GCF/045/673/195/GCF_045673195.1_ASM4567319v1
1124	GCF_045672465.1	Species-Wide Reference Cohort	Escherichia coli	Complete Genome Reference	Stratified Clermont Phylogroup	NCBI Complete Genome Benchmark	ftp://ftp.ncbi.nlm.nih.gov/genomes/all/GCF/045/672/465/GCF_045672465.1_ASM4567246v1
1125	GCF_045672455.1	Species-Wide Reference Cohort	Escherichia coli	Complete Genome Reference	Stratified Clermont Phylogroup	NCBI Complete Genome Benchmark	ftp://ftp.ncbi.nlm.nih.gov/genomes/all/GCF/045/672/455/GCF_045672455.1_ASM4567245v1
1126	GCF_045672425.1	Species-Wide Reference Cohort	Escherichia coli	Complete Genome Reference	Stratified Clermont Phylogroup	NCBI Complete Genome Benchmark	ftp://ftp.ncbi.nlm.nih.gov/genomes/all/GCF/045/672/425/GCF_045672425.1_ASM4567242v1
1127	GCF_045517155.1	Species-Wide Reference Cohort	Escherichia coli	Complete Genome Reference	Stratified Clermont Phylogroup	NCBI Complete Genome Benchmark	ftp://ftp.ncbi.nlm.nih.gov/genomes/all/GCF/045/517/155/GCF_045517155.1_ASM4551715v1
1128	GCA_045516025.1	Species-Wide Reference Cohort	Escherichia coli	Complete Genome Reference	Stratified Clermont Phylogroup	NCBI Complete Genome Benchmark	ftp://ftp.ncbi.nlm.nih.gov/genomes/all/GCA/045/516/025/GCA_045516025.1_192
1129	GCF_045348765.1	Species-Wide Reference Cohort	Escherichia coli	Complete Genome Reference	Stratified Clermont Phylogroup	NCBI Complete Genome Benchmark	ftp://ftp.ncbi.nlm.nih.gov/genomes/all/GCF/045/348/765/GCF_045348765.1_ASM4534876v1
1130	GCF_045348755.1	Species-Wide Reference Cohort	Escherichia coli	Complete Genome Reference	Stratified Clermont Phylogroup	NCBI Complete Genome Benchmark	ftp://ftp.ncbi.nlm.nih.gov/genomes/all/GCF/045/348/755/GCF_045348755.1_ASM4534875v1
1131	GCF_045348745.1	Species-Wide Reference Cohort	Escherichia coli	Complete Genome Reference	Stratified Clermont Phylogroup	NCBI Complete Genome Benchmark	ftp://ftp.ncbi.nlm.nih.gov/genomes/all/GCF/045/348/745/GCF_045348745.1_ASM4534874v1
1132	GCF_045348715.1	Species-Wide Reference Cohort	Escherichia coli	Complete Genome Reference	Stratified Clermont Phylogroup	NCBI Complete Genome Benchmark	ftp://ftp.ncbi.nlm.nih.gov/genomes/all/GCF/045/348/715/GCF_045348715.1_ASM4534871v1
1133	GCF_045348685.1	Species-Wide Reference Cohort	Escherichia coli	Complete Genome Reference	Stratified Clermont Phylogroup	NCBI Complete Genome Benchmark	ftp://ftp.ncbi.nlm.nih.gov/genomes/all/GCF/045/348/685/GCF_045348685.1_ASM4534868v1
1134	GCF_045348595.1	Species-Wide Reference Cohort	Escherichia coli	Complete Genome Reference	Stratified Clermont Phylogroup	NCBI Complete Genome Benchmark	ftp://ftp.ncbi.nlm.nih.gov/genomes/all/GCF/045/348/595/GCF_045348595.1_ASM4534859v1
1135	GCF_045348315.1	Species-Wide Reference Cohort	Escherichia coli	Complete Genome Reference	Stratified Clermont Phylogroup	NCBI Complete Genome Benchmark	ftp://ftp.ncbi.nlm.nih.gov/genomes/all/GCF/045/348/315/GCF_045348315.1_MG1655_laclq-mcherry-km-nal
1136	GCF_045348035.1	Species-Wide Reference Cohort	Escherichia coli	Complete Genome Reference	Stratified Clermont Phylogroup	NCBI Complete Genome Benchmark	ftp://ftp.ncbi.nlm.nih.gov/genomes/all/GCF/045/348/035/GCF_045348035.1_ASM4534803v1
1137	GCF_045347945.1	Species-Wide Reference Cohort	Escherichia coli	Complete Genome Reference	Stratified Clermont Phylogroup	NCBI Complete Genome Benchmark	ftp://ftp.ncbi.nlm.nih.gov/genomes/all/GCF/045/347/945/GCF_045347945.1_ASM4534794v1
1138	GCF_045347625.1	Species-Wide Reference Cohort	Escherichia coli	Complete Genome Reference	Stratified Clermont Phylogroup	NCBI Complete Genome Benchmark	ftp://ftp.ncbi.nlm.nih.gov/genomes/all/GCF/045/347/625/GCF_045347625.1_ASM4534762v1
1139	GCF_045345065.1	Species-Wide Reference Cohort	Escherichia coli	Complete Genome Reference	Stratified Clermont Phylogroup	NCBI Complete Genome Benchmark	ftp://ftp.ncbi.nlm.nih.gov/genomes/all/GCF/045/345/065/GCF_045345065.1_ASM4534506v1
1140	GCF_045344995.1	Species-Wide Reference Cohort	Escherichia coli	Complete Genome Reference	Stratified Clermont Phylogroup	NCBI Complete Genome Benchmark	ftp://ftp.ncbi.nlm.nih.gov/genomes/all/GCF/045/344/995/GCF_045344995.1_ASM4534499v1
1141	GCF_045344925.1	Species-Wide Reference Cohort	Escherichia coli	Complete Genome Reference	Stratified Clermont Phylogroup	NCBI Complete Genome Benchmark	ftp://ftp.ncbi.nlm.nih.gov/genomes/all/GCF/045/344/925/GCF_045344925.1_ASM4534492v1
1142	GCF_045344835.1	Species-Wide Reference Cohort	Escherichia coli	Complete Genome Reference	Stratified Clermont Phylogroup	NCBI Complete Genome Benchmark	ftp://ftp.ncbi.nlm.nih.gov/genomes/all/GCF/045/344/835/GCF_045344835.1_ASM4534483v1
1143	GCF_045344805.1	Species-Wide Reference Cohort	Escherichia coli	Complete Genome Reference	Stratified Clermont Phylogroup	NCBI Complete Genome Benchmark	ftp://ftp.ncbi.nlm.nih.gov/genomes/all/GCF/045/344/805/GCF_045344805.1_ASM4534480v1
1144	GCA_045344735.1	Species-Wide Reference Cohort	Escherichia coli	Complete Genome Reference	Stratified Clermont Phylogroup	NCBI Complete Genome Benchmark	ftp://ftp.ncbi.nlm.nih.gov/genomes/all/GCA/045/344/735/GCA_045344735.1_ASM4534473v1
1145	GCF_045344725.1	Species-Wide Reference Cohort	Escherichia coli	Complete Genome Reference	Stratified Clermont Phylogroup	NCBI Complete Genome Benchmark	ftp://ftp.ncbi.nlm.nih.gov/genomes/all/GCF/045/344/725/GCF_045344725.1_ASM4534472v1
1146	GCF_045344615.1	Species-Wide Reference Cohort	Escherichia coli	Complete Genome Reference	Stratified Clermont Phylogroup	NCBI Complete Genome Benchmark	ftp://ftp.ncbi.nlm.nih.gov/genomes/all/GCF/045/344/615/GCF_045344615.1_ASM4534461v1
1147	GCF_045344605.1	Species-Wide Reference Cohort	Escherichia coli	Complete Genome Reference	Stratified Clermont Phylogroup	NCBI Complete Genome Benchmark	ftp://ftp.ncbi.nlm.nih.gov/genomes/all/GCF/045/344/605/GCF_045344605.1_ASM4534460v1
1148	GCF_045344595.1	Species-Wide Reference Cohort	Escherichia coli	Complete Genome Reference	Stratified Clermont Phylogroup	NCBI Complete Genome Benchmark	ftp://ftp.ncbi.nlm.nih.gov/genomes/all/GCF/045/344/595/GCF_045344595.1_ASM4534459v1
1149	GCF_045344585.1	Species-Wide Reference Cohort	Escherichia coli	Complete Genome Reference	Stratified Clermont Phylogroup	NCBI Complete Genome Benchmark	ftp://ftp.ncbi.nlm.nih.gov/genomes/all/GCF/045/344/585/GCF_045344585.1_ASM4534458v1
1150	GCA_045344575.1	Species-Wide Reference Cohort	Escherichia coli	Complete Genome Reference	Stratified Clermont Phylogroup	NCBI Complete Genome Benchmark	ftp://ftp.ncbi.nlm.nih.gov/genomes/all/GCA/045/344/575/GCA_045344575.1_ASM4534457v1
1151	GCA_045344565.1	Species-Wide Reference Cohort	Escherichia coli	Complete Genome Reference	Stratified Clermont Phylogroup	NCBI Complete Genome Benchmark	ftp://ftp.ncbi.nlm.nih.gov/genomes/all/GCA/045/344/565/GCA_045344565.1_ASM4534456v1
1152	GCA_045344555.1	Species-Wide Reference Cohort	Escherichia coli	Complete Genome Reference	Stratified Clermont Phylogroup	NCBI Complete Genome Benchmark	ftp://ftp.ncbi.nlm.nih.gov/genomes/all/GCA/045/344/555/GCA_045344555.1_ASM4534455v1
1153	GCA_045344545.1	Species-Wide Reference Cohort	Escherichia coli	Complete Genome Reference	Stratified Clermont Phylogroup	NCBI Complete Genome Benchmark	ftp://ftp.ncbi.nlm.nih.gov/genomes/all/GCA/045/344/545/GCA_045344545.1_ASM4534454v1
1154	GCA_045344535.1	Species-Wide Reference Cohort	Escherichia coli	Complete Genome Reference	Stratified Clermont Phylogroup	NCBI Complete Genome Benchmark	ftp://ftp.ncbi.nlm.nih.gov/genomes/all/GCA/045/344/535/GCA_045344535.1_ASM4534453v1
1155	GCA_045344525.1	Species-Wide Reference Cohort	Escherichia coli	Complete Genome Reference	Stratified Clermont Phylogroup	NCBI Complete Genome Benchmark	ftp://ftp.ncbi.nlm.nih.gov/genomes/all/GCA/045/344/525/GCA_045344525.1_ASM4534452v1
1156	GCA_045344515.1	Species-Wide Reference Cohort	Escherichia coli	Complete Genome Reference	Stratified Clermont Phylogroup	NCBI Complete Genome Benchmark	ftp://ftp.ncbi.nlm.nih.gov/genomes/all/GCA/045/344/515/GCA_045344515.1_ASM4534451v1
1157	GCF_045344505.1	Species-Wide Reference Cohort	Escherichia coli	Complete Genome Reference	Stratified Clermont Phylogroup	NCBI Complete Genome Benchmark	ftp://ftp.ncbi.nlm.nih.gov/genomes/all/GCF/045/344/505/GCF_045344505.1_ASM4534450v1
1158	GCF_045344495.1	Species-Wide Reference Cohort	Escherichia coli	Complete Genome Reference	Stratified Clermont Phylogroup	NCBI Complete Genome Benchmark	ftp://ftp.ncbi.nlm.nih.gov/genomes/all/GCF/045/344/495/GCF_045344495.1_ASM4534449v1
1159	GCF_045344485.1	Species-Wide Reference Cohort	Escherichia coli	Complete Genome Reference	Stratified Clermont Phylogroup	NCBI Complete Genome Benchmark	ftp://ftp.ncbi.nlm.nih.gov/genomes/all/GCF/045/344/485/GCF_045344485.1_ASM4534448v1
1160	GCF_045343875.1	Species-Wide Reference Cohort	Escherichia coli	Complete Genome Reference	Stratified Clermont Phylogroup	NCBI Complete Genome Benchmark	ftp://ftp.ncbi.nlm.nih.gov/genomes/all/GCF/045/343/875/GCF_045343875.1_ASM4534387v1
1161	GCF_045343865.1	Species-Wide Reference Cohort	Escherichia coli	Complete Genome Reference	Stratified Clermont Phylogroup	NCBI Complete Genome Benchmark	ftp://ftp.ncbi.nlm.nih.gov/genomes/all/GCF/045/343/865/GCF_045343865.1_ASM4534386v1
1162	GCF_045290285.1	Species-Wide Reference Cohort	Escherichia coli	Complete Genome Reference	Stratified Clermont Phylogroup	NCBI Complete Genome Benchmark	ftp://ftp.ncbi.nlm.nih.gov/genomes/all/GCF/045/290/285/GCF_045290285.1_ASM4529028v1
1163	GCF_045290265.1	Species-Wide Reference Cohort	Escherichia coli	Complete Genome Reference	Stratified Clermont Phylogroup	NCBI Complete Genome Benchmark	ftp://ftp.ncbi.nlm.nih.gov/genomes/all/GCF/045/290/265/GCF_045290265.1_ASM4529026v1
1164	GCF_045288285.1	Species-Wide Reference Cohort	Escherichia coli	Complete Genome Reference	Stratified Clermont Phylogroup	NCBI Complete Genome Benchmark	ftp://ftp.ncbi.nlm.nih.gov/genomes/all/GCF/045/288/285/GCF_045288285.1_ASM4528828v1
1165	GCF_045288035.1	Species-Wide Reference Cohort	Escherichia coli	Complete Genome Reference	Stratified Clermont Phylogroup	NCBI Complete Genome Benchmark	ftp://ftp.ncbi.nlm.nih.gov/genomes/all/GCF/045/288/035/GCF_045288035.1_ATCC_25922_202309
1166	GCF_045287825.1	Species-Wide Reference Cohort	Escherichia coli	Complete Genome Reference	Stratified Clermont Phylogroup	NCBI Complete Genome Benchmark	ftp://ftp.ncbi.nlm.nih.gov/genomes/all/GCF/045/287/825/GCF_045287825.1_ASM4528782v1
1167	GCF_045278825.1	Species-Wide Reference Cohort	Escherichia coli	Complete Genome Reference	Stratified Clermont Phylogroup	NCBI Complete Genome Benchmark	ftp://ftp.ncbi.nlm.nih.gov/genomes/all/GCF/045/278/825/GCF_045278825.1_ASM4527882v1
1168	GCF_045278745.1	Species-Wide Reference Cohort	Escherichia coli	Complete Genome Reference	Stratified Clermont Phylogroup	NCBI Complete Genome Benchmark	ftp://ftp.ncbi.nlm.nih.gov/genomes/all/GCF/045/278/745/GCF_045278745.1_ASM4527874v1
1169	GCF_045278015.1	Species-Wide Reference Cohort	Escherichia coli	Complete Genome Reference	Stratified Clermont Phylogroup	NCBI Complete Genome Benchmark	ftp://ftp.ncbi.nlm.nih.gov/genomes/all/GCF/045/278/015/GCF_045278015.1_ASM4527801v1
1170	GCF_045277255.1	Species-Wide Reference Cohort	Escherichia coli	Complete Genome Reference	Stratified Clermont Phylogroup	NCBI Complete Genome Benchmark	ftp://ftp.ncbi.nlm.nih.gov/genomes/all/GCF/045/277/255/GCF_045277255.1_ASM4527725v1
1171	GCF_045277085.1	Species-Wide Reference Cohort	Escherichia coli	Complete Genome Reference	Stratified Clermont Phylogroup	NCBI Complete Genome Benchmark	ftp://ftp.ncbi.nlm.nih.gov/genomes/all/GCF/045/277/085/GCF_045277085.1_ASM4527708v1
1172	GCF_045182765.1	Species-Wide Reference Cohort	Escherichia coli	Complete Genome Reference	Stratified Clermont Phylogroup	NCBI Complete Genome Benchmark	ftp://ftp.ncbi.nlm.nih.gov/genomes/all/GCF/045/182/765/GCF_045182765.1_ASM4518276v1
1173	GCF_045037825.1	Species-Wide Reference Cohort	Escherichia coli	Complete Genome Reference	Stratified Clermont Phylogroup	NCBI Complete Genome Benchmark	ftp://ftp.ncbi.nlm.nih.gov/genomes/all/GCF/045/037/825/GCF_045037825.1_ASM4503782v1
1174	GCF_045037815.1	Species-Wide Reference Cohort	Escherichia coli	Complete Genome Reference	Stratified Clermont Phylogroup	NCBI Complete Genome Benchmark	ftp://ftp.ncbi.nlm.nih.gov/genomes/all/GCF/045/037/815/GCF_045037815.1_ASM4503781v1
1175	GCF_045037745.1	Species-Wide Reference Cohort	Escherichia coli	Complete Genome Reference	Stratified Clermont Phylogroup	NCBI Complete Genome Benchmark	ftp://ftp.ncbi.nlm.nih.gov/genomes/all/GCF/045/037/745/GCF_045037745.1_ASM4503774v1
1176	GCF_045037715.1	Species-Wide Reference Cohort	Escherichia coli	Complete Genome Reference	Stratified Clermont Phylogroup	NCBI Complete Genome Benchmark	ftp://ftp.ncbi.nlm.nih.gov/genomes/all/GCF/045/037/715/GCF_045037715.1_ASM4503771v1
1177	GCF_045037705.1	Species-Wide Reference Cohort	Escherichia coli	Complete Genome Reference	Stratified Clermont Phylogroup	NCBI Complete Genome Benchmark	ftp://ftp.ncbi.nlm.nih.gov/genomes/all/GCF/045/037/705/GCF_045037705.1_ASM4503770v1
1178	GCF_045037695.1	Species-Wide Reference Cohort	Escherichia coli	Complete Genome Reference	Stratified Clermont Phylogroup	NCBI Complete Genome Benchmark	ftp://ftp.ncbi.nlm.nih.gov/genomes/all/GCF/045/037/695/GCF_045037695.1_ASM4503769v1
1179	GCF_045037685.1	Species-Wide Reference Cohort	Escherichia coli	Complete Genome Reference	Stratified Clermont Phylogroup	NCBI Complete Genome Benchmark	ftp://ftp.ncbi.nlm.nih.gov/genomes/all/GCF/045/037/685/GCF_045037685.1_ASM4503768v1
1180	GCF_045037675.1	Species-Wide Reference Cohort	Escherichia coli	Complete Genome Reference	Stratified Clermont Phylogroup	NCBI Complete Genome Benchmark	ftp://ftp.ncbi.nlm.nih.gov/genomes/all/GCF/045/037/675/GCF_045037675.1_ASM4503767v1
1181	GCF_045037655.1	Species-Wide Reference Cohort	Escherichia coli	Complete Genome Reference	Stratified Clermont Phylogroup	NCBI Complete Genome Benchmark	ftp://ftp.ncbi.nlm.nih.gov/genomes/all/GCF/045/037/655/GCF_045037655.1_ASM4503765v1
1182	GCF_045037625.1	Species-Wide Reference Cohort	Escherichia coli	Complete Genome Reference	Stratified Clermont Phylogroup	NCBI Complete Genome Benchmark	ftp://ftp.ncbi.nlm.nih.gov/genomes/all/GCF/045/037/625/GCF_045037625.1_ASM4503762v1
1183	GCF_045037605.1	Species-Wide Reference Cohort	Escherichia coli	Complete Genome Reference	Stratified Clermont Phylogroup	NCBI Complete Genome Benchmark	ftp://ftp.ncbi.nlm.nih.gov/genomes/all/GCF/045/037/605/GCF_045037605.1_ASM4503760v1
1184	GCF_045037595.1	Species-Wide Reference Cohort	Escherichia coli	Complete Genome Reference	Stratified Clermont Phylogroup	NCBI Complete Genome Benchmark	ftp://ftp.ncbi.nlm.nih.gov/genomes/all/GCF/045/037/595/GCF_045037595.1_ASM4503759v1
1185	GCF_045037585.1	Species-Wide Reference Cohort	Escherichia coli	Complete Genome Reference	Stratified Clermont Phylogroup	NCBI Complete Genome Benchmark	ftp://ftp.ncbi.nlm.nih.gov/genomes/all/GCF/045/037/585/GCF_045037585.1_ASM4503758v1
1186	GCF_045037575.1	Species-Wide Reference Cohort	Escherichia coli	Complete Genome Reference	Stratified Clermont Phylogroup	NCBI Complete Genome Benchmark	ftp://ftp.ncbi.nlm.nih.gov/genomes/all/GCF/045/037/575/GCF_045037575.1_ASM4503757v1
1187	GCF_045037565.1	Species-Wide Reference Cohort	Escherichia coli	Complete Genome Reference	Stratified Clermont Phylogroup	NCBI Complete Genome Benchmark	ftp://ftp.ncbi.nlm.nih.gov/genomes/all/GCF/045/037/565/GCF_045037565.1_ASM4503756v1
1188	GCF_045037555.1	Species-Wide Reference Cohort	Escherichia coli	Complete Genome Reference	Stratified Clermont Phylogroup	NCBI Complete Genome Benchmark	ftp://ftp.ncbi.nlm.nih.gov/genomes/all/GCF/045/037/555/GCF_045037555.1_ASM4503755v1
1189	GCF_045037545.1	Species-Wide Reference Cohort	Escherichia coli	Complete Genome Reference	Stratified Clermont Phylogroup	NCBI Complete Genome Benchmark	ftp://ftp.ncbi.nlm.nih.gov/genomes/all/GCF/045/037/545/GCF_045037545.1_ASM4503754v1
1190	GCF_045037535.1	Species-Wide Reference Cohort	Escherichia coli	Complete Genome Reference	Stratified Clermont Phylogroup	NCBI Complete Genome Benchmark	ftp://ftp.ncbi.nlm.nih.gov/genomes/all/GCF/045/037/535/GCF_045037535.1_ASM4503753v1
1191	GCF_045037525.1	Species-Wide Reference Cohort	Escherichia coli	Complete Genome Reference	Stratified Clermont Phylogroup	NCBI Complete Genome Benchmark	ftp://ftp.ncbi.nlm.nih.gov/genomes/all/GCF/045/037/525/GCF_045037525.1_ASM4503752v1
1192	GCF_045037515.1	Species-Wide Reference Cohort	Escherichia coli	Complete Genome Reference	Stratified Clermont Phylogroup	NCBI Complete Genome Benchmark	ftp://ftp.ncbi.nlm.nih.gov/genomes/all/GCF/045/037/515/GCF_045037515.1_ASM4503751v1
1193	GCF_045037505.1	Species-Wide Reference Cohort	Escherichia coli	Complete Genome Reference	Stratified Clermont Phylogroup	NCBI Complete Genome Benchmark	ftp://ftp.ncbi.nlm.nih.gov/genomes/all/GCF/045/037/505/GCF_045037505.1_ASM4503750v1
1194	GCF_045037495.1	Species-Wide Reference Cohort	Escherichia coli	Complete Genome Reference	Stratified Clermont Phylogroup	NCBI Complete Genome Benchmark	ftp://ftp.ncbi.nlm.nih.gov/genomes/all/GCF/045/037/495/GCF_045037495.1_ASM4503749v1
1195	GCF_045037485.1	Species-Wide Reference Cohort	Escherichia coli	Complete Genome Reference	Stratified Clermont Phylogroup	NCBI Complete Genome Benchmark	ftp://ftp.ncbi.nlm.nih.gov/genomes/all/GCF/045/037/485/GCF_045037485.1_ASM4503748v1
1196	GCF_045037475.1	Species-Wide Reference Cohort	Escherichia coli	Complete Genome Reference	Stratified Clermont Phylogroup	NCBI Complete Genome Benchmark	ftp://ftp.ncbi.nlm.nih.gov/genomes/all/GCF/045/037/475/GCF_045037475.1_ASM4503747v1
1197	GCF_045037465.1	Species-Wide Reference Cohort	Escherichia coli	Complete Genome Reference	Stratified Clermont Phylogroup	NCBI Complete Genome Benchmark	ftp://ftp.ncbi.nlm.nih.gov/genomes/all/GCF/045/037/465/GCF_045037465.1_ASM4503746v1
1198	GCF_045037445.1	Species-Wide Reference Cohort	Escherichia coli	Complete Genome Reference	Stratified Clermont Phylogroup	NCBI Complete Genome Benchmark	ftp://ftp.ncbi.nlm.nih.gov/genomes/all/GCF/045/037/445/GCF_045037445.1_ASM4503744v1
1199	GCF_045037435.1	Species-Wide Reference Cohort	Escherichia coli	Complete Genome Reference	Stratified Clermont Phylogroup	NCBI Complete Genome Benchmark	ftp://ftp.ncbi.nlm.nih.gov/genomes/all/GCF/045/037/435/GCF_045037435.1_ASM4503743v1
1200	GCF_045037425.1	Species-Wide Reference Cohort	Escherichia coli	Complete Genome Reference	Stratified Clermont Phylogroup	NCBI Complete Genome Benchmark	ftp://ftp.ncbi.nlm.nih.gov/genomes/all/GCF/045/037/425/GCF_045037425.1_ASM4503742v1
1201	GCF_045037415.1	Species-Wide Reference Cohort	Escherichia coli	Complete Genome Reference	Stratified Clermont Phylogroup	NCBI Complete Genome Benchmark	ftp://ftp.ncbi.nlm.nih.gov/genomes/all/GCF/045/037/415/GCF_045037415.1_ASM4503741v1
